corpus_id,score,date,source,article,has-event,has-location,has-space-type
526262,0.749631345,1843-03-11,star,"is concerned, we had no complaint to make.  Nathan Fryer, examined by Mr. Hileyard—I am foreman of the blacksmiths at the Bridgewater works, near Worsley. On the morning of the 11th of August, a number of persons assembled at the works. Morrison was there, and spoke to the inspector. Mr. Smith and Mr. Pearson are the managers of the works. The latter had a communication with the mob, and he then ordered them off, and said he would send the men belonging to the works to them. I went to hear what happened. Morrison spoke, and alluded to the distress that was existing, and said that although we might think ourselves well off, the distress would ultimately reach us. He said it was now our duty to sympathise with them, and he added that if we did not turn out quietly, they would bring a body of men to compel us. Eccles also addressed the meeting. He said they came like a clock, and gave warning before they struck. In consequence of what passed, our men were ordered to cease working. The same afternoon I was at a meeting at Eccles. It struck me that the mob was the same. The meeting was addressed by McCartney, one of the defendants. I don't know who the chairman was. McCartney began by addressing them as ""fellow-slaves,"" and said, ""this is the beginning of the end: this is a struggle between rampant capital and prostrate labour."" He informed them that at a meeting of delegates, held at Manchester, it was determined that they would not identify themselves with any class that were turned out for an advance of wages. The Charter was referred to, and he said the struggle must be purely political, and that all labour must cease until the Charter had become the law of the land. He mentioned many places, and said """,TRUE,TRUE,TRUE
895228,0.744991481,1841-11-06,star,"STALYBRIDGE.—A public meeting was held in the People’s School here on Monday evening last, when the National Petition was read and adopted; after which, Mr. James Leach, of Manchester, delivered an address, exposing the fallacies of the Corn Law repealers. A Corn Law lecture had been previously delivered in the town, by a Mr. Spencer, to about half a dozen of the middle classes; the Chartists, however, upset his meeting.  WOOLWICH.—STRIKE OF THE MASONS.—A public meeting of the inhabitants of Woolwich was held on Thursday evening, Oct. 28th, in the theatre of that town, for the purpose of laying before the inhabitants every particular connected with the strike of the masons at the New Houses of Parliament, Nelson’s Monument, and Woolwich Dock Yard, also, to take into consideration the conduct of a portion of the metropolitan press. The meeting was called for seven o’clock, and long before that hour, the theatre was thronged in every part, the boxes being filled with well-dressed females. Mr. Maddox was called to the chair, and the meeting was addressed by Mr. Davies, Mr. Carter, Mr. Wood, Mr. Parker, Mr. Walton, Dr. McDouall, Captain Aokerley, and others. The meeting consisted of about a thousand persons. We are obliged to the kindness of a friend for furnishing us with a long report of this meeting, a favour which would have been greatly enhanced had it reached us before Thursday morning last; just one week after the meeting had been held, and too late to be made use of at length for the Star.",TRUE,TRUE,TRUE
625534,0.74278295,1845-05-31,star,"Mr. S. Crawfurn presented a petition, signed by upwards of 1,000 persons at Liverpool, on the subject of the resolutions of the noble lord the member for London, stating that some of them were objectionable as having no bearing upon the petitions which had been signed by millions of the people, and presented to that house; and stating also, that no adequate relief would be afforded unless by the means of extensive alterations in the existing laws. The hon. member also presented petitions from Edin- burgh, Kettering, and other places to the same effect.  Mr. Fenauxn presented a petition from the Frame- work-knitters' delegates of the counties of Notting- ham, Derby, and Leicester, assembled in Nottingham on the 28th day of April, 1845, complaining that their labour is reduced in value by over-producing machine power; that they are suffering the greatest destitution; and that, as a measure of justice, they pray for the earnest consideration of the house on this important subject, or the results to society might in a short period be dreadful. They also prayed for certain alterations in the Field Gardens Bill, which would enable them to live without the continual fear of being forced into a union workhouse or starved to death. The hon. member also presented three petitions from factory workers in the employ of Mr. Richard Smethurst, in the parish of Chorley, in favour of a Ten Hours' Bill; and a petition from the sawyers of Rochdale, praying for a tax on steam saw-mills. The hon. member next presented a petition signed by 3,328 silk handloom weavers of Middleton and the townships and villages adjacent thereto, in the county of Lancaster, stating that they were subjected to indescribable suffering and distress in consequence of the want of a proper law to protect their labour—that they con",TRUE,TRUE,FALSE
391392,0.741237283,1843-03-18,star,"see no cause for complaint, or, at least, no causing blocks out of the way of the League. The League, however, is not likely to give up the high in existing prejudice. The League, it is understood, has been formed by Mr. Richard Dawson, Robert, Balfour, and others, with the object of opposing the extension of the franchise. The meeting was held at the Freemasons' Tavern, Fleet-street, on Monday evening, and was attended by a large number of persons, who were addressed by the Chairman and others. The League has been formed to resist the extension of the franchise, and to oppose the admission of the working classes to the suffrage. The League is formed to resist the extension of the franchise, and to oppose the admission of the working classes to the suffrage. The League is formed to resist the extension of the franchise, and to oppose the admission of the working classes to the suffrage. The League is formed to resist the extension of the franchise, and to oppose the admission of the working classes to the suffrage. The League is formed to resist the extension of the franchise, and to oppose the admission of the working classes to the suffrage. The League is formed to resist the extension of the franchise, and to oppose the admission of the working classes to the suffrage. The League is formed to resist the extension of the franchise, and to oppose the admission of the working classes to the suffrage. The League is formed to resist the extension of the franchise, and to oppose the admission of the working classes to the suffrage. The League is formed to resist the extension of the franchise, and to oppose the admission of the working classes to the suffrage. The League is formed to resist the extension of the franchise, and to oppose the admission of the working classes to the suffrage. The League is formed to resist the extension of the franchise, and to oppose the admission of the working",TRUE,TRUE,TRUE
817816,0.720611989,1842-10-01,star,"A public conversational meeting was held on Thursday evening week, at the Ship Inn, Long Lane, Bermondsey.  Mr. SNAGS was called to the chair, and opened the proceedings by informing the assembly that it was an adjourned meeting from the previous week, and that its object was to endeavour to effect a union between the Metropolitan Reform Association and the Chartists.  Mr. MAYNARD moved the following resolution:—  ""That this meeting cannot but feel, with horror and alarm, the present awful distressed state of the country, in which not only the working classes, but the manufacturers and the small capitalists, are alike upon the brink of ruin; and being convinced that the cause of this distress is class legislation, we feel assured that no permanent good will arise until the People's Charter becomes the law of the land, which would soon be accomplished by an honest union of the middle and working classes directing their energies for this great object.""",TRUE,TRUE,TRUE
746042,0.712608576,1845-08-23,star,"On Thursday I proceeded to Burnley, and was met at Blackburn with a coach and four very handsome grey horses, an expense which I would rather had been spared. However, I do not the less appreciate the compliment of my warm-hearted friends. Mr. Sutcliffe and Mr. Shutt came to Blackburn for me. On our passage we were cheered by groups of slaves; and when we arrived at Padiham, the concourse was so large that I was compelled to address them at some length. From thence to Blackburn, three miles, we were cheered all along the road by groups of slaves who had been released from the hard day's toil. Shortly after my arrival a very splendid band played some Chartist airs, and in less than a quarter of an hour a great part of the population of Burnley and surrounding districts was assembled in front of my hotel. Healed by the band, we proceeded to the Temperance Hotel, which had been filled for some time before; our old friend, John Place, was called to the chair. Mr. Beesley was first introduced, and spoke briefly upon the value of union, and of the land, as a means of acquiring social happiness and political freedom. I followed, and spoke at considerable length; in fact, until, as in every other place, every stitch on my back, and even my boots, were awet as if they had been soaked in a river. They tell me that my speech gave universal satisfaction; and the result may be seen in £10 acknowledged this week for the Land, and £3 for the Executive. At the conclusion of my speech James Holgate, of Colne, put some questions to me upon presenting me with the amount paid for twenty shares from that town, and which I answered to his satisfaction and to the satisfaction of the meeting. I was sorry here to see poor Taitersall, who was urged on by the",TRUE,TRUE,TRUE
38962,0.704014599,1842-07-30,star,"COVENTRY.—The cause goes on well here. We have enrolled eighty members this week. Lectures continue to be delivered three times a week, Monday, Friday, and Sunday evenings. A discussion class has been formed, which meets on Thursday evening. Also an Harmonic Society, which meets on Saturday evening; beverage, pop, &c. if required, the profits of which will go to the Association. Mr. Rittermay delivered a very instructive lecture, on Friday evening last, when some of the middle classes began to show symptoms of union, by coming and enrolling their names and taking out their cards of membership. We have also come to the resolution, and a committee is appointed, to draw up a Lecturer's plan. As we have several intelligent and useful men amongst us, we have commenced agitating the out districts. We have formed an association at Foleshill, which goes on well. Mr. Peter Hoy formed one at Bulkington, on Saturday evening last. Arrangements are being made to form one at Kenilworth, and in a very short time we intend to have this district well organised. Trade is very bad here, hundreds are walking the streets, as it is supposed that there is not above one loom out of every five that is at work, and that not in full employ. Watchmakers are continually being robbed of their earnings by way of reductions. I am informed that one master reduced his workmen five shillings each in one week. Sales are taking place every day; in fact there is no prospect but of a gloomy winter a-springing up the face.",TRUE,TRUE,FALSE
308112,0.701976657,1849-03-24,star,"TO THE EDITOR OF THE NORTHERN STAR.  SIR—As the Chartists, in several parts of the country, and the Executive Committee in particular, are trying to rouse the people to a sense of their duty, by getting up an energetic agitation for the Charter, a few of the Chartists of Lowbands have determined to do their share in the good work. We cannot remain inactive after having served so long in the glorious movement, especially when so much work remains to be done. The cities of Gloucester and Worcester, and the towns of Cheltenham, Tewkesbury, Newent, Ledbury, and Stroud, are within a few hours walk of this place, and we consider it would be criminal in us, as Chartists, if we did not exert ourselves to arouse those places to action. The people here need no incentive to stir them up, for they are as much oppressed and plundered as any people in the world. I do not know one farmer, for miles around here, that has any fixed pay day for his men; in fact, the labourers hardly ever receive money from their masters, for they make them take their wages in the produce of their lands. Sometimes, perhaps, in the course of three or six month, they have a ""settling,"" and then they receive the balance, if any, but, generally, with as many curses as shillings for not having taken it out in stuff. I have inquired of several labourers, but none could tell me of one that paid in money. Their wages are from six shillings to eight shillings per week. Now, the towns I have mentioned might very easily carry out the plan of organisation, for they have the same means of doing so as the people of any part of Lancashire. It is our intention to correspond with all those places, and to call a deputation meeting to be held at some central place",FALSE,FALSE,FALSE
639552,0.700175226,1842-01-15,star,"We must do all we can to assist “the old King” in getting a Ten Hours’ Factory Bill, and save others from our fate.”  Mr. Thornhill, I was much affected with that scene. None were present save the “King” and his two crippled “subjects.” Really, I was proud of them, and resolved to get them an asylum, if I could.  And now, Sir, permit me to urge the friends of the poor everywhere to be up and stirring to the help of Lord Ashley. His Lordship has taken his stand; he has set a noble example; he will, no doubt, early in next session, again attempt to obtain a Ten Hours’ Factories’ Regulation Act. He will, of course, be met by the keenest opposition of the Leaguers. His lordship will require the aid of all true Christians. I, therefore, entreat all ministers of religion to make it their business to forward petitions to Parliament, praying for a Ten Hours’ Factory Law. Oh, that every bishop, priest, and deacon, would see to it, that he obtains one! I know of nothing that would so much unite the poor to the priesthood. How I shall be rejoiced if thus, at last, my labours should be crowned by the Church.  On the cover of this Fleeter are inserted two forms of petition, for the use of those in the factory districts, who might otherwise be at a loss for the proper words. I earnestly pray, that every clergyman who reads this letter may become a helper in this great and good work.  The landlords and agriculturists will do well to lend their aid. It is their interest as well as their duty. I hope that Riddlesworth will set the example, and that from every nook and corner of the land petitions will now be forwarded to Parliament for my",FALSE,FALSE,FALSE
306304,0.699765623,1850-09-14,star,"last forty years, making the manufacturers rich, while the wages of the producers of that wealth had been considerably reduced, thus causing pauperism and crime to increase in a like ratio. He showed by undeniable evidence that there was not the least necessity, for any man able and willing to labour, to be in poverty; that there was no necessity for emigration; that there was more than eleven acres of land for every man in the kingdom; that great quantities of that land had been stolen from the poor, and the people ought not to be satisfied until it was restored to the rightful owners. He exhorted them to union and perseverance, and pledged himself to the advocacy of the People's Charter, whole and entire, with renewed exertion, until it became the law of the land. At the close of Mr. Jones' address, a resolution was proposed by Mr. Emmerson, and seconded by Mr. Liggett, pledging the meeting to agitate for their political and social rights, which, on being put, was carried unanimously.—A vote of thanks was given, on the motion of Mr. S. Saunders, ""To the workmen in the employ of the Messrs. Barclay and Co., of London, for the glorious reception they had given to the Austrian brute, Haynau—the butcher of men—the flogger of women,"" which, on being put to the meeting, was carried unanimously.—A vote of thanks was accorded to Mr. Jones for his able address, amidst acclamations, who briefly acknowledged the same, and moved, ""That the best thanks of this meeting be given to their respected Chairman for the able manner in which he had conducted the business of the day,"" which, on being seconded and put, was also carried unanimously.—Mr. Sweet suitably acknowledged the compliment",TRUE,FALSE,FALSE
810758,0.694126189,1838-06-30,star,"A speech imposed was still a hardship. (Cheers.) He knew the people well; he had known the people long and for himself he had no dread of committing his life, his liberty, and his property to the disposal of laws made by the people. (Repeated cheers.) Each party was now courting popular support, while both joined in withholding popular right. (Cheers.) He challenged any man to produce upon the other side so great, so powerful, so orderly, so numerous a meeting as that he had the honour to address, the largest meeting above comparison ever assembled. Thousands upon thousands had marched twenty miles to testify their approval of the national object, which had been laid down by the men of Birmingham, namely one grand and moral assault for a fortnight or a week against the Excise men, and the Axe is our own. (Great cheers.) Mr. Doubleday then entered into a statistical review of the wages of working men in former days, together with the price of provisions in those days; and satisfactorily proved, that the whole error of the system arose out of the fact of the people having no share in the appointment of their representatives. (Great cheers.) As their most untiring champion, and most eloquent advocate, Mr. Feargus O'Connor was there to address them, he would conclude by assuring the meeting, that so long as a grievance remained, so long would he be ready to obey all reasonable commands of his Radical brethren. (Immense cheering.) He knew that he need not inculcate the necessity of keeping order; upon disorder our enemies feed; by order we should triumph. He thanked the meeting for the courteous reception he had received, and sat down amid the most tumultuous and general approbation.  Mr. Art, a working man, then came forward to move the",TRUE,TRUE,FALSE
379551,0.693613052,1842-10-15,star,"NEWCASTLE.—Mr. Brophy lectured in the Primitive Methodist Chapel, Blue Quarries, on Wednesday evening last; after which, Mr. Sinclair moved the following resolution, which was seconded by Mr. Scothern, and agreed to, “That in the opinion of this meeting, the whole of the evils which press so heavily upon the industrial classes of these realms is really the result of class legislation; that we believe the People’s Charter to be its only antidote, and do hereby pledge ourselves forthwith to become members of the National Charter Association, so that by our united exertions we may procure those immunities to which we are entitled as Britons.”—Mr. Brophy delivered two lectures in Newcastle on Sunday evening at the Quay, at five o’clock, and in the Chartist’s Hall, Cloth-market, at seven o’clock. Mr. B’s address on the Quay had made such an impression on the minds of his hearers, that as soon as it was announced that he should lecture again in the Hall, the people went up in a body, and in a few minutes the Hall (which holds upwards of three hundred) was crowded to the door, and a great many had to go away. After a vote of thanks had been unanimously carried to Mr. B. for his able services in the district for the last ten days, Mr. Sinclair read aloud from the Evening Star the proceedings of the Commission in Stafford, &c. and the meeting dispersed highly gratified with the treatment they had from Mr. B., and venting loud and long imprecations upon that infamous traitor Griffin.—The Chartists of Newcastle held their usual business meeting on Monday evening, Mr. Robson in the chair. The minutes of the previous meeting having been confirmed, two men of the united body of boot and shoemakers",TRUE,TRUE,TRUE
157034,0.687832594,1841-12-24,star,"A comfortable supper party met at the Chequers Inn in the evening, but Mr. O'Connor could not be present. All went off with harmony and glee. This meeting has brought upwards of £20 to the Char- ity funds.  DUBLIN.—The Irish Universal Suffrage Associa- tion met on Sunday last, at their great room, 14, North Anne-street, Mr. P. O'Connell in the chair. The Secretary read the minutes of the last meeting; he also read letters from the following persons—Mr. Thomas Cooper, Leicester; Mr. E. Mayne, Wakefield; Mr. K. Macroy, Aberdeen; Mr. John Baldwin, London; Mr. Daniel M'Intosh, Glasgow and Mr. William Campbell, Manchester; all giving abundant proof that the people of England and Scot- land seek nothing for themselves that they do not wish the people of Ireland to be equal participators in. The Secretary also moved that Mr. John Little, Mr. G. Watkins, and Mr. John Matson be admitted members; after which, Mr. O'Higgins rose and brought forward his promised motion relative to Mr. Sharman Crawford's Landlord and Tenant Bill. Mr. O'Higgins made a long and excellent speech, which we received only a few hours before going to press, and which we have no room for. He con- cluded by moving the following resolution:—""That it is contrary to every principle of natural justice, as well as a direct violation of the laws of God, to deprive any man of the fruits of his labour, without remuneration; and inasmuch as it is the common and uniform practice of the majority of Irish landlords to turn out great numbers of their tenants, under the pretence of clearing their estates of a 'superabundant population,'",TRUE,TRUE,TRUE
191626,0.68693167,1840-02-15,star,"TO THE RADICALS OF BURNLEY, PADIHAM, HARWOOD, ACCRINGTON, BUXENDEN, FOXHILL BANK, &c.  The committee of the defence fund for Mr. Wm. Beasley, of Accrington, beg leave to offer a few remarks to you under present circumstances. It is now nearly three months since the committee was formed to receive any subscriptions which might be given for the purpose of defending Mr. Beasley, who is now under bail for some supposed seditious language which his acensors say he uttered at a public meeting near Haslingden. As the assizes are so near, it becomes our imperative duty to appeal to your sympathies on his behalf, knowing that you have at all times come forward in the cause of justice and humanity.  Mr. Beasley is a poor, working man, with a wife and small family, and with the prospect of an early addition to it. As we firmly believe, that in all his exertions to carry out the principles of the People's Charter, he has been actuated by a fervent desire to better the condition of the working man, we think we should be wanting in our duty if we did not support the same principles by assisting Mr. Beasley as much as we possibly can. It is for this purpose that we appeal to the Radicals of this district, and as it is the only case likely to be brought forward at Lancaster assizes, let us show to his and the people's enemies that we are determined that he shall not be sacrificed without a struggle on our part to wrest him, by all legal means, from the merciless grasp of the Chartist oppressors.",TRUE,TRUE,FALSE
867010,0.682017207,1838-11-17,star,"MEN AND WOMEN OF LEEDS.—The most important period in the history of our country has now arrived—now that most inestimable of all earthly blessings—liberty, is within our reach; and shall it be said by our children that the blessing was lost to us, and to them, in consequence of our criminal supineness? No; we must be up and doing, and not suffer this a Christian country, to be the seat of despotism. What we want is, to see practical Christianity pervade every grade of society, and mankind dwelling together in unity—each intent on promoting the welfare of his kind. To this end we, the committee and members of the Leeds Northern Union, beg to direct your attention to the present unjust system. It is too obvious to require comment that contending factions have hitherto been the bane of society—exclusive privilege, and private interest have been the objects pursued by the factions who have alternately ruled over us—the public interest has been entirely neglected; and for why? Because, the people have had no voice in the government of their own affairs—but now, the antidote is within our reach; and it is in our power to exterminate the monster tyranny, and remove all its concomitant evils from amongst us. But we must act with firmness and energy if we expect to be emancipated from our worse than Egyptian bondage. We feel it our duty to submit the following questions to your consideration— Do you suppose that your Creator sent you into the world to toil for the benefit of the sons of idleness?  Do you feel contented amidst penury and want?  Do you feel satisfied to wear the bonds of slavery, and to bequeath them as a legacy to your children?  Do you desire to obey laws passed by your opponents for their benefit and to your",FALSE,FALSE,FALSE
470000,0.679330945,1839-05-04,star,"Mr. Henry Bowman, writing from Carlisle, stated that Whit-Monday had been fixed upon for the public meeting at that place, and that in the course of a few days a few thousand additional signatures should be forwarded to the National Petition, 720 of which had been obtained in the town of Whitehaven.—(H. har.)  A letter was read from Mr. Elliott, of Newcastle, enclosing a resolution requesting the Convention to depute Messrs. O'Connor, O'Brien, Frost, Marsden, and Sankey, together with the Delegate from that town, to attend the great public meeting to be held on Whit-Monday, when he anticipated a glorious gathering would take place, the Council being determined to spare neither exertion nor expense to make the meeting worthy of the great and important object for which it was called.  Mr. James Moir, under the date of Glasgow, April 25, thus writes.—""On Monday last, I addressed a very large meeting in Paisley. It was held in a church, and there could not be fewer than 1,500 present, nearly the one-half of whom were females, who unanimously resolved to form themselves into an Association to assist and co-operate with their husbands, fathers, and brethren in the glorious struggle for the People's Charter. (Cheers.) On Tuesday, we had a public meeting of the Universal Suffrage Association here. Last night I addressed a public meeting at Burgh, a small manufacturing village about seven miles from Glasgow, which was numerously attended, and at which a vote of confidence in the Convention was unanimously",TRUE,TRUE,TRUE
831687,0.678764701,1843-07-29,star,"LONDON.—MISS INGE lectured on Sunday evening, at the Working Men's Hall, Mile End Road, to a crowded audience, and was highly applauded. The chair was filled by Mr. Sherrard, who addressed the meeting in confirmation of the views of the fair lecturer, in an eloquent and able manner. The evening's proceedings gave great satisfaction.  CITY OF LONDON INSTITUTION.—On Sunday morning, an highly interesting discussion took place on the Question—""Would a Repeal of the Legislative Union benefit the working classes?"" Mr. Overton was called to the chair, and briefly introduced the subject. Messrs. Cowan, Dwaine, and others, in animated speeches, supported the affirmative. Messrs. Pollard and Spur, admitted the right of the Irish nation to demand the Repeal, but denied the benefits attributed as resulting from it. After a prolonged discussion, the subject was adjourned until the following Sunday morning. On Sunday evening, Mr. Davos lectured at the same place, to a good audience; and, in an energetic manner, developed the evils of the present system, and pointed to the land as the great object worthy of the attention of the working classes. Messrs. Mee, Cuffay, Spur, and Rathbone, entered into a discussion on the merits of the land, and the question of American liberty. Mr. Bolwell, as chairman, wound up the proceedings; and the evening closed by the choir singing the Chartist National Anthem.",TRUE,TRUE,TRUE
491461,0.676645517,1848-01-08,star,"BROTHER LANDSMEN.—Now that our glorious Land Company has finally closed, I would address a few lines to you on the subject of the agitation of those Gold-like and noble principles embodied in that immortal document, the People's Charter. For some weeks back, I have seen in the Stan notes of delegate meetings held in Newcastle, Durham, Shields, and other places. The men of those towns are up and at work in earnest, while we of this district are looking on with apathy. Others are doing what they can towards our emancipation; and while it reflects credit on them, it brands us with shame. Brother 'Landsmen,' shall this continue, shall it be said that when our neighbours are up in the cause of liberty, we stand looking on with our hands folded, or sneak behind like cringing cowards, and when they have nobly struggled for freedom and won the victory, shall we, with blushing faces, accept the boon from their hands? Never, never, 'methinks I hear you cry. ' We will to work, and as we hope to share in the general happiness that will follow the people's triumph, we, too, will brave the battle's sirife, and share the conflict!",TRUE,TRUE,FALSE
844185,0.676463425,1843-11-18,star,"""Our masters state that the rate of wages in other districts will not justify them in giving an advance. We again refer them to Glossop and several other districts, who have an advance, and are now paying more than they are in this district. Our employers state that they are willing to redress our grievances? The following are a few of them: ""1st.—We want our wages weekly.  ""2nd.—Some of our employers make us pay for shuttles, windows, and machinery which may happen to get broken or worn out, and charge us for them which we have no right to pay, as it is not our machinery, neither is it our fault.  ""3rd.—Our employers turn Cuts on our hands for pretended faults, and make us pay more for them than the market price.  ""4th.—At some of the mills they quarter four times 3-day, two-pence per time, in particular J. B. Reynolds and Brothers.  ""O! Reynolds, O! Reynolds, how often have you been the first to reduce wages, and now you are taking a most conspicuous part to prevent an advance.  ""There are other grievances which we shall not now enumerate, but shall reserve them for a future period.  ""Weavers and card-room hands, attend the meeting which will be held in the Charlestown meeting room, on Wednesday evening, Nov. 6th, at eight o'clock, and show by your thousands that you are determined to be no longer 'stumped upon with impunity.'",TRUE,TRUE,TRUE
587949,0.675931096,1843-10-14,star,"tion which would be proposed was to the following effect:-“That it is the opinion of this meeting that the present rate of wages is not sufficient to maintain the colliers and their families.”  Mr. BERRY then addressed the meeting. He said that he need only ask the public to look at the Miners’ cheeks, to convince them that the rate of wages was not sufficient. At the present time, the rate in that district was about 2s. a day, and how was a man to maintain himself, a wife, and four or five children on that? Yet for that small sum they had to work from twelve to fourteen hours a day in the sunless mine. Were they not, he would ask, worse off than the African slave? They were, and the question was, how this evil was to be remedied. They had already tried their sectional unions and partial strikes, and those had done no good; and they must, therefore, as the only effectual remedy, join the Miners’ Association of Great Britain and Ireland. They would extend their union from John o’Groat’s house to the farthest end of Cornwall, and into Wales and Ireland.  The CHAIRMAN, after a few observations on the hard toil of the miners, and on the manner in which they were oppressed, said that the second resolution was, “That in the opinion of this meeting, the miner is entitled to a fair day’s wages for a hard day’s work.”",TRUE,FALSE,FALSE
639356,0.67583698,1842-01-15,star,"THORNLEY.—A general meeting of the pitmen was held at this colliery, on Saturday last, which was numerously attended. The object of the meeting was to consider the tyrannical nature of their bonds, and to take steps for obtaining the redress of their local grievances. Resolutions were passed, by acclamation, for the reorganization of the Pitmen’s Trade’s Union, and also for embodying in the objects of their association the obtainment of the People’s Charter. The meeting was addressed by Messrs Parker, Embleton and Clough, all pitmen. Mr. George Binns, of Sunderland, being in Thornley at the time, was invited by the men to address them, which he readily obeyed, and produced a powerful impression on all present.  ABERDARE.—A meeting of the gentlemen farmers and rate-payers of the parish of Aberdare was held at the Boot Inn, on Monday, the 3rd day of January, to take into consideration their present distressing circumstances, and the best means to ascertain in what manner the rates they pay (which are advancing every quarter) are expended, and who receives them, as there is less relief paid to the poor at present than at any other period for many years past. After they met, they did not know how to proceed, and ultimately separated without effecting any good at all.",TRUE,TRUE,TRUE
659123,0.6711694,1841-10-09,star,". The prosecutions will have cost the Borough a much larger sum—not less, we suppose, than one hundred pounds! Thus has the poor been put to much expense and inconvenience, and the borough to the expenditure of an enormous sum of money, which has been squandered away in silly and uncalled-for prosecutions, with one exception. We would recommend the people to call upon some one of the Town Councillors to move for a return of all the expences of the late prosecutions arising out of the borough election; and thus show to the inhabitants how the funds of the town have been expended. Did these Whig borough magistrates act with the same rigour and caution at the county election when Sir James Graham, the Home Secretary, was most shamefully treated; when, as he retired from the hustings, a parcel of hired ruffians attacked him and his friends on their way to the Bush Inn, broke Sir James's umbrellas over his head, ill-treated his son, and assaulted his party with brickbats and other missiles? No! they allowed all these gross outrages to pass over without the slightest attempt to bring the offenders to justice! nay, we may go further and say, that, we were grieved to hear some of the Whig party rejoice at the ill-treatment Sir James had met with. Nor can we pass over the conduct of some of these same gentlemen, previous to the passing of the Reform Bill. Aye! these were the palmy days of Whig aggrandisement, when neither life nor property was safe, when our present mayor (not then so tenacious of our laws) actually recommended the people at a public meeting, to pay no more taxes, but to button up their breeches pockets—when our market-place nightly glared with the flames of torches, to exhibit",FALSE,FALSE,FALSE
120423,0.670576751,1842-10-22,star,"large bodies, and, as would appear, they proceeded with great violence and threats to turn out the hands from factories; they then proceeded to Manchester, Biddulph, Birkenshaw, and other factories. On Saturday they again assembled at the same place, and proceeded to the collieries with like intentions; and it was found necessary to take effectual measures to suppress them. On Monday they went to Arnold, and on Tuesday assembled in larger numbers than ever, and were joined by other large bodies from the country, and the whole proceeded through different parts of the county in a most lawless and riotous manner; and it might be better for him to state, that all those who were there were equally guilty in the eye of the law, even though they had not taken any active part, but they had made a selection of those who were most active, and though it was legal for persons to assemble to consider either their grievances or imaginary grievances, yet it was not lawful for them to proceed to other places than where they were assembled. It was certainly a blessing that this faction had not effected greater mischief, for ""if death had taken place, they would have been tried for a very serious offence,"" but either on account of returning good sense, or the efficient means that was taken to suppress them, this had not been the case, and be concluded by again reminding them that in disturbances all who are present are principals, though they had not committed any act of violence, for if one person, only committed violence, yet they were all considered guilty, unless they could show that they were innocent.  To parties acquainted with these occurrences, such an exaggerated account would have appeared rather ludicrous, if it had not been for the effect which it might have upon a country jury; for there was not a pane of glass broken, the least injury done to property, or",TRUE,TRUE,TRUE
245569,0.669263542,1847-12-11,star,"TO THE EDITOR OF THE NORTHERN STAR.  Sir,—On the 27th of November, it was expected that the council would come to a final conclusion on the 4th and 5th, and Derby branches, banking their funds in the Land and Labour Bank.  All credit is due to those three branches for maintaining their rights by supporting the rules as they have done, and credit is more especially due to the two council members from the 4th and 5th branches, who had the battle to fight, who told the council that they (the two council men) would suffer expulso from the society before they would give up their rights.  The motions which were submitted to the council, were :—  1st, Resolved that the appeals from No. 4 and 5 branches be accepted, and that their case lie over until the delegate meeting in 1849, according to the 11th and 31st rules.  Votes for this motion one.",FALSE,FALSE,FALSE
588242,0.668909967,1839-09-14,star,"The right of property is one of the greatest importance, and one which a well-regulated society will ever protest. Labour is the poor man's property, which has too often been unjustly and needlessly, destroyed by the statutes of apprenticeship, by Corporation bye-laws, and by the abuse of machinery, all tending to deteriorate the value of manual exertion. No Government displays such anxiety for the protection of property, as that which secures to the poor man a good day's wage for a good day's work.  A great source of injustice prevails at the present day, which deprives thousands of employment, viz.: the turning of lands from tillage into pasture, a plan, which saves the landlord much expense, and presents the means of gaining an honest livelihood to but a very few. Our ancestors saw the cruelty of this proceeding, and consequently the 4th Henry VII. forbids the throwing of lands into pasture, reciting, that—""Idlenesse which is the ground and beginning of all mischiefes daily doth increase, for where in some townes two hundred persons were occupied and lived together by their lawful labouring, now there are occasionally two or three heardsmen, and the residuo falling into idlenesse, the husbandric is greatly decayed."" These words are applicable to the present day; and as it does not appear that the Act has ever been repealed, it may now be put in force against any who attempt to aggrandise themselves by the ruin of their poor countrymen.  The home of an Englishman should in truth be his castle; but its sanctity is frequently invaded by the revenue searchers and criminal processes. The Great Charter has declared that no freeman shall be divested of his freehold, or liberty, or free customs, but by the judgment of his peers, or",FALSE,FALSE,FALSE
192201,0.667838752,1841-04-17,star,"WORCESTER.—At a meeting of the Chartists held on the 12th inst., it was resolved, “That we look with suspicion on the leaders of the Christian Chartist Church of Birmingham, &c., believing they are striving to promote their own individual interest and middle class approbation, who have always proved themselves the bitterest enemies of the working classes; we are determined not to give any countenance or support to that party as they do not belong to the National Charter Association.” “That we hereby protest against Mr. Colline being elected a Delegate to the Petition Convention, for the reasons above.”  BRADFORD.—The Chartists of Wapping held their usual weekly meeting on Monday evening, at the house of Mr. R. Corrodus, North Tavern, North-street. Several sums were collected for the Convention, and petition sheets delivered out for signature. All is activity and zeal in Wapping; a deputation from Idle received sheets for signature and promised to have them filled speedily. The meeting adjourned to Monday next at seven o'clock.  LOUGHBOROUGH.—At a public meeting held at the Charter Hotel, on the 22nd March, Mr. John Skerrington was elected as a fit person to be delegated to the Petition Convention about to meet in London.",TRUE,TRUE,TRUE
847907,0.663512826,1845-05-31,star,"A DELEGATE MEETING was held in the Committee room under the Carpenters' Hall, on Sunday last; Mr. John Murray in the chair. Delegates from the following places were present:- Manchester, Mr. Rankin, Mr. Murray, and Mr. Sidney; Oldham, Mr. Aslem; Bolton, Mr. Pickrance; Heywood, Mr. Bell; Mossley, Mr. Waterhouse; Rochdale, Mr. Walkden. The minutes of the last meeting were read and confirmed; after which the following sums were paid to the secretary to be transmitted to the Executive:- Bolton, 6s. 7d.; Oldham, 7s. 7d.; Mossley, 2s. 10d.; Heywood, for four months, 7s. 4d.; Rochdale, for two months, 18s. 7d.; total, £2 1s. 4d. Four individuals from Rochdale, as their levy for Executive, 2s. The following resolutions were passed unanimously:- ""That the delegate meeting be held monthly, as usual."" ""That we, the delegates of South Lancashire, call upon all the lecturers and others who have taken part in the Chartist movement in this district to attend a meeting, to be held in the Carpenters' Hall, Manchester, on Sunday, the 8th of June, at ten o'clock in the morning, to consider the propriety of reorganising the district of South Lancashire."" ""That the levy for next month be one penny."" ""That we recommend camp meetings to be held."" ""That the next delegate meeting be held at Heywood, in the Chartist Association-room, Hartley-street, on the last Sunday in June, at ten in the morning."" ""That our secretary's bill be paid, with travelling expenses."" ""That we adjourn until the last Sunday",TRUE,TRUE,TRUE
619935,0.663268268,1849-02-24,star,"Our paper will be read by, and to, over six millions of the working classes of this country within a few hours after its publication; and now that the struggle has commenced between the Democracy and the Whig Government and its supporters, we invite the close attention of the working classes to the speech of Mr. O'Connor, which will be found in our first page; and as it is the custom of the people to have the most prominent part of the ""Star,"" read at their several meetings, they will be able to judge of newspaper justice when they contrast the report of that speech as delivered, with the report in the ""Times"" newspaper. Up to the time that the honourable Member for Nottingham was reminded by Sir GEORGE GREY that he had exceeded his hour, the ""Times"" devotes thirty-five lines to the speech, or little more than a line to every two minutes, while the reply of the official (Sir G. GREY), which did not exceed two minutes, occupies fifty-four lines, or twenty-seven lines to the minute.",TRUE,FALSE,FALSE
117387,0.659585476,1841-12-04,star,"GAIN £250,000,000 in taxation and monopoly. Why are the steam-lords opposed to your interests? Because they are enabled now to live upon your labour. The master who employs 1,000 hands, an O reduces wages from 16s. to 13s. a week, puts £2.50 a year in his own pocket! (Shame.) Hereby this man is enabled to speculate—to lose vast sums in speculation, and yet put a vast balance in his own pocket. One master pockets £31,000, and the Legislature gives £30,000 a year for National Education The drunkard will not vote for a drunkard, &c. but appoint some one who is a teetotaller, to watch over his rights while he was insensible or drunk. He gave his enemies of the press a carte blanche to speak what ill of him they could devise, but they could not say he was ever prosecuted but for libel. You may have Religious Liberty, but very unequal Civil Liberties. Mr. O'Connor concluded his long and interesting address, with a feeling response to the notice of the "" Repeal of the Union,"" in the address (which would be obtained by the same effort as the Charter.) The Duke of Wellington, poor old man, pledged himself to the peace of the nation! He, Mr. O'Connor, would do so, because on the peace rested the prosperity of the country. Mr. O'Connor eloquently denounced secret associations, spies, and physical force conspiracy. (Repeated cheers.)  Rev. W. V. Jackson was received with cheers Toast: ""The Exiled Patriots."" These are those who had long ago earned your affections, and I am happy that a committee has been formed to promote their restoration; but to their recall I look, mainly, for the gaining of the Charter.",TRUE,FALSE,FALSE
543406,0.659453452,1838-08-04,star,"On Wednesday evening last, a meeting was held in the Market Place, Dawsbury, called by the Poor Law Guardians of that Union, who wished to ask the ratepayers how they were to proceed in consequence of the conduct pursued towards them by the Chairman of their Board. A vast concourse of people were in attendance,",TRUE,TRUE,TRUE
38370,0.659072638,1838-08-25,star,"On Monday last, Dewsbury signalised itself by one of those mighty demonstrations against Whig oppression which are now becoming so general throughout the country. In consequence of the uncourtly conduct of Mr. Ingham, one of the Board of Guardians, at a former meeting of that body, and of the disturbances which afterwards ensued, a considerable degree of interest was excited as to the probable result of the next meeting. Perhaps, however, the timidity of Mr. Ingham on the one hand, and the number of soldiers, special constables, and metropolitan policemen, on the other hand, contributed more to excite the interest of the people, and to bring them together, than anything else. The facts of the late disturbance have already been laid before our readers. One of the consequences of that disturbance was a resolution on the part of the opposition Guardians, not to attend any meetings of the Board of Guardians, until they had memorialised Lord John Russell relative to the power of the Guardians as a body. Mr. Ingham could but obtain two other persons to act with him. Monday last was the day when the meeting of the Board of Guardians was to be resumed, and much excitement prevailed as to its result. Early in the morning, numbers of people were observed going towards the town in all directions; and a great concourse were assembled in the market-place, and near the school-room, where the Guardians were to meet.  Ten o'clock was the time of meeting. To prevent disturbances, great precaution had been used in providing sufficient force, and issuing orders to arrest all persons who were found in any way breaking the peace. Not less than about five hundred special constables were sworn in; to these were added, three troops of Lancers, consisting of forty-two soldiers in each troop; two troops of Royal Rifles, brought purposely from Hull, of forty in each troop, and",TRUE,TRUE,TRUE
168049,0.657200992,1848-02-12,star,"I proceeded thence to the Vale of Leven, where, although the weather was adverse, I addressed the largest meeting which has been held according to the authority of the committee, during the last seven years. The petition was adopted, and the Charter, as well as resolutions carried adverse to a militia force. Mr Rogers contended that it would be better to come out for the pure principle, instead of adopting the humbug cry of 'No vote, no musket,' but gave credit for the policy and tact of such a movement. I replied that the cry was no clap-trap, but a really sound and rational expression of principle. The risk of an invasion might be clap-trap, but the fact of a government compelling a man to perform a duty, whilst denying him the exercise of a right was a physical wrong, which ought to be morally resisted. That right was the suffrage, and until it was granted, we were justified in refusing to form a rampart around the property and persons of our oppressors. Ultimately all opposition was withdrawn, and the meeting terminated peacefully. The influence of such a meeting will be felt in the Vale, and ought not to be allowed to slumber. Scotland will exceed herself if a constant agitation is maintained, and I have no doubt, if I am followed by others, that a larger number of signatures, will be procured than ever yet were recorded in the 'land of mountain and of flood.'  I must now take my leave of the Vale of Leven, and proceed to the other districts of Scotland.",TRUE,TRUE,FALSE
51370,0.657058656,1843-08-19,star,"**GROSS ATTACK OF A COAL PROPRIETOR UPON MR. D. SWALLOW, THE AUTHORISED AGENT OF THE COLLIERS' UNION.**  A meeting of Colliers having been announced to take place at Hulton Lane Ends, near Bolton, Mr. David Swallow attended for the purpose of explaining the nature and objects of the Miners' Association. Upon his arrival he was informed that none of the publicans in the village durst allow the meeting to be held on their premises. Mr. Swallow therefore proceeded to make arrangements for addressing the Miners in the open air. He then discovered that a coal proprietor, and a magistrate of the name of Hulton, had taken measures both of a coercing and coercive nature, to prevent the attendance of his men; coercing, inasmuch as the coal king had descended from his high station, and paid for ale, and played at bowls with, those in his employ; coercive, as he had determined no meeting should be held. Mr. Swallow proceeded to address those about him, and had the gratification to find that the utmost good feeling prevailed among his audience, whose numbers augmented, notwithstanding the temptation of the ale and the bowls, till the square was deserted. He came running foaming with rage, and shouting at the top of his voice, ""I say, you, Mr. Swallow, you must not preach here; if you are not off instantly I shall give you in charge of the police, for I have received orders not to allow public meetings in the thoroughfares."" Mr. Swallow then asked him ""upon what authority he was acting?"" He said ""he was a magistrate, and it was his duty to disperse all meetings."" Mr. Swallow replied, ""there was not any obstruction, either for carriages or foot passengers""; and respectfully asked, ""what reason Mr. Hulton could assign for",TRUE,TRUE,TRUE
814774,0.655571461,1846-07-04,star,"A meeting of the members of this branch of the Chartist Co-operative Land Society was held in the City Hall, Mr. Caughlan in the chair. The balance sheet having been read, Mr. Wright moved, and Mr. Hewitson seconded, that it be received. Carried. Mr. Wright moved, and Mr. Fidge seconded— That the members of this locality have implicit confidence in Mr. O'Connor, and we hope that he will continue to fill the office of deputy treasurer. Elijah Nobbs, Sub-Secretary.  A TRULY PLEASANT DEMOCRATIC VOYAGE.—We understand that the fast-sailing vessel—"" Working Man's Union,"" continues to leave the Weigh Bridge, Paddington, every Sunday morning, at nine o'clock, and proceeds with her passengers and crew, to enjoy the healthful breezes and delightful scenery of Greenford Green, Harrow Hill, &c., &c. The fares we are informed are but sixpence each, the proceeds to be devoted to the building of a democratic school.",TRUE,FALSE,TRUE
247102,0.653189719,1843-06-24,star,"Firstly, however, allow me to take a view of the past; as in the length of time that has transpired since the arrests in September last, the public mind may have lost sight of the question - as a whole. Having escaped the snare that was laid for me, I may now make a free declaration of the amount of expenditure of which the Conference Delegates were guilty. Let matters of this kind end as they may whether successfully, at an amount of expense which might be spared, or disastrously - you as a thinking body ought to demand some satisfaction for the large amount of money drawn from you for legal purposes. As one of the delegates to that Conference, I assure you, upon my word, upon my honour, and upon my oath, that everything done at it was published in the Star of the following Saturday; and in as deliberations it had no more to do with any other body, with any conspiracy, or with any secret association, than our body has to do with the Anti-Corn Law League! Nevertheless and notwithstanding our innocence, had the arrests been made in time to have ensured the trial of the parties at the Special Commission at Liverpool, I have no heistation in saying, that many of those who were tried at Lancaster would have been transported!! I know that you have arrived at that period of thought when you would not esteem the man who sure for having committed himself; and therefore, rather having yet been charged with a single infraction of my own, I feel myself bound, now that the battle is over,—and especially as the country is led to suppose that I was the ""great offender,"" the man who had entrapped my dupes,—to assure you that I had neither hand, act, or part in the harrowing up of that placard entitled ""The Extreme Placard,"" that I never heard of",FALSE,FALSE,FALSE
231765,0.652900696,1842-02-12,star,"OLD ABERDEEN.—On Wednesday night week, a public meeting was held in the Teetotal Hall, High-street, for the purpose of forming a Chartist Association, at eight o'clock. The Hall was crowded. Mr. William Adams was called to the chair, who opened the business in an appropriate and pithy address, and introduced Mr. Nicolson, from Aberdeen. Mr. Nicolson delivered an address on the present state of the country, &c., and sat down warmly applauded. Mr. Archibald Macdonald then explained the principles of the Charter, and was followed by Mr. James Macpherson, who delivered a powerful address on the necessity of uniting in one common bond of union to overturn the unjust system of things which now exists. A gentleman named Mr. Gibb then put some questions to the speakers, which were answered to his seeming satisfaction. The National Petition, and copies of the Charter, were distributed, and an Association formed. A vote of thanks was given to the Chairman, and the meeting separated.  CHESTER.—Mr. Christopher Doyle lectured here on Thursday night week, at seven o'clock, in the Chartist Meeting Room, Steam Mill-street. Admission gratis, and free discussion was invited. The room, which will hold between 300 and 400 persons, was crowded. Thanks were voted to him at the close, and eight new members were enrolled. The National Petition was adopted at a public meeting on Monday night last.",TRUE,TRUE,TRUE
903178,0.65128231,1844-04-06,star,"WOLVERHAMPTON.—On Tuesday evening, the 2nd inst., a public meeting of the Tailors of this town, convened by placard, was held at Mr. Stoke's, Blue Ball Inn, Bilston-street. Mr. John Humber was unanimously called to the chair, and addressed the meeting in an appropriate speech, observing that their object was to co-operate with the Metropolitan Association, which had been formed for the purpose of uniting in one common bond the entire of the journeymen Tailors in the United Kingdom. He trusted on this occasion all would be found ready to aid in this great cause. The following resolutions were then unanimously passed:— 1st. Moved by Mr. Berry, seconded by Mr. Evans—""That, in the opinion of this meeting, the system of out-door working acts in a most injurious manner to the Trade in general. We, therefore, resolve to support the Metropolitan Trade Protection Association, and use our best endeavours to disseminate the protective principles in all parts of the United Kingdom, believing it to be the only means of counteracting the present system of unprincipled competition."" Moved by Mr. Dimberlize, seconded by Mr. Crawford, ""That an association be now formed to be called 'the Wolverhampton Tailors' Trade Protection Association."" Moved by Mr. Lloyd, seconded by Mr. Adams, ""That this meeting return their sincere thanks to the Northern Star, Lloyd's London Weekly Newspaper, the Midland Observer, and the other portion of the press that have advocated the rights of labour."" ""That a committee be now formed to carry out the object of this meeting."" A petition enumerating many of the evils under which the trade labours, having been read by the Chairman, was unanimously adopted. The thanks of the meeting having been voted to",TRUE,TRUE,TRUE
56355,0.649374783,1841-12-04,star,"ALFRETON.—We held our weekly meeting on Sunday night last, when a large number of members were present, Mr. Williamson being called to the chair. After the local business, the case of Mr. Benbow v. Dr. McDouall was read, which elicited a warm and animated discussion. When matters had a little subsided, Mr. Gamble brought forward the following resolution, which was seconded by Mr. Topham, and carried:—“That this meeting views with abhorrence all attempts to create disunion in the Chartist ranks, and that the attempts to injure the character of Dr. McDouall are weak and unfounded, and calculated to injure the people’s cause; and further, this meeting places unbounded confidence in Dr. McDouall, as an unflinching advocate of the people’s rights and liberties.”  NORTH SHIELDS.—The National Petition was adopted here at a public meeting on Monday. Messrs. Cockburn and Fualough, from Newcastle, addressed the meeting with much effect. Several new members were enrolled.  ABERGAVENNY.—The cause goes on well here. Weekly meetings are regularly held, and lectures had as often as we can get them. We need help, and we beg to remind all Chartist lecturers passing this way, that our Secretary lives in Grofield.  BACUP.—Messrs. Linney and Marsden have been lecturing here with much effect.  SCARBOROUGH.—Mr. Stallwood lectured at the Chartist itoom, in Dumpling-street, on Monday evening, to the great satisfaction of a very numerous audience. After the lecture the National Petition was adopted, and many signatures were affixed.",TRUE,TRUE,TRUE
628661,0.645798087,1848-01-29,star,"But the Westminster reviewer further convicts himself. He admits, that not only are the people acquiring political intelligence, but political power also. “This degraded population,” says he, “is acquiring, at an immensely rapid rate, such a portion of the political power of the country, as, coupled with its previous command of the physical force, will, at no distant period, give the real mastery of England to the violent part of the working classes and their representative.” In proof of this, he instances the Chartist triumphs at the recent municipal elections, particularly at Sheffield, where the working men “placed nine partisans of their own in the corporation.” He predicts that November, 1848, will witness a still great number of popular victories; and, looking “seventy years” forward, he asks, “What will be the condition of England, if the leading corporations, with their local influence, power of taxation, connexion with the courts of civil justice, the town charities, and the Parliamentary representation, be wielded by the uneducated classes?”",FALSE,FALSE,FALSE
360129,0.644426942,1842-07-23,star,"A letter from Newcastle-under-Line, dated July 14th, says—"" I arrived here last night from Stafford. On entering the town, I found it more like a garrison than any thing else. Last night the colliers came into the town in hundreds, and caused great commotion. So great was the alarm, that the troop of Newcastle Yeo-manry Cavalry were called out, and stationed at the Duke of York and other public-houses. To-day the colliers arrived in large numbers, and commenced levying contributions on the inhabitants of Lane-end, or Longton. They visited and stopped all the works at which any men were employed, and took out several of the men who were at work, and ducked them in a pond; and when remonstrated with by the magistrates on the impropriety of their conduct, the answer they gave was, that it would be better for them to be shot than see their children starve. At this moment, I understand, the town of Longton, which is four miles from here, is in great confusion, and much fear is entertained for the result of to-night. The Newcastle troop has just marched out, headed by, they say, fifteen magistrates, amongst whom are Captain Power and the Reverend Mr. Sneyd. Two troops of the 12th Foot have also arrived from Weedon barracks by express, and what the result of to-night may be God only knows. I wish I was at ——, out of the noise. The people here are in much distress, but it is to be regretted that the poor people cannot see they are only increasing their difficulties; but it is folly to reason with starving men. In Stafford and all the adjoining towns I found similar distress. I do hope Parliament will not separate without doing something to relieve the distress. If they do, take my word there will be one traveller",TRUE,TRUE,TRUE
289236,0.644135833,1847-05-22,star,"That a branch be established in aid of the Land and Labour Bank; and that a committee be elected, to prepare a code of rules to be laid before a meeting of members on Sunday evening, May 30, at half-past six o'clock.  That the thanks of this meeting are given to Feargus O'Connor, Esq., for his excellent address to the allottees at O'Connorville, and his noble reply to those who object to the members selling their prizes, and the like thanks be given to the Directors generally, for their perseverance in carrying out the objects of the Company.  Norwich.—Mr C. Doyle lectured at the Pewter-Platter on Tuesday evening, May 18th, to a very attentive audience, on the Condition of the Labouring Classes of the United Kingdom. At the conclusion of the lecture, Mr King spoke of the apathy of the great majority of the people, and particularly the Land members, in not joining the in Chartist Association. After speeches from Mr Tapp and two other persons, a vote of thanks was awarded to the lecturer. It was announced that Mr T. Clark would lecture in the same place on Tuesday evening, June 1st.  Ragland.—A branch of the National Land Company was formed here on the 17th inst.  Sherriff.—A special meeting of the members of the Land Company was held on Monday evening, in the Democratic Temperance-room, 33, Queen-street, to consider the question of allottees being allowed to sell their allotments. Mr Joseph Billings was called to the chair. After a few remarks Mr Briggs moved the following resolution, which was carried unanimously:—  That this meeting is of opinion that the fortunate allottees have a perfect right to sell their prizes, if they choose; believing, as we do, that instead of being an injury to the Society",TRUE,TRUE,TRUE
32475,0.644126534,1845-11-08,star,"Mr. J. SWEET, Nottingham, acknowledges the receipt of 2s. for the Executive, from Beeston, Notts.  THE DUNDEE PALS AND THE DUNDEE MILLOCHRATS.— To the editor of the Northern Star.—Mr. Editor,—The regard you testify for the working classes, whose physical and moral condition you are constantly endeavouring to ameliorate, is one of those rare and glorious exertions which renders still more conspicuous the baseness of the press in general. There is, sir, in Dundee, no less than three newspapers, one of them published twice a week; not one of them has the straightforwardness to expose the villainy practised by some of the millowners here. At the Hillbank works, one of the largest establishments of flax spinning in this quarter, it has been the practice for a long time past, notwithstanding the Factory Act, to keep the hands working a long time beyond what the Act allows. For this violation of the law Mr. Blackie was fined the sum of £20, but, sir, not one word of this appeared in the local newspapers. True, the editors reported a similar case that happened about Peterhead, but Peterhead being such a distance from Dundee, the master of a woollen factory there could not be likely to say to a Dundee editor, “Come, Mr. Editor, you and I must spend this evening together, over a bottle of wine. You, I trust, will keep this unpleasant affair of mine out of your paper.” There is another total violation of principle committed by a flax spinning company here, that has been left unnoticed by the Dundee editors. A rise of wages has been obtained by the spinners in a number of works. Those employed by Baxter and Brothers refused to work, unless they had a like rise. What think you, sir, was the consequence?",FALSE,FALSE,FALSE
871464,0.644044995,1839-03-09,star,"the hands of the ratepayers, in order to throw it into the keeping of the Poor Law Commissioners. The people, wherever power was vested in them, evinced a disposition to act for themselves. The old boot was nearly worn out; the Reform bill had unintentionally given a little power in cases of some local appointments, which, however, during the present (which may be justly termed the vamping centralizing) session, has been most unceremoniously wrenched from them, and this by a Reformed, high-sounding, pledge-bound, abuse-denouncing, right-defending, people-loving Parliament. The indirect protection which the non-electors had against the haughty, undigested acts of the representatives of that trustee, the electors, has been taken from the people. It was their last remaining hope—their chief of appeal—and now let them more strenuously than ever seek for direct representation through their own chosen members. During the first session of the Reformed Parliament, and when the moon was occupied in the presentation of and discussion upon petitions, the country became alive to the value of these discussions, founded, not upon farcical and side-wind resolutions and motions, but upon actual grievances, and the sufferers' delineation of those grievances, till the ""suppression of those feelings, by which the Whigs were flung into office"" became necessary for the preservation of the power of those very Whigs;—a most apt illustration, truly, of the Whig method of disseminating useful knowledge, by shoving the most useful of all knowledge—namely, complaints from the oppressed millions—into a bag, hooked to the table of the House of Commons. The Whigs were right, however; for we have often asserted, and we now repeat, that more light was thrown upon the system of",FALSE,FALSE,FALSE
282847,0.644025564,1843-04-08,star,"had said last week, in his speech in the Market-place, that unless they could get a man worthy of their support, he himself would go to the poll, and he now begged to tell Mr. Gisborne that he must give them a better account of the Charter— (hear, hear, and cheers). These were trying times, but Mr. Gisborne had given them nothing but a hodge-podge detail of Bishops of Jerusalem and Ecclesiastical Courts, while they wanted the Charter as the lever by which the corruption of State might be overthrown—(cheers). He supposed Mr. Gisborne had given the assurance he required on behalf of the Chartists to the leaders of their party; but was he now ashamed to publicly acknowledge his promise to support the Charter ?—(hear). Mr. O'Connor then charged both Whigs and Tories with oppression and self-seeking, and went on to say that the Chartists ought not to take up the cudgels for any adherent to either party, but only for such a candidate as was a confirmed friend of Annual Parliaments, Universal Suffrage, Vote by Ballot, Electoral Districts, No Property Qualification, and Payment of Members. Some allusion had been made to the Poor Law, and to give honour where honour was due, he gave praise to Mr. Walter for his opposition to that measure, and acknowledged that Mr. Walter had likewise done something to set his (Mr. O'Conor's) house in order—the prison—(laughter). But supposing he had done this and more, it was all of no value taken sectionally; the people must have the power of making the laws, and then no poor laws could exist—(cheers). The burdens which now crushed the people to the earth would be removed, and happiness would be restored to the land. He thought,",TRUE,FALSE,TRUE
1079012,0.643223941,1859-03-12,leader,"Colonel Tyndale, M.P., addressed the electors of Bridgewater this week upon the Government Reform Bill, and the assembly adopted a petition to Parliament against it. At Brighton and Houghton similar measures have been taken.  On Wednesday a crowded meeting, to consider the bill, was held at Southampton, at which Mr. Weguelin was catechised by his constituents. Resolutions in favor of the ballot were carried. At Wakefield, on the same day, 1,200 persons met and adopted a petition against the Government measure. At this meeting lists containing the names of nearly 600 county voters who would be disfranchised by the passing of the bill were circulated. On Wednesday, at Glasgow, a ""conference of Reformers"" was held, which passed condemnatory resolutions on Woolwich has pronounced against the bill, and a great aggregate meeting is arranged to be held in that district. Meetings have also been held during the present week at Glossop, Macclesfield, Kendal, and Greenock, at all of which the Government bill was denounced as insufficient, and a large measure of reform demanded. Stockport, Bolton, Worcester, Bristol, and Paisley, are preparing to hold meetings with a similar object.  On Thursday a meeting of members of Parliament entertaining liberal opinions connected with the representation of Ireland, was held in No. 12 Committee-room of the House of Commons. The meeting was convened ""to take into consideration the question of reform in the representation of the people of Ireland."" A strong opinion, however, was expressed hostile to the Government measure prepared for England and Wales.",TRUE,TRUE,TRUE
322016,0.639183283,1850-01-19,star,"Your opponents would now base national prosperity upon the large surplus of money now in this country; but was there ever a greater anomaly than idle land, idle labour, and idle money, with bastiles full of UN-WILLING IDLE PAUPERS? There is now a strong agitation springing up in London, while I regret to say that the bees in the Northern Hive do not even buzz, as they are satisfied with their temporary activity; and they may rely upon it that some tinkering legislative measure will be based upon their satisfaction.  I have often told you, that I would never resist any movement that was calculated to confer any benefit upon you, and, therefore, I have cordially co-operated with the Parliamentary Reform Association. Meantime, if I do undertake the task of giving you public instruction—and if in that capacity I should fail to discharge my duty faithfully—you would naturally look upon me with contempt.  For this reason, then, I beg to call your critical attention to Mr. Scholefield's anticipated hope from the Freehold Land system, at a meeting held at St. Pancras, on Tuesday night, and I will give you but a very few extracts. He said:—",TRUE,TRUE,FALSE
709754,0.636151195,1843-12-16,star,"EMERR'S BRIGADE.—A public meeting, in favour of the People's Charter, will be held at the Bricklayers' Arms, Homer-street, New Road, Mary-lebone, on Monday evening next, the 18th inst., at eight o'clock precisely. Messrs. Mantz and Davoé will attend.  MR. SKELTON will deliver a lecture at the Standard of Liberty, Brick-lane, Spitalfields, on Sunday evening next, the 17th inst., at half-past seven precisely.  SOMERS' TOWN LOCALITY.—On Sunday evening next, Mr. Mee will lecture at Mr. Dudbridges, Bricklayers' Arms, Tonbridge-street, New Road.  MR. HUNNIBALL, of Stafford, will deliver a lecture on Sunday, the 17th inst., at the Golden Lion, Dean-street, Soho, on the causes of the Revolutions of Greece and Rome.  LONDON DISTRICT COUNCIL.—This Council will meet at the City of London Political and Scientific Institution, Turnagain Lane, on Sunday afternoon next, the 17th inst., at three o'clock precisely.  CAMBERWELL.—A public meeting will be held at the Cook Tavern, Camberwell Green, on Tuesday next, the 19th inst., at eight precisely.  HAMMERSMITH, NOTTINGHILL, AND THEIR VICINITIES.—The Chartists and their friends of the above places are most respectfully requested to attend a meeting at the Black Bull Inn, Hammersmith Road, on Tuesday evening next, the 19th inst., at eight precisely, on business of great importance.",TRUE,TRUE,TRUE
501025,0.63543123,1841-02-06,star,"SALFORD.—On Sunday evening last, Mr. Sheares, from Brown-street, Manchester, lectured. The cause is thriving well here. A memorial to Lord Normanby, concerning Mr. O'Connor, will be forwarded this week. The room of the Association is open every Saturday evening. The Association here wishes to know from the Executive when the National Delegate meeting will take place; or whether they intend holding office another year. They see no reason why the Executive should not have obeyed the rules laid down by the Delegate Meeting that elected them. The Salford Association considers such election of a fresh Executive ought not to have been postponed. A vote of thanks was given to Messrs. Markham and Seal, of Leicester, for refusing the invitation of O'Connell. The Committee of this Association is now very active; they have started a library, and hope their friends will assist them to enlarge it.  BERMONDSEY.—A Movement among the Working Classes.—We understand that a large Chapel, at Dock Head, Bermondsey, London, is to be opened next Sunday evening, the 7th instant, for the purpose of delivering lectures to the working classes, on moral and religious subjects, to promote kindly and social feelings amongst all sects and parties, and to consider the propriety of opening Sunday and day schools for their children. This is just arising up to the advice of Sir Robert Peel, by taking their affairs into their own hands. What will the Bishops do with such disorderly members! We hope our Chartist friends will give these meetings their countenance and support.—Corres-pondent.",TRUE,TRUE,TRUE
406798,0.634964705,1842-05-07,star,"The Times, and other Tory papers, were not wanting in their cautions to the people that it was illegal for them to go to their own house to present their own petition, and impressing upon them the heavy nature of the penalties they would incur; but, unfortunately, as but few of the class interested indulged themselves in reading the lucubrations of these sapient journalists, their labour of love, and their well meant advice, was entirely disregarded.  Another class of men, professing to have imbibed the Chartist principles, were not wanting in their denunciations of such wanton and useless expenditure of money; it was time, they affirmed, that all such gewgaws as music and banners, for such a purpose, should be thrown aside, and that men should become the intelligent, the high-minded beings, which they supposed themselves to be. These men being a century in advance of their fellow men; their voice was lost in the far distance from whence it had to echo, and only some alight reverberations of it ever reached the ears of the thoughtless multitude, who seemed determined that day to fight their enemies with their own weapons of “tinselled glitter and idle pomp,” and the result will prove that they acted wisely and well; that they inoculated thousands with the spirit of Chartism to whom it had previously been a dead letter; and demonstrated to their late Whig undertakers that they were neither dead nor slumbering—that the spirit which animated their breasts was too subtle ever to be confined by a Whig Attorney-General, too elastic to be bound by any doctrine of Whig finality.  On Monday morning all promised well—the sun shone gayly—and thousands were seen assembling together in their local divisions, previous to commencing their march to the central appointments. By nine o'clock",TRUE,FALSE,FALSE
275917,0.634258509,1838-05-26,star,"Slavery of every kind can be effectually abolished; but now that we have the encouragement of a majority of three, we feel some slight revival of hope, even under present circumstances. LORD JOHN RUSSELL tells the House imperiously that the vote is an infringement of an act of Parliament. ""Fool"" why what is any vote? What was the ""Reform Bill"" but a wholesale repeal of the Constitution? What was the vote upon the Catholic question, but the repeal of several Acts of Parliament? What is the title to the Bedford property, but the repeal of an Act of Parliament? But then, say the Ministers, ""You break faith with the planters."" No such thing: the planters and the servile Magistrates have broken faith with the country, and have violated the Act of Parliament. ""Wait"" say the cold-blooded politicians, ""for twenty-four short months, and emancipation will be complete."" We say no such thing: for the hourly aggressions practised by the planters and the Magistrates will debase the minds of the slaves, and make them more unprepared for freedom, and then we shall hear of the ignorance of the blacks; or maybe, an Administration unfriendly to the freedom of the slave would be in office, or that some mighty foreign or domestic consideration may direct public attention to matters of apparently more moment, and thus would slavery still curse the land and enrich the flesh-merchant. Is it because England, in her love for freedom, has been disappointed with the Emancipation project, that, therefore, we are to rest satisfied with abuses which we dreamt not of? No, back we cannot go, stand still we must not, and therefore, with a long pull, a strong pull, and a pull altogether, let us pull down this temple of abomination, and in our own misery let us test our love of freedom",FALSE,FALSE,FALSE
686926,0.634043872,1841-10-09,star,"care not about the oft-told tale of the Corn Law repealers that wages are not operated upon by the rise or fall in the price of food. They may raise a question on this point if they please, but here was an outstanding fact not to be controverted, that masters would always have the control over wages, so long as there was a redundancy of hands in the market, and with a repeal of the Corn Laws there must of a certainty be an ingress, to a considerable extent, of farm labourers into the manufacturing market. What with this fact and the other operating causes of poverty—of competition between master and machinery superseding manual labour, there was little prospect of the working men being benefitted by a repeal of the Corn Laws, and not until they had a voice in the senate regulating their own affairs. The manufacturers say they cannot compete with foreigners and he could not see how they would be better able to do so without reducing wages. In reference to a part of the motion which had been passed—he wished the members of Parliament had to subsist on the factory child's wages of 15d. a week until they introduce some practical and effective measure for the good of the people. He asked the Anti-Corn Law Association in what better situation they are than the Radicals who can command a mi-nority of forty-six, while the Corn Law repealers were in a minority of ninety-two. He asked them how they stood in reference to the Duke of Buckingham, the Duke of Wellington, and Sir Robert Peel, and urged them to abandon the factions of Whig and Tory and join the great party of the people. The Duke of Buckingham tells the Corn Law repealers that he is unchanged as to the Corn Law question. The Duke of Wellington informs the people in substance, that the repealers are too idle to work—that they are raising",FALSE,FALSE,FALSE
827577,0.633827925,1842-03-05,star,""" Apparently (the italics are his own) extended the right hand of political fellowship and bent the knee of politick! obdience to the disciples and paid agents of the monopoly-supporting Feargus O'Connor—to the approvers of the blood-spilling Frost, Williams, and Jones, and to the perpetrators of the Tory-fermented disturbances at anti-Corn Law meetings. The rationalist and consistent Reformers of this borough are no more Chartists or less resolute Corn Law Repealers than ever they were.""  Now, then, Chartists ! what say you to your new allies ! Did we not tell you that they were "" pigs with soaped tails""? ! Wolverhampton is not the only instance of this honourable dealing of the new converts to Chartism and "" Complete Suffrage."" At Huddersfield, in like manner, they sought to carry with them popular support by uniting the Suffrage with the Corn Law question, in precisely like manner—as a means to an end. Their sincerity here, as at Wolverhampton, appears in its true light when viewed in connection with the following placard, plentifully distributed on the day of meeting:—",FALSE,FALSE,FALSE
874625,0.632458568,1851-03-29,star,"theirs,  Former exhibitions of this species of popular tyranny and political intolerance, created misunderstanding between the working classes and the well-intentioned of other classes, which years have not sufficed to efface. The name of Chartist has been associated with turbulence and violence, and the ears of all classes have been closed to the arguments that could be induced in favour of a measure, the advocates of which acted so contrary to the first principles of constitutional and social freedom. The position which the Chartists should occupy towards other parties should, we think, form one question for the Conven- tion, in order that it may be authoritatively settled. We trust it will be settled in such a way as to prevent the reproach of either ill manners or political bigotry against the Char- tists as a body. There are more flies caught by honey than vinegar in the world; and Sir Joshua WALMSLEY is not the only person who can admire “the zeal and devotion of Char- tists.” He has already (he says) “taken some leaves out of their book”—a temperate and manly course on their part would induce him to take more. We have repeatedly en- deavoured to show that there is no reason, in principle, why he should stop short of the People’s Charter; and we believe he and his colleagues are discovering for themselves what we have as repeatedly assured them of— namely, that there is no reason whatever in expediency for the course they are pursuing. If, however, the National Reform Association does not see this at present, let it pursue its own course, and the Chartists theirs. There can be no essential antagonism between two such parties. By mutual respect and mutual conciliation, but without compromise of their own peculiar opinions, they may exercise an immediate and powerful influence —",FALSE,FALSE,FALSE
384180,0.631248593,1842-01-15,star,"Thompson's Houses.—The Chartists of this neighbourhood have taken a chamber in which to hold their meetings. They met on last Sunday morning, at ten o'clock, to hear a lecture from Mr. Thomas Ibbotson, who delivered an able and soul-stirring address on the Charter, and the benefits that would result from it when it was made the law of the land. He advised them to become united in the great work of regenerating the country in which we live.  Middleton Fields.—The Chartists of Middleton Fields met at the sign of the Three Pigeons. Mr. Joshua Brooks was appointed to attend and deliver a lecture; he attended at the time appointed, and acquainted them of the meeting of the Reform Club, at the house of Mr. James Sharp, the Queen Inn, Manchester Road, for the purpose of adopting Universal Suffrage, and requested them to allow him to go there, which they very kindly consented to.  WISBEACH.—The Chartists keep moving here. They have issued an address to the men of Wisbeach, which was re-published in the Chartist Circular. The Council have engaged the service of Dr. P. M. McDouall, to lecture for them on Monday and Tuesday next, and much good they hope to effect through his labours.",TRUE,TRUE,TRUE
515925,0.630133152,1847-08-28,star,"WEST LONDON CENTRAL ANTI-ENCLOSURE ASSOCIATION.—At the last weekly meeting of this association, at the Princess Royal, Circus-street, New-road, Aug. 23rd, Mr Worledge in the chair; Earl Stanhope and Richard Oastler, Esq., were elected honorary members for their handsome donations of books to the library of this society. A vote of thanks was also accorded to Wm. Howitt, for the gift of the first volume of his Journal. In the course of the evening more books arrived, and the meeting was adjourned until Monday the 30th, at eight for half-past, for the purpose of making such arrangements as shall render this society one of the most useful in the metropolis.  In Chowbent, which contains about 5,000 inhabitants, there is not a lawyer, although three county magistrates reside in the town, and petty sessions are held every fortnight.  GREAT STRETCH OF THE INTELLECTUAL POWERS.—There is a man now living in one of the Midland counties who has read Lord George Bentinck's manifesto from beginning to end. Strange to say, he is in the full possession of his faculties.",TRUE,TRUE,TRUE
260599,0.629205883,1846-06-13,star,"Upon this condition the masons considered that they were quite at liberty to make any proposition to their employers in reference to the hours of labour, or rate of remuneration they might deem advisable, without, in any way, violating the resolutions come to, and accordingly they waited upon Mr. Tomkinson, to propose to him, 'that in consequence of the great sacrifice the employers had caused the men to make without any just reason; they would expect one shilling per week advance on their wages, making 27s. per week, and be allowed half an hour each day at four o'clock to take refreshment (not 'for recreation' as stated by your correspondent.) This was the extent of the proposition, and in the presence of Mr. Rushton the same day, with Mr. Tomkinson, the request was lowered to half an hour at four o'clock for refreshment, (which is allowed all over Lancashire, except Liverpool) and the question of wages was set aside; therefore the statement of your correspondent in that respect is also untrue, to which Mr. Rushton can bear testimony.  I will now leave you to judge whether any agreement has been violated by the masons, and whether, after nine weeks' privation and loss, forced on them by their employers, they are not entitled to some compensation. The insertion of this letter will confer a great favour on the workmen, and oblige",TRUE,TRUE,TRUE
445034,0.629091978,1845-08-02,star,"THE NEXT CONFERENCE was appointed to be held at Manchester.  SIXTIETH DAY'S SITTING—SATURDAY, August 2. T. S. Duncombe, Esq., M.P., resumed the chair. The plan of Organisation of Trades was submitted as a whole. The clause in relation to reductions of wages being found informal, it was withdrawn and the following clause substituted:—  ""Levies.—'The Central Committee shall be empowered to call for such levies from the Associated Trades as may be requisite for the maintenance of measures, for the protection of industry, to which they may give their sanction; any trade failing to remit such levies without shewing sufficient cause, shall forfeit all claim to the assistance of the Association.'""  The election of officers was then proceeded with.  ELECTION OF PRESIDENT.  T. S. Duncombe, M.P., was unanimously elected.  —Mr. Duncombe said, that having looked at the rules and the men chosen to serve as the Central Committee, he could have no objection in accepting the office for the ensuing year, and hoped at the end of the year the labours of the Central Committee would be found to have conferred advantages on the working classes, and having accepted the office, he should be happy to devote so much of his time to their service as would not interfere with his Parliamentary duties. (Loud cheers.)—William Devon-shire Saul, Esq., was proposed as treasurer, and Messrs. Bush and Robson were appointed as a depu-tation to obtain Mr. Saul's consent.  Chairman of the Committee of Grievances.  Mr. Hill was proposed for the office of Chairman of the Committee of Grievances, and Mr. Lister was proposed for the office of Secretary of the same Committee.  The following were appointed as a Committee of Arrangements for the next Conference:—Messrs.",TRUE,TRUE,FALSE
906115,0.628016829,1851-01-18,star,"""....... and we feel firmly convinced that you will eventually find yourself abundantly consoled and rewarded, in the approbation and gratitude of all intelligent and well disposed persons amongst your fellow townsmen, and in your own consciousness of the signal benefits you will have conferred on the commercial community generally, by successfully resisting a formidable attempt to array labour against capital, &c.""",FALSE,FALSE,FALSE
28339,0.627883852,1843-04-22,star,"on it as a right, no matter what might be his condition and considered that to withhold it was a direct insult to their understandings as men. He condemned the conduct of Baron Gurney towards Mr. Jones at Leicester, and urged the necessity of a union amongst the people, in order to protect themselves from such insulting tyranny; and, after entering on various subjects, he concluded by seconding the resolution.  Mr. JOHN CHANCE, of Stourbridge, supported the resolution. He was warmly greeted on making his appearance, and said, he had not come there to make an effort at speech-making, but stood forward on that occasion to tell them that the time had now arrived when every man ought to exert himself to achieve those rights in which their happiness was involved. Persecution was the chief instrument of tyrants, but it could never drive a man from the assertion of just principles. He had himself been imprisoned for a short period, on a charge which was afterwards given up, and sent home covered with vermin from the filthy den in which he had been incarcerated; but, instead of cooling his ardour, it made him more determined to struggle against the system, which was the fruitful source of their misery. If men were actuated by the golden rule laid down in the Scriptures, peace and harmony would reign amongst mankind; but, by deviating from that rule, it was found that in proportion as the wealth of the country increased, the working classes were sinking in wretchedness. He did not blame those who possessed wealth; they perhaps thought they were acting right; but he did blame the working classes for allowing themselves to be so treated. At the present time there were thousands of human beings houseless wanderers, whilst thousands of houses were untenanted, and falling into ruin; that one fact was sufficient to show the deplorable state of society; even",FALSE,FALSE,FALSE
695092,0.626647353,1846-10-03,star,"the enactment of the People's Charter. Ernest Jones, Esq., will take the chair at half-past seven o'clock precisely. The following patriots will address the meeting, Feargus O'Connor, Esq., Mr. Samuel Kydd, Mr. Julian Harney, Mr. T. M. Wheeler, Dr. McDoual, Mr. P. McGrath, and Mr. T. Clark, assisted by several talented friends of the people.  SHEPPERD.—A discussion will take place on Sunday evening, in the Democratic Temperance Rooms, 33, Queen-street. Subject, "" Tithees, an abomination,"" the following persons will take part, Messrs. Marshall, Briggs, Seward, Taylor, and others. Chair to be taken at half-past 7.  DUNKIRK NEAR DAVYTNS.—A meeting will be held at Mr. Thomas Bond's, on Monday evening next, October 5th, at half-past 6 o'clock, to adopt the National Petition, &c. &c.  SLEAFORD.—The Branch of the Co-operative Land Society, meets to enrol members every Monday evening, at eight o'clock at the Rose and Crown, Tun Water Gate.  STOCKPORT.—Mr. Robert Wild of Mottram, will lecture at Stockport, on Sunday evening next, at 6 o'clock, subject, "" The Land.""  Mr. DOYLE'S ROUR.—Monday, October 5th, Glasgow; Tuesday, 6th, Elderslie; Wednesday, 7th, Johnston; Thursday, 8th, Solcross.  BRISTOL YOUNG MEN'S CHARTER ASSOCIATION.—The members of that society are requested to meet at Mr. Cook's, Sim's-alley, Broadmead, on Wednesday evening next, at eight o'clock.",TRUE,TRUE,TRUE
77953,0.626491666,1842-02-26,star,"If it be asked what we advise, we reply briefly— Have nothing at all to do with “Extension” or Corn Law Repeal. Suffer no resolutions on these subjects to pass at any public meetings. Negative them as fast as they are proposed, and stick to the Charter, and the Charter only. In this advice we are sustained by the delegates of South Lancashire, from whose excellent address we give the following passages, commending them to special notice :—  “Brother Chartists, we emphatically call upon you to do your duty. At public meetings be firm, resolute, and determined. Allow fair discussion. Act as becomes men seeking your liberty; raise no clamour or confusion,—let the middle class have this part of the business to themselves,—and at all and every risk stand upon your Charter. At all meetings publicly convened, be at your post. And the best way to test the honesty of the middle class is to enforce your amendments for the Charter. Do not be juggled, allow no compromise, but by sound argument and reason defend at every hazard the principles which it contains.",FALSE,FALSE,FALSE
742722,0.624484479,1845-05-31,star,"that land were to be put into a state of cultivation. (Hear, hear.) The great evil of this country was that the poor man was driven off the land; there was no land for the labour of his hands. The consequence was, that the manufacturing industry of the country was overpowered by the number of superfluous hands that were poured in upon it. (Hear, hear.) He did not wish further to trespass on the attention of the house. He had only addressed them on this occasion in the hope that they might be induced to take the claims and wishes of the people into their consideration, more especially their claim to a share in the making of the laws, and in sending representatives to that house. The hon. gentleman concluded by moving, as an amendment to the first resolution, that after the word ""opportunity"" in that resolution, these words be inserted, ""to give immediate attention to the claims of the people, so repeatedly urged in the petitions of the people for an extension of the Parliamentary suffrage, as well as""—after which the rest of the words of the resolution to follow; and ""that resolutions 4, 5, 6, and 8 be omitted.""  Mr. W. Williams seconded the amendment.  Sir James Graham observed, that he should have risen immediately after Lord John Russell, to move the previous question upon his first resolution, had it not been for the consideration that by so doing he should have been acting discourteously towards Mr. S. Crawford, who in that case would have been prevented from proposing the amendment which he had placed on the notice book, and which he had just submitted to the consideration of the house. The ordinary form of the motions submitted to the house gave them some notion previously of the subjects which they had to discuss; but that of Lord John Russell had thrown the house into a maze of confusion, as to the topics",FALSE,FALSE,FALSE
167689,0.624385655,1848-02-12,star,"A meeting of the members of the National Land Company will be held in the Union Hall, Blackfriars-street, on Monday evening, March 6th, at half-past seven o'clock, for the election of officer-bearers, and on other business of importance.  SUNDERLAND.—A tea party and ball will be held in the arcade in this town on Monday, the 6th of March, in aid of the fund to enable Mr O'Connor to maintain his right to represent Nottingham. Every arrangement has been made to make it the most brilliant and attractive thing of the kind that has ever taken place in Sunderland. Tea on the table punctually at seven o'clock, after which addresses, songs, and recitations will precede the ball at ten o'clock. A quadrille band has been engaged; auto-rooms prepared, and every accommodation arranged, calculated to minister to the comfort, convenience, and enjoyment of each individual. Tickets (one shilling each), may be obtained of Mr Arnott, bookseller, High-street; Mr Warwick, merchant tailor, Union-street; and at the Association's rooms, New Town, and Numbers Garth. No tickets will be sold after Wednesday, 1st of March.",TRUE,TRUE,TRUE
578846,0.624319792,1849-08-18,star,"If we required proof—strong and irrefutable proof—of the horror and dismay with which this HAPPY UNION has struck, nay, paralysed, the monopolists of power, we discover it in the comment of our DAY PUPIL of PRINTING HOUSE SQUARE, upon the glorious meeting of a r o c c i o n s t a b l e t h a t t e n d e d t o b e a n a n t i c i p a t i o n o f a n a n t i c i s m",FALSE,FALSE,FALSE
50456,0.623377502,1843-07-22,star,"THE MANCHESTER CHARTISTS and MR. RAILTON. In relation to the letter inserted a fortnight ago from Mr. Railton, we have received the following explanation from the Manchester Chartists, which we have pleasure in giving:—  SIR,—Having seen your remarks upon the letter sent for insertion in the Star by Mr. Railton, we feel bound in justice to the Chartists of this locality to give a proper statement of the circumstances connected with the case. In so doing we shall confine ourselves to a plain statement of facts, leaving our friends throughout the country to judge how far you are justified in your animadversions.  We do not attempt to deny the fact of Mr. Railton's having to pledge his tools in order that he might be enabled to meet his expenses to London. But Mr. Railton did so without the knowledge of either the Council or members of the Carpenters' Hall Locality. True he had made application to the Defence Fund Committee; but they decided that his presence in London was unnecessary, and consequently refused him money for that purpose. Mr. Railton therefore pledged his tool chest, and took his departure before either the Council or the members became acquainted with the fact. But on the Sunday following, the case having been investigated, a resolution was unanimously agreed to, that the amount of money received by Mr. Railton in lien of his chest should be taken from the Association funds for the purpose of redeeming it. It was then discovered that Mr. O'Connor had advanced thirty shillings to Mr. Railton; that sum was consequently handed over to Mr. O'Connor and the remaining twenty shillings was transmitted per post to London; and we have Mr. Railton's admission that he received the money.  By inserting this letter you will oblige the Chartists of Manchester.  D. DORAVAN, Chairman, J. MURRAY",FALSE,FALSE,FALSE
284599,0.622773588,1844-07-27,star,"O’Connor had shown from history the sad fate of many of the oppressors of Ireland. Sixty were enrolled as associates. A vote of thanks was passed to the Chairman, and the meeting, in which much enthusiasm was shown, dissolved.  Liberator’s Ward.—On Monday evening, a large meeting was held at the Philanthropic Institution, High-street, Shadwell. The Hall, which is capable of holding between two and three thousand persons, was respectably filled. The agitation in this district is under the guidance of the Revs. Messrs. Moore, Foley, and Flanigan, of the Catholic Chapel, Virginia-street, who have kindly given the use of the Teetotal Hall every Monday evening, for the use of the Repealers of this district. Mr. O’Mahoney was called to the chair, who opened the business of the evening by handing in several subscriptions. Mr. Reading, on rising, was loudly cheered, and said he fully agreed with the advice of their American brethren to those of their Irish brethren, which had just been read by their talented warden, Mr. Roche, that the agitation should be carried into England by means of lecturers, pamphlets, and the press. He must beg to acknowledge that Repeal was much an English as an Irish question; and he trusted that the same spirit of conciliation would be observed on this side of the water towards the Englishmen, as was shown upon the other towards the deluded Orangemen. In the locality in which they were now situate great numbers of their Irish brethren were employed in the St. Katherine and London Docks, who were compelled to seek employment in them on account of alien laws and alien legislation. They had only to convince their English brethren of the necessity of their joining them in the glorious struggle for nationality, and when once convinced of the benefits to be derived",TRUE,TRUE,TRUE
334730,0.621982813,1841-10-23,star,"The tricks to which these Anti-Corn Law gentry are compelled to descend to get an audience together to hear their fallacies and sophistries, is good evidence of the progress of sound and honest enlightenment on these subjects among the working men. In this placard, the words ""Public Meeting;"" ""People's Charter;"" and ""by Mr. Hill,"" are printed in the largest type that could possibly be got into the breadth of the sheet; doubtless with the idea of inducing parties to attend, from the supposition that it was a Chartist meeting, to be addressed by the Editor of this paper. We have not heard the result of this palpable ruse; but it requires not much penetration to see that it is eminently calculated to defeat itself; because parties who might have been thus entrapped were not likely to be long in discovering, or slow in resenting, the cheat practised on them. The people are not now to be led by men. Past services and established reputation are not now received as substitutes for principle. If the Editor of the Northern Star should presume to prate the nonsense of the ""Daily Bread Society"" to any meeting of the men and women of Manchester, he would be very deservedly treated with as little ceremony as we dare say was bestowed upon this pseudo ""Bread Eater's Advocate.""  The tail of the placard tells us, that the ""Mr. Hill"" therein referred to, is the author of ""Daily Bread"" and the ""Bread Eaters Advocate,"" &c. &c. Two numbers of this ""Bread Eater's Advocate"" have been sent to us by some friend, whom we thank; and their contents induced us to buy the book referred to under the title ""Daily Bread."" We find it to be a ridiculously insidious plot to take advantage of the extensive",FALSE,FALSE,FALSE
213863,0.616849005,1843-02-25,star,"This trial is one of the most important ever had in this kingdom, in connection with the people's political movement. So we consider it, and as such shall treat it. Four eminent Counsel have been engaged for the Defence: one Serjeant, two Queen's Counsel, and one Barrister. Their names are, Serjeant Murphy, D. Dundas, Q.C., W. H. Watson, Q.C., and Charles Wilkins. The trial will take place before Baron Rolfe. The names of the parties included in the Indictment, and who are to be put on their trials, are:—",FALSE,FALSE,FALSE
661865,0.613996029,1842-04-16,star,"“ That in the opinion of this public Vestry, the alarming distress which now prevails throughout the country has been caused by the bad laws, and legislative mismanagement of our present legislators, and that the only remedy for the present system of class legislation, is by giving to the people a full, fair, and free representation which will restore trade to a safe basis, ensure plenty to the operative, protection to the capitalist, and prosperity to the country.  Mr. ELGAR had great pleasure in seconding the resolution. They might rest assured that no good laws would be enacted until the whole people were represented; those who now sent representatives, sent those men who would look to their interest regardless of the general benefit of the country. Thousands, yea millions, were actually starving for want of the common necessaries of life; were willing to work, but utterly unable to obtain it. This distress had now reached the middle class, and it was their bounden duty to unite with the working men to give to all that political power which by nature they were entitled. They (the middle class) must of necessity come over to us and agitate for this great principle, and we shall then be able to get up such an amount of public opinion as shall force the government to accede to our demands. If the working men were represented in the House of Commons, did they suppose that many of them would be dying, as our coroners' inquests now proved that they were, of hunger and starvation in our streets? No, they would then elect men who would legislate for the good of the whole people.",FALSE,FALSE,FALSE
157668,0.613045514,1847-01-09,star,"Every man employed by the society should consent to be a full member paying two shillings a week, to be applied to the purchase of land for the location of the subscribers; or, if they please to sell, those who were willing to buy. These apiaries, if properly worked, would soon develop the strength, the power, the value, and the knowledge of the Trades. Their House of Commons would present an attraction to the juvenile sentator, to the manufacturer, the aristocrat, and the shopkeeper; while their coffee house would be the resort of men who would find a wholesale check upon licentiousness; and the profits they would make, after the payment of generous wages, would speedily convince their fellows of their value to others, and induce them to look for that system of representation which would confer it upon themselves.",FALSE,FALSE,FALSE
751222,0.611538649,1851-09-13,star,"measures, have spoken against the policy of the present Government, which they declare to be in direct contradiction to the principles of liberty, justice, and humanity which have been the boast of the British nation. They have been driven from the parliamentary representation of their country, and have been compelled to seek a refuge in the press, and to appeal to the people. They have been driven from the parliamentary representation of their country, and have been compelled to seek a refuge in the press, and to appeal to the people. They have been driven from the parliamentary representation of their country, and have been compelled to seek a refuge in the press, and to appeal to the people. They have been driven from the parliamentary representation of their country, and have been compelled to seek a refuge in the press, and to appeal to the people. They have been driven from the parliamentary representation of their country, and have been compelled to seek a refuge in the press, and to appeal to the people. They have been driven from the parliamentary representation of their country, and have been compelled to seek a refuge in the press, and to appeal to the people. They have been driven from the parliamentary representation of their country, and have been compelled to seek a refuge in the press, and to appeal to the people. They have been driven from the parliamentary representation of their country, and have been compelled to seek a refuge in the press, and to appeal to the people. They have been driven from the parliamentary representation of their country, and have been compelled to seek a refuge in the press, and to appeal to the people. They have been driven from the parliamentary representation of their country, and have been compelled to seek a refuge in the press, and to appeal to the people. They have been driven from the parliamentary representation of their country, and have been compelled to seek a refuge in the press, and to appeal to the people. They",FALSE,FALSE,FALSE
468886,0.611284137,1843-07-29,star,"DELEGATE MEETING—According to announcement, the delegates from the different localities met last Sunday, at the house of Mr. James Haslam, Seven Stars Inn. Previous to commencing business, a delegate from Blackburn, arrived with information that a camp meeting would be held on Sunday, July 30th, on Bull Hill, when the delegates from Bolton district agreed to relinquish the design of holding their contemplated camp meeting, but would join that to take place on Bull Hill. The people of Bolton district are therefore requested to attend. Mr. Dixon is expected to address the men of Bolton, at the Glebe Inn, Turton, at eleven o'clock, and from thence to proceed in a body to the place of meeting.  ALMONDBURY.—At the usual weekly meeting held on Monday evening July 24th, the following resolution was carried unanimously:-""That the thanks of this meeting are due, and are hereby given to Mr. O'Connor for the able and judicious manner in which he has disbursed the defence fund; and to Mr. Mr. Roberts, for his able exertions during the Chartist trials."" It is particularly requested that as many of the members as can possibly attend will do so on Monday evening next, as business of importance will be brought forward demanding immediate consideration.  LEAMINGTON.—Mr. O'Neil delivered three lectures in the old chapel, Clements-street, on Monday, Tuesday, and Wednesday evening, last week; the room, capable of holding from 600 to 700, was crammed to suffocation each night. On Monday night, the subject was ""the Sacredness of Human Life."" The other two lectures were on ""the Anatomy of the Human Frame,"" illustrated with magic lantern plates.",TRUE,TRUE,TRUE
641201,0.608815312,1841-02-27,star,"Public Meeting at Birmingham.—A meeting was held on Thursday evening last, at the Christian Chartist Church, Newhall-street: A lecture was delivered by Mr. O’Neil on the “Poets of the People,” in the course of which he read several beautiful and soul stirring passages from Southey’s “Wat Tyler” and also quoted largely from the writings of Shelley and Byron. At the conclusion of the lecture, Mr. T. F. Green commented on the manner in which the lecturer had treated the subject, and was replied to by Mr. Collins. After which, Mr. George White addressed the meeting. He stated that he had come to that meeting on important business, connected with the Chartist movement. He had that evening received a circular from the Secretary of the Executive Council at Manchester, requesting him to call a meeting for the purpose of electing a Delegate to attend at Manchester on the 30th for the transaction of important business. He had no other course to pursue than the one he had already taken, as the National Charter Association would not have another meeting until after the time appointed for the meeting of delegates. He thought it his duty to lay the circular before them, as he understood that the persons attending that place were Chartists, and also as the meeting in question was called for the purpose of removing the objections held by a portion of the Chartists of Birmingham. He therefore thought it highly necessary that a meeting should be called and a Delegate elected. Mr. O’Neil objected to the recommendation of Mr. White, as a meeting could not be legally called for the election of a Delegate without five days’ previous notice, besides there was but one day in which the notice could be given, and that would not be sufficient time to take the opinion of the people. Mr. Collins coincided with Mr. O’Neil as to the shortness of the notice, and moved a",TRUE,TRUE,TRUE
45378,0.608596981,1843-03-04,star,"DUBLIN.—CHARTISM TAKING ROOT AMONGST THE MIDDLE CLASSES AT LAST.—EIGHTEEN CITIZENS ADMITTED MEMBERS OF THE IRISH UNIVERSAL SUFFRAGE ASSOCIATION.—The usual meeting of the Irish Universal Suffrage Association was held on Sunday last. At two o'clock the chair was taken by Mr. Henry Clark. Mr. Dyott read the minutes of the last day's proceedings and the rules and objects of the Irish Universal Suffrage Association. He also read a letter from Mr. Jas. Williams, of Bishopwearmouth, as well as several other letters. Mr. Dyott moved, “That Mr. J. Turney, cabinet maker, be admitted a member.” Mr. D. Denny seconded the motion, and took that opportunity of expressing his deep regret for the language he had used on the previous Sunday—(hear, hear, and cheers). He had altogether mistaken the objects of the Association and the motives of those whom he opposed. He saw his error, and he now pledged himself to co-operate heart and soul with that truly national and democratic Association—(great cheering) while at the same time he begged to be distinctly understood that he reserved to himself the right of opposing any proposition of which he did not approve. He hoped that he should never again be in the warmth of debate, or otherwise be led into the use of unbecoming language—(hear, hear). Mr. O'Higgins said that he had seldom risen in his life with more sincere pleasure than he did upon the present occasion. He had taken a part in politics from his infancy. He had belonged to many associations, but he never had seen the real, the true, and genuine principle of democracy carried into practical operation in any of them—(hear, hear). There was a leaning to classes and higher orders in them all, even in the Trades Political Union. However on the present occasion a",TRUE,TRUE,FALSE
648480,0.607964218,1841-04-17,star,""" Mr. O'CONNELL would take the opportunity from that spot of calling upon his countrymen in England totally to avoid any connexion with the Chartists. Their advocacy of Repeal would tend most to impede it, and THE SUCCESS OF CHARTISM IN IRELAND, which was impossible, WOULD ALONE MAKE HIM ABANDON HIS PRESENT AGITATION. (Hear, hear.) He understood that there was an Association about being formed, at the head of which were Messrs. Lovell, Collins, and Cleave—three of as good men as were in the community—having for its object HOUSEHOLD SUPRAGE and SHORTENING THE DURATION OF PARLIAMENT, and perfectly UNCONNECTED WITH FRANCIS and his wild associates; and instead of impeding reform in England, this Association might be made exceedingly useful UNDER PROPER MANAGEMENT, and the guidance of the men whose names he mentioned. (Hear, hear.)  Now, then, is the cat out of the bag? Are the ""New Move"" men satisfied with their distinguished and consistent patron! and what say the people to the connection!!  Do the people set for what and for whom the ""Two Hundred and Fifty Thousand Four Hundred and Eighty Pounds,"" are to be raised? !!",FALSE,FALSE,FALSE
330117,0.60715878,1843-02-25,star,"""Feargus O'Connor, Esq., and may his disinterested services be duly appreciated by a grateful people.""  Mr. O'Connor, on rising, was received with the most deafening cheers. After these had subsided he said, Mr. Chairman, ladies, and brother Chartists, it is now four years since I stole a march from the assizes, and I told you then that I was going to be tried. Well, I am now going to be tried again. Despots and despotism are foolishly endeavouring to put down truth by persecution. Despotism and despots are warring against each other and, like Kilkenny cats, will devour each other. This is the sixth prosecution that he (Mr. O'Connor) had had to undergo in five years, and surely that was sufficient. The system cannot hold out much longer, and unless a change be speedily brought about, not all the powers of faction can keep the machinery of Government moving. The Bank of England could at present boast of five millions more of bullion than ever they had, and the poverty of the country had",FALSE,FALSE,FALSE
626242,0.606275141,1843-04-29,star,"Believing, as I do, that the factory question will never be satisfactorily settled whilst the system of ""relays"" is continued, I am anxious to rescue my friend Sadler's memory from the suspicion of his having ever acquiesced in that impolitic system. No man opposed it more steadily than Sadler—it was obtained in direct contradiction to his wishes. In his letter to the Commissioners, on that subject, he said:—  ""Relays!—the very term is disgusting; 'the comparison between the management of human creatures and that of cattle is,' as Hume says, 'shocking!' But even in any such comparison, the physical condition of the infantile labourers, under the 'relay' system, would sink infinitely below that of the brute.  ""The question is, whether the system, as now pursued, is injurious to the growth, destructive to the health, and fatal to the life itself, of multitudes of human victims, in the beginning of their days; and not whether Mr. This, or Mr. That, may get £20,000 per annum, or only two-thirds or half of that sum, by those infant 'gangs' which the legislature of England, to its eternal disgrace, has too long trusted to his 'tender mercies.'  ""But attempt such a measure, and, without professing the gift of prophecy, I venture to prognosticate that a struggle will commence which every friend of humanity and his country will have to deprecate.""  That 'measure' has been 'attempted'—that 'struggle' has 'commenced.' The distress of the manufacturing population, which has issued in the late out-breaks, is a warning to be remembered—an evil to be deprecated.",FALSE,FALSE,FALSE
340773,0.604333639,1841-04-24,star,"CAERLEON (Monmouthshire).—GREAT PUBLIC MEETING.—DEFEAT OF THE WHIG POLICE ADVOCATES, AND GLORIOUS TRIUMPH OF THE CHARTISTS.—Some time ago, a requisition was drawn out by two well-known characters, and taken round the town to obtain signatures, for the purpose of calling a meeting to introduce a police force into our peaceably disposed town. Most of the Whig party signed the requisition; others, not aware of the nature of the requisition, allowed their signatures to be attached to it. On Sunday, the 11th of April, a notice was placed on the church door, announcing the meeting to take place on the following Wednesday, signed by the churchwarden. The late Mayor (once termed the “Prince Bishop”) boasted of his having obtained all the respectable gentlemen’s signatures in the town, and those who refused were the rag-muffin Chartists, who were not worth noticing. The Chartists determined to retort with equal severity on his Worship the term he had so misapplied to them, and mustered all their force to the place of meeting, headed by Mr. J. Brown, sen. Shortly afterwards, the “Prince Bishop” and the tyrant king made their appearance. The inhabitants were then waiting for the magistrates to come, before they commenced the meeting. During the interval, the Chartists and Tories were busily employed discussing the subject, to the great advantage of the former. Presently, Sir Digby Mackworth and T. Pothergill, Esq., magistrates, entered the room. T. Pothergill, Esq. was called to the chair, and he opened the meeting by introducing the subject, and giving his own opinion, which was in favour of the police. He was followed by Sir Digby Mackworth, who in the course of his address endeavoured to",TRUE,TRUE,TRUE
259617,0.603367865,1850-07-20,star,"Should not reason and common sense have dictated to the noble Earl of Carlisle and the government, that the objections thus raised should have determined them the more to persevere with the bill, seeing that the cause of such opposition arose, without doubt, from a fear of the inspection? Hence a sure criterion of its utility. Yet, instead of this, we find that attention is given to the objections, and the bill altered—or, as they term it, amended to suit the whim and caprice of such interested parties. The deputation have taken the earliest opportunity of waiting upon the Earl of Carlisle to remonstrate with him on the matter, but whether he will attend to the recommendation of the deputation, or not, remains to be seen. The noble Earl did not offer any serious objection to reinstate the original matter in the bill, but as it will again be brought before the House on Thursday night, a short time will try it.  The deputation have determined to appeal to the miners throughout Great Britain to summon courage to battle this question with the capitalists; to afford, by their contributions to the deputation, the means of watching the further progress of the bill, so as to ensure, to the utmost extent possible, an efficient measure; and if those means are not forthcoming then, the miners can only blame themselves for all the calamities of this nature which may hereafter befall them.  We trust they will see it to be their duty to help forward this cause of humanity.  Any correspondence may be addressed to Mr. D. Swallow, No. 2, Northumberland-court, Charing-cross; or to M. Jude, British Coffee-house, Agar-street, Strand, London.",FALSE,FALSE,FALSE
452560,0.603197396,1840-09-12,star,"LONDON.—At a meeting of the members of the East London Democratic Association, the following resolution was unanimously adopted—Proposed by J. Pickersgill, seconded by W. Wilkins, “That the sum of ten shillings be voted from the funds of this Association, for the wives and families of the imprisoned Chartists.”  SUNDERLAND.—A public meeting was held in the Co-operative Hall, Lambton-street, on Friday evening week, to elect two delegates to the delegate meeting, which was held on Tuesday last, and also to nominate the individuals thought suitable for the Town Council. A list of those nominated is to be laid before each class by the leader, and each individual composing that class to give in a ballot-paper of nine persons, whom he wishes to be appointed. A meeting was fixed to be held on Thursday evening last, when the election will be declared and the report of the delegates submitted to the meeting. A resolution was put to the meeting, and carried unanimously, that the appointment of a missionary, the total abstinence plan, the connexion of benefit societies with Chartism, and the formation of Youth's Chartist Societies, &c. be recommended by the delegates.",TRUE,TRUE,TRUE
834127,0.603106856,1845-07-05,star,"Now, sir, that letter is one mass of foolish falsehoods; you were emboldened by my silence upon your previous nonsense, and supposed that you might with safety palm anything upon the credulous, rendered more sceptical, if not suspicious, by my desire to have your whole case before I made you your own executioner: as soon as you had got your head into your own noose I had only to let the drop fall and allow you to swing as a public example. That I have already done most effectually; and that it should not be too hastily lost on society, I must now gibbet you with “WILLIAM I-WISHL-I-MAY-GET-IT.” You say that you were not aware of the existence of the “National Land and Building Association” until you read your own article in Lloyd’s. What, are you not the founder of that association? And more, as John Watkins is himself the Independent Chartist Association of Great Britain and Ireland, do you not, to your sorrow, constitute the “National Land and Building Association”? But let that pass: William says that he has paid an amount of subscription to the “Chartist Co-operative Land Plan” in the Lambeth district, which he is anxious to have restored to him, that he may purchase the chance of a cell in one of your four-room houses for life. I shall presently insert the rejected reply of the Lambeth secretary, and in the meantime, to relieve William, and all those similarly circumstanced, I have only to say that by bringing me an assurance of his identity from the Lambeth secretary, that he shall receive 3s. 6d. for the 3s. 3d. he says he has paid; and I may as well mention here that as I am about paying a large sum to the treasurer’s account, that all",FALSE,FALSE,FALSE
355917,0.602441192,1841-11-27,star,"It has been said, repeal the Corn Laws, and the balance will be in favour of the money holders; or expunge the national debt, and the balance will be in favour of the landholders, which propositions are quite good; repeal either monopoly, and the remaining monopolists will be the employers of those who live by labour; do away with both, and to whom shall the labourer go with his only commodity? It is quite clear that neither of these can purchase his labour, as none, of either party, bring money into the world, so can neither have it but by monopoly; in some shape, destroy these, and it is of no use to look for employment in that quarter. Under such circumstances, what shall become of those whose only dependence is labour? I know though all existing monopolies were repealed, other might be substituted; say that every one above six feet high should be entitled to a few hundred thousands per annum, or that all above twelve stone weight should be similarly privileged; then these would become aristocrats, and employ labourers, and be looked up to, and become influential, the same as the aristocracy now is, and men would busy themselves to attain—those qualifications, the same as is done at present, only differing according to the different nature of the monopoly; under such regulations, the system of governing now pursued might go on quite as much in accordance with the spirit of justice, as at present, and any other similar scheme may be adopted, and the same results will follow. But this much know all —without a privileged class in some shape, the present Constitution cannot exist. It is a system of servitude, and those who employ servants must, in the first place, be provided with the means of paying them, along with the appropriation of the means whereby men can live otherwise, which must be enforced before a system like",FALSE,FALSE,FALSE
298781,0.602166533,1847-12-18,star,"Now Ready, a New Edition of  MR. O'CONNOR'S WORK ON SMALL FARMS.  To be had at the Northern Star Office, 16, Great Windmill Street; and of Abel Heywood, Manchester.  JUST PUBLISHED,  (Uniform with the ""Labourer"" Magazine,) Price 6d.  PRACTICAL TREATISE ON SPADE HUSBANDRY,  being the results of four years' experience. By J. Sillert.  McGowan and Co., 16, Great Windmill-street, London and may be had of all booksellers.  JUST PUBLISHED.  PRICE SIXPENCE,  NO. XIL OF ""THE LABOURER,"" With a Portrait of F. O'Connor, Esq., M.P.  CONTENTS.  1. The Age of Peace, a Poem, by Ernest Jones. 2. The Insurrection of the Working Classes. 3. The Morality of Commerce. 4. The Romance of a People. 5. The Poor Man's Legal Manual. 6. National Literature—Poland;  Letters (pre-paid) to be addressed to the Editors, 16 Great Windmill Street, Haymarket, London. Orders received by all agents for the ""Northern Star"" and all booksellers in town and country.  Just Published, price One Penny.  LETTER BY FRANCIS O'CONNOR, ESQ., M.P., TO THE RICH AND THE POOR: To those who Live in Idleness Without Labour, and to those who are Willing to Labour but Compelled to Starve.",FALSE,FALSE,FALSE
488516,0.600419521,1841-07-10,star,"disarmed, driven to the street, strip of his clothing, with the exception of his trousers, beat in the most unmerciful manner; his hair torn from his head; stabbed in several parts with knives; struck with paving stones; and driven, barefooted, towards the Market-place, where they intended to hang him; but, on crossing Blackfriar's Bridge, the cry was, ""Throw him into the river;"" and, had not his son clung to him, determined to share his fate with him, he would unquestionably have been thrown over the bridge; but leaving it, they proceeded till they were met by a large body of police, who enabled Dover to take shelter in a house for a time. The military arrived, and, by the assistance of these two formidable bodies, he was taken to the city gaol, where he still remains for protection. After Dover was rescued, a slight demand was made for Whiting, (the seconder,) but it did not take effect. Some few were captured; the others were dispersed by the military, and ultimately tranquillity was restored. Mr. Whiting, not wishing to meet the same fate, has left Norwich. (much the most prudent plan.) All is now quiet.  WESTMINSTER.—Amongst the several candidates who have solicited the suffrage of the electors of this great city, to represent their interests in Parliament, were John Temple Leader, General De Lacy Evans, (Whigs,) and Captain Rous, (Conservative.) Leader offered himself as the advocate of cheap bread, and that more substantial measure—the Suffrage! and the Ballot to protect it. General Evans would not go a step beyond “free trade.” (!) whilst Captain Rous, who, to use his own words, “offered himself at the eleventh hour,”",FALSE,FALSE,FALSE
277939,0.599517584,1840-02-01,star,"cotton goods, has recently removed from a small factory in Ancoats to a large and commodious establishment in Falkner-street, Manchester. Mr. Falkner, who has been for many years engaged in the manufacture of cotton goods, has recently removed from a small factory in Ancoats to a large and commodious establishment in Falkner-street, Manchester. Mr. Falkner, who has been for many years engaged in the manufacture of cotton goods, has recently removed from a small factory in Ancoats to a large and commodious establishment in Falkner-street, Manchester.  PART I.—ON FAIR AND CONGREGATIONAL DISPENSATIONS GENERALLY.  Chap. I.—On the Fair of Provisions.  Chap. II.—On the Fair of Provisions.  Chap. III.—On the Fair of Provisions.  Chap. IV.—On the Fair of Provisions.  Chap. V.—On the Fair of Provisions.  Chap. VI.—On the Fair of Provisions.  Chap. VII.—On the Fair of Provisions.  Chap. VIII.—On the Fair of Provisions.  Chap. IX.—On the Fair of Provisions.  Chap. X.—On the Fair of Provisions.  Chap. XI.—On the Fair of Provisions.  Chap. XII.—On the Fair of Provisions.  Chap. XIII.—On the Fair of Provisions.  Chap. XIV.—On the Fair of Provisions.  Chap. XV.—On the Fair of Provisions.  Chap. XVI.—On the Fair of Provisions.  Chap. XVII.—On the Fair of Provisions.  Chap. XVIII.—On the Fair of Provisions.  Chap. XIX.—On the Fair of Provisions.  Chap. XX.—On the Fair",FALSE,FALSE,FALSE
1084502,0.599059641,1860-01-21,leader,"FROM the recent proceedings of our Metropolitan Council, we learn that a bill will be introduced early in the coming session, having for its object the material increase of the powers and revenues of the Board. What is true, probably, of all political bodies, is especially true of those which may, in their organisation, be called oligarchical—much would have more. The Metropolitan Board of Works already possesses as large pecuniary resources, and as great an amount of influence and patronage as the legislature of many minor states; but not content with what it has, it grasps at further prerogatives and a larger exchequer. Though nominally chosen by the ratepayers of London at large, the really oligarchic nature of its constitution betrays itself in a great variety of ways, and in none more characteristically than in its impending demand for additional powers. Instead of being elected by the taxpayers themselves, this strangely constructed corporation is nominated, as every one knows, by the vestries of the different parishes over which its jurisdiction extends. The tendency of this system of indirect election was not long in displaying itself. It is, in fact, an old device of bureaucracy for numbing in the representative the sense of accountability to public opinion, and for paralyzing in those who are said to be represented the power of exciting any account. We see this in the working of the system every day. The Board meets weekly, and reports of its proceedings appear in the daily papers. But nothing can be more superciliously contemptuous of public opinion than those proceedings generally are. Were the score, or score and a half of gentlemen, who appear to understand one another so well, under the necessity of trying to understand public feeling, even a little, they would not have pursued the course during the last twelve months that has brought them into such ill-repute among their fellow-citizens.",FALSE,FALSE,FALSE
492345,0.598442018,1841-05-08,star,"Minister Kinross, Richard Malcolm, do. Kings Kettle, David Rollow, do. Charleston, John Findley, do. Carlisle, John Armstrong, do. Ashton-under-Lyne, Joseph Hilton, do.  WILTSHIRE—On Sunday morning last, were assembled, under the fertile hills on Salisbury Plain, near the central part of the county, delegates from the following places:—Trowbridge, Messrs. Moore and Watts; Bradford, Messrs. Gordon and Haswell; North Bradley, Mr. Hayward; Westbury, Mr. Tucker; Warminster, Mr. George Kinston; Monkton Deverall, Messrs. Tudgey and Garret; Mere, Mr. Mills; Devizes, Mr. Spencer; Market and West Lavingtons, Messrs. Moore. The Secretary read the minutes of their last meeting; after being confirmed, several letters were read from the following persons, Messrs. Roberts, Philip, Vincent, Bolwell, and Campbell, Secretary to the Executive, also one from Shaston. Each delegate then gave an account of what progress they were making in the Chartist cause, in their localities. Nearly all gave a cheering account, but what was most needed were lecturers. Messrs. Mills and Tudgey said, since Mr. Bolwell lectured in their districts it had been the means of doing much good. Mr. Moore, of Lavington, said they only wanted some one to come amongst them to give instruction, and an Association would be formed immediately. Since many of them had become Teetotallers, they had become good Chartists. The following resolutions were unanimously carried:—""That Mr. Collins is not a fit and proper person to sit in the Petition Convention."" ""That the letter of Mr. Vincent is quite satisfactory and a proof that he does not wish to see disunion in",TRUE,TRUE,TRUE
824390,0.597564638,1850-10-26,star,"Mr. LESLIE seconded the amendment.  Mr. PERRY was of opinion that the Executive of the Chartist body exhibited a more fraternal feeling than the delegates present. The speaker then found fault with the past conduct of the Chartist body, and stated that the Social Reformers had been the most powerful and intellectual advocates of the Charter, and their actions alone had never belied their words. The very fact of the Chartists asking aid was a proof that they acknowledged their superior discernment.  Mr. HARRIS deprecated the warmth of the last speaker, and trusted it would not be indulged in by those who followed him.  Mr. FUSSELL.—They should all agree on certain principles, which would give satisfaction to the country at large. In all their past agitation, in all their Conferences, they had given the motives and reasons why they demanded the Charter; they asked the Socialists to join them because they would be equally benefited by the attainment of political power, and every accession of numbers was a step towards achieving their object. He thought the resolution of the previous meeting had been understood; the whole of the following clauses had better be embodied in one; it would save them much time in their discussion.  Mr. BLANK wished to know whether they were to be confined to the discussion of the Social rights contained in the programme; he thought they should go into the whole Social question.",FALSE,FALSE,FALSE
614660,0.594843209,1844-02-10,star,"So then the ""Good Old King"" is about to be released from his merciless tormenters, after satisfaction of a debt and interest which would have been long since paid off, and which was in course of liquidation, had not his struggle for the rights of labour rendered him obnoxious to his debtor. In all probability, before this meets the eye of the reader, the prison door that has been locked upon the ""Good Old King"" for now nearly four years, will have been opened, and the Poor Man's Friend be at ""liberty"" once more! His liberation is a credit to him; for it has been mainly procured by those who, while they differ from him in politics, yet recognise in him an unflinching supporter of their rights.",FALSE,FALSE,FALSE
134889,0.593866169,1842-04-09,star,"The above invitation was signed by about forty individuals, who are most of them members of the League; and, in order to draw as large an audience as possible, it was announced that Messrs. Philips, Gibson, B otherton, and Cobden, had been invited to attend. However, none of them were present; and perhaps this attempt to gull the public will receive some little palliation, when they consider that Friday, the day on which this Whig Corn Law League farce came off, was what has been commonly called, ' April fool day; and that being the case, these 'large leaf and plenty of slavery-men, probably conceived they had some licence to take advantage of the public, and make April fools of them by wholesale. At the time ap- pointed there were one hundred and fifty working men round the doors, and not half a dozen electors amongst them.  Various were the surmises about the proceedings. One party declared that there would be no meeting; another, that the electors were afraid to meet the non-electors; whilst a third party declared that they should like to be compelled to pay the income tax; a fourth party believed, as there were only about forty electors come to express their opinions, they would carry on the meeting with closed doors; and lastly, the universal opinion of the non-electors was, that if the middle classes were determined to keep up an expensive and extravagant monarchy, and support two or three kings and queens, and all the expensive machinery to boot, why, then, the middle classes ought to pay their share, and therefore ought to pay the income tax.",FALSE,FALSE,FALSE
97416,0.593663335,1850-03-09,star,"was ever so, so long as I recollect, throughout the history of Irish agitation. It was ever the cry for my Lord Mayor this, or Town Councillor that— (hear, hear)—but even still: the same cry, was raised. Mr. Feargus O'Connor was called for. He was, doubtless, an able and patriotic man; but business ought to be done in a business-like manner, and Mr. O'Connor would be heard in his turn as well as every other speaker. (Cheers). The resolution embodied a great deal that was important. They were called on by it to express sympathy for the patriotic exiles, but in that they expressed adhesion to patriotic principles. (Hear, hear, and cheers). It was not merely by shouting and cheering that they would show their true sympathy; but let them unite and work, as he said before, like men; and trust in each other, and their exiled countrymen would be cheered in their captivity, where they would hear that their fellow-countrymen were casting all prejudices aside; and were determined to sink for their native land.  The resolution was then put, and passed with acclamation.  MR. FEARGUS O'CONNOR, M.P., next came forward, and was loudly and enthusiastically cheered for some minutes. When the cheering had subsided, he said he would address those then assembled as his countrymen, although their chairman told them that their countrymen would first address them, and Mr. O'Connor could speak afterwards. Now, in 1834, they disinherited him. (No, no.) He was told that if he came to Ireland he should be ducked in the Liffey; but, notwithstanding that threat and intimidation, he had struggled night and day, from that period to the present, in order to weld the minds of the people of",FALSE,FALSE,FALSE
817445,0.592937708,1843-01-14,star,"For what have they been prosecuted? for crime against society? No; but because they were men possessed of the virtuous wish and the righteous determination to amend society; to improve the condition of the poor and needy; and to defend the cause of the widow and the fatherless, and those ready to perish: therefore it is that their wives have been widowed and their children left fatherless. Let us take a retrospect at the time when the Whigs, rampant in power, made their fearful onslaught upon our friends. With what invagueness was the progress of that onslaught frightfully impressed. Blood-thirsty, hireling policemen were sent at the dead hour of midnight, when the intended victim was enjoying the refreshing influences of sleep by the side of a beloved and anxious wife. He was suddenly aroused; his family mercilessly thrown into the most fearful disquietude of mind; himself dragged off without ceremony to prison, as if he had been guilty of some foulest act of felony, and had merited even capital punishment. The magistrates before whom the examinations were taken were generally found to have come to the bench with minds predeter- mined to ""commit for trial."" In those cases in which the benefit of bail previous to trial could be claimed, the most exorbitant bail was demanded, altogether dis- proportioned to the circumstances of the supposed offenders. The parties constituting the courts of tri- bunal before whom our friends were arraigned, had a direct interest in securing convictions. Judges and law- yers—it that their craft was in danger; that unless those wicked Chartists were stopped in their criminal career, the corruptions which lattened them would be all swept away. The jurors were interested yeomen, farmers, and money-morgers, alarmed for the safety of their ill-gotten plunder—",FALSE,FALSE,FALSE
678479,0.592733622,1841-06-26,star,"It is not to walk in the footsteps of his predecessor. He began in Tillicoultry at eleven o'clock, where six or eight of the most dirty likenities of its electors met this gallant warrior, who would not know his grandmother across a small room, although he stands upon the half-pay list as a Colonel of the British army. The intelligent portion of the electors, as well as the Char-tists, declined to have anything to do with such a hole and corner exhibition, so the Colonel's entrance and exit in this place had more a resemblance of a small club, than any other thing we can compare it to. At one o'clock the same day the gallant Colonel drove up to the head Inn in the town of Alloa in a hackney coach. Upon all former occasions of this kind, banners were streaming in the breeze, and music reverberating in the glen; but these glad sounds and pleasing sights are now extinguished so far as honour to a ten pound sur-frage is required; they are all now reserved for the triumphs of the Charter. Upon the face of the Corn Law Repealers was written ""hope deferred."" Upon the faces of the Tories a sort of leering triumph was visible at the shattered and prostrate condition of Whiggery. Among the Chartist electors and non-electors there beamed that proud satisfaction which seemed to say, ""We have proved the hollow-heartedness and rottenness of Whiggery, and it belongs to us now to bury the dirty infected carcasses of both Whigs and Tories, which we will do at the day of nomination at Dollar, when we shall carry our Chartist candidate, Mr. Abram Duncan, triumphantly over Whiggery."" A re-quisition of the Chartist electors was presented, re-questing the Colonel to",FALSE,FALSE,FALSE
785728,0.59255296,1848-01-29,star,"Vice-President, Dr Doyle Confederate Club. Dublin, Jan. 19th, 1848.  The Sligo Town Sweepmakers.—On Monday evening a meeting of this ill paid body of men was held at the Bricklayers' Arms, Tonbridge-street, New-road; John Arnott in the chair. Messrs Holmes and Daddo appeared as a deputation from the west end and city bodies. After listening with great attention to the statements of the deputation, Mr Gurney moved, and Mr Moody seconded the following resolution:—""That this meeting having heard the principles and objects of the National Association of Trades for the protection of Industry, do agree to become members of the said Association."" Carried unanimously. The meeting then adjourned to Monday evening next.  Turf caused by Starvation.—A densely crowded public meeting was held at the Literary and Scientific Institution, on Tuesday evening, to petition the Queen for a remission of the sentence of transportation and hard labour, passed at the Mallow Assizes, on six railway labourers—Thomas Smith, J. Barrett, T. Williams, J. Higgins and Mills—who had taken from a basket the value of threepence-halfpenny, to spend the earnings of hunger, after walking thirty miles in the metropolis without tasting food. The meeting was called to order by the chairman, and opened proceedings in a very eloquent and excellent speech, which was loudly applauded. Several other speakers addressed the meeting, and their sentiments and resolutions were unanimously adopted.",TRUE,TRUE,TRUE
286656,0.590997994,1842-12-31,star,"Your obedient Servant, DANIEL DIGGLE. Bolton, Dec. 20th, 1842.  MR. DICKENSON, THE MANCHESTER PACKER.  TO THE EDITOR OF THE NORTHERN STAR.  DEAR SIR—I am very sorry to have to trouble you on this occasion, but wishing always to have truth and justice upon any statements that may affect private or public characters fairly laid before the public, I am bound at this time to contradict a statement that appears in your paper on Saturday, the 10th of December, respecting Mr. T. Dickenson, better known as the Manchester Packer, and the South Lancashire Delegate meeting.  The certificate and resolution as purporting to have been issued from the above meeting is a tissue of falsehood and a perversion of truth. The certificate and resolution in your paper of the 10th instant, was neither passed nor given to him at, or from, that meeting, and moreover neither John Murrey nor William Grocott, were delegates at the said meeting. It is true the charges against him were brought before that meeting, and to the said charges he, Thomas Dickenson, pleaded guilty, and said it was through poverty he was obliged to have recourse to the same. There were other charges to be brought against him, but these were left for the council of the locality to which he belonged. They were to summon the parties preferring the charges before them and decide accordingly, but strange to say, these parties were never num-",FALSE,FALSE,FALSE
353131,0.589970946,1848-04-15,star,"However, a most dreadful onslaught has been made upon you, and I had not ONE SINGLE SUPPORTER in the House, but I HAVE YOU; and now for the result. I have resolved upon not submitting your Petition, or your claims, to the House on Friday (to-morrow), and for this simple reason, because by this course I best serve your interests. I have been charged with falsehood by a Member of the House. I shall be with my Constituents on Easter Monday, and they shall judge between us; and the Aristocracy of this country will learn, meantime, whether constitutional liberty has lost or gained by the base attempt to insult YOUR REPRESENTATIVE. Englishmen, I now leave MY CREDIT and YOUR CAUSE in your hands. If I have been guilty of falsehood or deception, I am unworthy of your confidence; if I have been insulted as your representative, I have taken the course which honour suggested to defend myself, and the country will acquit me and defend me.  I have not obeyed the order of the House to attend, because the House violated its duty, and so did the Speaker, in tolerating language which, if used to any other member, would have been scouted.  Yours faithfully,",FALSE,FALSE,FALSE
716574,0.588981509,1841-01-02,star,"We are upon the eve of another muster of the incurables and incorrigibles, from whom nothing can be had, save from their fears, and whose fears can be affected only by a contemplation of the people's power. Women of England! then, do now your duty. Virtuous wives and anxious mothers! look to your sons and husbands; sisters! lead your brothers; cheer all by your own presence at the show, and let the vile traducer of womanhood, and slave-merchant of infancy, with the whole gang of foxes, bear, as best they may, the withering glances of the ""hoores"" of England, with their sweethearts, sons, and husbands.",FALSE,FALSE,FALSE
533414,0.58843714,1838-04-21,star,"ories had done a great deal of evil, and had trampled on the rights of the people, when the Whigs got roughly seated in power they would be worse than the Tories. (Hear, hear.) This opinion no man of common sense, who had paid attention to the proceedings of the day, could but admit had been verified by the past. (Hear, hear.) They could have no full and free representation of the people without every individual in the community participating in the choice of those who were to represent them. He contended for the right of Universal Suirage and that mind ought to be represented, and not long, purse; but in this country it unfortunately happened that wealth, and not intelligence, was represented. (Hear, hear.) These were his views, and as there were many other speakers to address them, he would not longer detain them, but at once move the resolution.  Mr. John Parrurt seconded the resolution.  Mr. Thornton, from Halifax, supported the same. It breathed a sentiment which must ever be cherished by all who wished to secure the happiness and enjoyment of the great body of the community. However the Whigs might contend that by the present partial system of representation the happiness of the people was secured; and that it was the best which could be obtained, it was full of the greatest absurdities which ever bloated the bewildered brain of the greatest political jobber in the known world. (Hear, hear.) Why when the people only sought their rights, and were insulted when they asked for them, to talk about the dignity and security of the state was all nonsense; they might talk about national systems of education for the people, it was all well, but let them give them their universal rights. (Cheers.) Let them give them that which by nature belonged to them, and which the constitution claimed for them",FALSE,FALSE,FALSE
161309,0.58658886,1842-09-17,star,"SOUTH SHIELDS.—Mr. Rigby, from Chorley, was here to-day (Sunday). He has given us one of the best sermons on Chartism that was ever delivered in this locality. He is mildly argumentative, and develops his views with wonderful effect.  BOLTON.—DEFENCE FUND.—A few friends, meeting at the Temperance Hotel, New Market-place, agrd. last Saturday night to pay one penny per week each, for six weeks, and in a few minutes 2s. 6d. were subscribed for the political victims and defence fund. We hope others will do likewise. The Evening Star is taken in here.",TRUE,TRUE,TRUE
1221002,0.586422622,1869-08-07,tomahawk,"Your Grace's devoted penitent, H. G. WHALLEY.  To His Grace the Archbishop of Westminster, &c., &c., &c.  We trust that other members of the Legislature may follow on the same side. We suppose that Peers and Commoners, in a greater or lesser degree, are endowed with consciences, and, such being the case, it is simply impossible that certain of their number can ascend the Righi, traverse the moors, or even dip themselves in the sea with any sense of enjoyment or mental repose until they have meekly done penance for their sins during the Session.  Why did the Volunteers, recently encamped at Wimbledon, remind us of a member of Parliament, who, to gain his seat, has had to tout extensively for votes?—Because they thoroughly appreciated strong canvas.  SOMETHING IN A NAME.—It turns out that the reverend gentleman who preached the recent cat and dog sermon at Woolwich was a Mr. Kitson!",FALSE,FALSE,FALSE