corpus_id,score,decile,date,source,article,is-thematically-relevant,has-event,has-named-location,has-space-type,event-mentioned,location-mentioned,space-mentioned,notes
824528,0.658748746,10,1850-10-26,star,"BRORNEO CHAMBERS,—I postpone, until next week, addressing you on a subject, to which I had intended advertising, in order to offer a few observations relative to the proposed National Conference; a matter on which I would not have ventured to solicit your attention, were it not that my recent tour has afforded me the opportunity of judging as to the expediency of such a measure.  Fully agreeing as to the advisability of holding a Conference, I yet differ as to the time suggested for its assembly. It is necessary that on such occasions the mind of the country should be fully and fairly represented; but this is, at present, impossible, from the following causes:—  Very many of the localities that flourished in 1848 have now no political existence whatever—neither council, committee, nor members; of those remaining in the field, many are scarcely able to meet their local expenditure; organisation lies prostrate, and, with it, the machinery for electing and supporting the members of a Conference.  Moreover, though the democratic feeling is, I believe, wider spread than ever, and beginning rapidly to awaken from its two years lethargy, it is not yet sufficiently directed and concentrated to one point, to embrace the idea of the proposed Conference. Trade is yet too brisk; the reaction has not yet proceeded far enough to show the people the necessity of union; the Conference would not meet with general support, and would inevitably display the weakness of the movement, while it in no way added to its strength.",TRUE,FALSE,FALSE,FALSE,,,,
134638,0.717180967,10,1849-06-09,star,"-governed nation. (Hear.) He (Mr. Bright) had no respect for a constitution (""Oh!"")—or a system or state of parliamentary representation—(hear, hear)—which required civil war menaced in order to get Catholic Emancipation, brickbats to pass the Reform Bill, an insurrection in Jamaica to abolish slavery, a famine to repeal the Corn Laws, half a million of men and families perished of hunger to improve the laws with regard to the tenure of land in Ireland. (Hear, hear.) But, perhaps, the noble lord would say, the system worked well out of doors. From 1836, when the people began to feel that they had been cheated of the influence they expected to acquire by the Reform Bill, there had been an incessant movement in favour of an extension of the suffrage, out of which had come the frightful thing called Chartism (a laugh), not frightful because of the ""six points,"" but because of the passions stirred in the discussion, and the antipathies engendered among a population believing themselves excluded from their fair share of political rights. (Hear, hear.)  He (Mr. Bright) had seen some of the fruits of that agitation—not an agitation all evil by any means—for whenever the people were stirred up to the contemplation of political questions, there was an admixture, often large, of good. He had seen them at torchlight meetings (hear, hear); he had heard of them since in small, and it might be miserable, but not wholly to be despised conspiracies (an ironical cheer); he had seen incipient insurrectionary movements (cheers renewed); and we all know that there was a wide-spread discontent among a large and intelligent class, and a hatred of the law which those who sat",TRUE,FALSE,FALSE,FALSE,,,,
631259,0.7076841,10,1843-04-08,star,"MR. WALTER.—I beg to claim the indulgence of the meeting for a single moment, while I notice an allegation which has just been made by the individual who last addressed you. Upon my honour, I have not spoken to any public man on the subject of the press for the last twenty years. With respect to what he says as to the sale of a property with which I was then connected, I tell you, upon my honour, there is not the shadow of a foundation for it, and I believe that he knows what he says to be utterly false.  MR. Tras then addressed the electors, but was much interrupted.  MR. O'Connor said he had not yet resigned, as, before he did that, he must have from MR. Gisborne, who had spoken in favour of the six points, an unequivocal answer to a straightforward question. Did MR. Gisborne, when the People's Charter was brought under the consideration of the House of Commons, intend to support that measure? MR. Gisborne.—I think I have given an explanation.  MR. O'Connor.—Say ""Yes"" or ""No."" (Cries of ""Order, order."")  MR. Gisborne.—I have spoken as an independent man; I have declared my principles in such a way that no man can misunderstand them. I cannot be misunderstood; I do not think it fair.  MR. O'Connor.—If I understand MR. Gisborne aright, I am satisfied.  MR. Charlton.—I am not, and I request a plain answer. Will you, or will you not support the Charter? I ask for a plain ""yes,"" or ""no.""  No answer being given, Mr. Charlton said, Mr. Gisborne will not answer; I, therefore",TRUE,FALSE,FALSE,FALSE,,,,
554912,0.712615073,10,1842-01-29,star,"to the woman who never complained. If the system drive them to the workhouse, they ought to meet with as good treatment there as they would out. How was it it was not so? Because applicants for relief had no votes, while those who gave the relief had. (Loud cheers.) In the objects of the rate-payers' Association I entirely agree; they had marshalled their forces for the entire and total abolition of the Poor Law Union. In this they had his cordial co-operation. Had they proposed anything less: he should have felt it his duty to have moved an amendment. (Hear, hear.) As things were going on now, many of those who came there to resist an increase of rates would soon require rates for their own support. Lest his feelings should lead him into politics, he would conclude, but he was bound to say the only means of preventing such things was to give to every man of mature age, and of sound mind, a vote in making the laws. (Applause.)  Mr. O'CONNOR was about to leave the meeting, when a person from the body of the meeting proposed three cheers for O'Connor, which was responded to most heartily. The resolution was then put and carried unanimously.  After a vote of thanks to the Chairman, the meeting broke up.",TRUE,TRUE,FALSE,FALSE,meeting,,,
554475,0.728074014,10,1845-07-26,star,"On Sunday, the 13th inst., I lectured to an attentive audience in the Association-room of this place. A working man, whose name I now forget, occupied the chair, and made a very sensible speech. I spoke at length upon the Land and Election plans put forth by the Convention, which seemed to give satisfaction to all present. On the following day (Monday) happened to drop into the company of Mr. Thomas Livesey, to whom the cause of Chartism owes a great deal, owing to his exertions in his own neighbourhood. Several manufacturers were present at the time. A general conversation commenced about politics and wages, the manufacturers contending that they gave as high wages as their profits would allow. Mr. Livesey stated in reply that there was not a single manufacturer in the trade at Rochdale but made more profit than he paid as wages, and as proof of this, he mentioned the name of a manufacturer who had that morning waited upon him for the transaction of business, and that so far from the manufacturers not being able to pay more wages, he had offered to bet the person alluded to above, £50 that his profits exceeded the wages paid to all the persons in his employ, and that this individual had made the admission that he paid as weekly wages £108, and made, as profit, £160 in the same time, or more, by eight shillings, than would be received by 187 men, supposing them to average sixteen shillings per week, which is far above the average of wages paid to the manufacturing operatives. No wonder that the poor ill-used mill-lords should complain of the tyranny of the villainous aristocracy. There, my friends, study that ""great fact,"" and you will be at no loss to divine the cause the people's wretchedness.  PASTER",TRUE,TRUE,FALSE,TRUE,lecture,,association room,
955046,0.840892494,10,1858-01-16,leader,"PARLIAMENTARY REFORM.—Meetings in favour of Parliamentary Reform have been held during the last few days at Bodmin, Penryn, Liskeard, Newcastle-upon-Tyne, Birmingham, and Manchester.—A meeting was held at the Freemasons' Tavern Wednesday night under the presidency of Herbert Ingram, Esq., M.P., in favour of Reform. Mr. Ingram expressed some doubt as to the excellence of equal electoral districts, but said he was inevitably wedded to manhood suffrage. Mr. Passmore Edwards then spoke in favour of a very radical reconstruction of the franchise, and proposed a motion declaring the absolute necessity of manhood suffrage in any measure of Parliamentary Reform. Ernest Jones warmly advocated a union between the working classes and the middle classes, and deprecated any attempt to create a split by proposing an amendment under the sacred name of the People's Charter. He was here met with cries of ""Turncoat!"" and ""Traitor!"" Mr. Cunningham, M.P., spoke in support of the motion. Mr. Dicky moved, and Mr. Kaiford seconded, an amendment proposing the various points of the charter, and Mr. Townsend, M.P., urged the duty of union; and a great deal of confusion ensued, caused by a body of Chartists, headed by Mr. Byromera O'Brien. At length, the meeting, by a show of hands, refused to hear Mr. O'Brien or to entertain the amendment, and the original resolution was then declared to be carried.  THE STATE OF THE HAYMARKETS, &c.—An adjourned meeting with reference to the disgraceful state of some of our West-end streets was held on Thursday at the Chambers of the Society for the Suppression of Vice. Resolutions were passed, appointing a deputation to wait on Sir George Grey; instructing such",TRUE,TRUE,TRUE,TRUE,,,,
165225,0.719051182,10,1848-07-29,star,"member for Harwich (Sir J. Hobhouse) once a revolutionist, but now a constitutionalist? How easy it would be to rake that Treasury bench, branding each of its occupants with the stamp of sedition, while they are now associated together to abrogate the constitution of Ireland. He (Mr O'Connor) had never expressed an opinion out of that house which he would fear to express in that house; and much as he longed to see the liberty of his country established, be repeated there, what he had stated, over and over again, elsewhere, that the working classes of no country had ever derived a benefit from a physical revolution, because, with the last shot, some greater tyranny is established, than that which has been destroyed, and the people mad, thoughtless, and enthusiastic, while rejoicing in their triumph, become victims to the ascendant party. (Hear, hear.) Yes, he understood that cheer, but what he contended for, was the right of the people to such a social system as would insure a sound political system to protect it, and around which all would equally rally. Now, he (Mr O'Connor) thought he best fulfilled the obligations of that oath of allegiance, which had been flashed in his face, by pointing out the means by which the English dominions may be most safely secured to her Majesty; and he believed in his soul, that those means were by restoring to the Irish people the right of self-government, when both nations would be stronger and more harmonious than they are now. ('Oh, oh, oh!') Well, they may 'oh,' but what would be the opinion of that house if they were aware that he (Mr O'Connor) entertained those opinions, but shrunk from their avowal? In conclusion, he would make one more",FALSE,FALSE,FALSE,FALSE,,,,
580048,0.65788275,10,1845-10-18,star,"it had been debated, discussed, and rejected in the preceding session. Another reason for the postponement of the bill at the beginning of last session was, that he had no ground on which he could actually stand, because at that time no petitions had been prepared for presentation, and it would have been almost impossible for him to have opened the question, unless he was prepared to show to the House that those whom he professed to represent cordially concurred in the measure. But even had the petitions been presented in time, the House of Commons was so completely absorbed in railway legislation, that it would have been impossible to have attended to them. But he was not disposed to allow the next session to pass away like its predecessor (cheers), because he thought that they were in a far better state of preparation. The petitions that had been presented at the close of the last session were a sufficient basis on which to stand for the commencement of operations in the next. With regard to the railway question, which threatened to be far more formidable than during the last session, he would say that they must endeavour to forestall it by giving notice for leave to bring in a bill on the very first night of the opening of Parliament to shorten the hours of labour in the manufactories. (Applause.) Now, if the people were ready upon that point, he was quite ready to serve them with the best of his humble energies (applause); and, God willing, if he should have health and strength, he would not fail to give that notice, and exert his humble abilities to carry the measure to complete and entire success. But he had now to consider what were the hopes of success in the next session. Now, their hopes for success, if they made careful inquiry, would be found to be certain, and by no means diminished. They would derive very great evidence as to the",TRUE,FALSE,FALSE,FALSE,,,,
666284,0.738981843,10,1846-03-28,star,t+F10,TRUE,FALSE,FALSE,FALSE,,,,
567393,0.686795175,10,1847-04-03,star,"HOUSE OF COMMONS.—DISMISSAL FROM PUBLIC WORKS.—Mr Labouchere, in answer to a question from Mr Smith O'Brien, stated that although twenty per cent. of the labourers on the relief works in Ireland had been dismissed, the operations had been modified in some particular districts so as to cause the least possible mischief; and the change had been effected without disturbance, and with most beneficial results. Indeed the change had been accomplished in such a manner as would not only essentially benefit the country, but would also materially promote the cultivation of the soil. In many parts of Ireland persons had been placed on the public works who ought never to have been placed there, and, generally speaking, those persons had been the first struck off. The government had never said that Lo persons should be struck off the public works till the relief committees and soup kitchens were organized. He likewise contended, that it was not true, that there were no means of completing the works already commenced. New presentments had been recently made; but, instead of being decided on at once by the Lord-Lieutenant of Ireland, they were referred to the Home Secretary in this country, and would be carried into effect or not, as he should think expedient.  INSURRECTION IN CATALONIA.—Mr DORTHWICK rose to call the attention of the noble lord, the Secretary for Foreign Affairs, to a proclamation issued in Catalonia by General Breton, on the 4th of March. The proclaimation stated that “the exertions and fatigues of the brave troops will be incompetent to the extermination of the hordes of Vandals who have raised anew their banner of blood with a view to reproduce the disasters of the last war, so long as these hordes shall find in the country that shelter and protection which can along save them from the pursuit of our indefatigable columns.",TRUE,FALSE,FALSE,FALSE,,,,
597194,0.642320454,9,1849-12-01,star,"We deny, point blank, that the present rulers of England are animated by a sincere desire to reform existing evils. We deny that in the work of real reform they encounter, would or could encounter, opposition from the people, described as “misled,” and unnated by a “blind feeling.” We assert that, on the contrary, public opinion is ever immeasurably in advance of the Government. We should like to see a list of the reforms which have been proposed by the Government, and rejected by the “blind feeling” of a “misled” people. They would, indeed, be the curiosities of statesmanship, and we fancy would be found to be about as substantial as the dagger which Macbeth saw. If we are reminded that, in the matter of Education, the Sectarians overwhelmed the Government, we answer that the sectarians triumphed, because the Government did not propose a veritable measure of reform, which, had such been pro- posed, would have rallied public opinion to the side of the Government. Shall we be reminded of Maynooth? We answer, that ""Puritan Zeal"" was very properly supported by Public Opinion—adverse to all endowments of the Priesthood. Public Opinion desires no State Church—and, therefore, 'consistently' opposes the addition of another State Church Establishment. On the other hand, Public Opinion is at this moment demanding Parlia- mentary Reform, Financial Reform, and a host of other reforming measures, political and social. Will the Government—happy to find social.",TRUE,FALSE,FALSE,FALSE,,,,
45105,0.574590743,9,1846-05-02,star,"This is intended for a School and Family Dictionary, to be published in weekly penny numbers. The Editor hopes that it will be considered ""a Useful Educational Book for the Rising Generation."" It has one great fault—it is not a pronouncing dictionary. The proper pronunciation of each word is, we submit, a matter of primary importance in any dictionary intended for the instruction of youth.  A LETTER ON NATIONAL EDUCATION, ADDRESSED TO THE LEGISLATORS OF ENGLAND. London: B. D. Cousins, 18, Duke-street, Lincoln's Inn-fields.  This ""letter"" is the production of a lady moved by the kindliest sympathies and most liberal ideas to advocate the cause of the neglected millions. The writer's views are good, but too briefly expressed: at least six times the quantity of matter contained in this pamphlet would have been necessary to do justice to the subjects treated of, and indeed such a quantity of matter should have been given for the price marked on the title-page. We wish ""Emiline"" all due encouragement to pursue her arduous and generous labours.  THE PEOPLE. Translated from the French of M. Michelet, Professor of History in the College of France, by Dr. P. M. McDouall. London: A. Dyson, Paul's Alley, Paternoster Row.  Dallas, the four York, it was the was the was the was the was the was the was the was the was the was the was the was the was the was the was the was the was the was the was the was the was the was the was the was the was the was the was the was the was the was the was the was the was the was the was the was the was the was the was the was the was the was the was the was the was the was the was the was the was the was the was",FALSE,FALSE,FALSE,FALSE,,,,
275901,0.612966418,9,1838-05-26,star,"of the ratepayers out of their acknowledged and indisputable rights.  The Clerk had written the explanation of the resolution of the baker's dozen at home, three lines, according to his own testimony, he wrote in the room, after the baker's dozen had adjourned, and the remainder he wrote in a neighbouring shopkeeper's house, where it was signed by George Woolley, as chairman of the meeting. And what is still more flagitious, Wilde, the Assistant Overseer, made himself a tool in the hands of that miserable faction—the very man who is eating the people's bread. We hope the people will look after this fellow, and send him to the right about the first opportunity.  The people, however, were resolved not to be treated in this manner. They went to the place of meeting; appointed a chairman, and, upon the motion of Mr. Stephens a deputation was appointed to summon the Overseers and Clerk to attend with the town's books. Mr. Stephens and Mr. Durham, both members of the Select Vestry, were then deputed, and in a short time returned, accompanied by the Overseers and Clerk. Mr. Stephens, to the infinite amusement of the people, examined and cross-examined the Clerk as to the manner in which the resolution had been passed, and entered upon the minute book. The examination had the effect upon the Clerk of a powerful sedative, for his perspiration was greatly promoted thereby. The Clerk admitted that the business was over when he came to the room, at five minutes past ten, so that he had no opportunity of having commenced precisely at ten. He was ludicrous to witness the Clerk's dozen of excuses, and the manner in which he scrambled about in all directions, like some many rats from under a corn stack, when the other rate",FALSE,FALSE,FALSE,FALSE,,,,
1071889,0.647179425,9,1853-12-10,leader,"Oliver Cromwell's Letters and Speeches. With Elections and Connecting Narrative. With a Portrait of Cromwell. Third Edition, with Numerous Additions and Corrections. In Four Volumes. Post 8vo, £2 2s.  The French Revolution: a History. Vol. I. The Bastille. Vol. II. The Constitution: Vol. III. The Guillotine. Third Edition. Three Volumes. Post 8vo, £1 11s. 6d.  Critical and Miscellaneous Essays. Third Edition. Four Volumes. Post 8vo, 42s. 6d.  The Life of John Sterling. Second Edition. Post 8vo, 10s. 6d.  Letter-Day Pamphlets, Containing—  No. 1. The Present Time. 2. Model Prisons. 3. Downing-street. 4. The New Downing-street. No. 6. Stump Orator. 6. Parliamenta. 7. Hudson's Statue. 8. Jesuitism.  Past and Present. Second Edition. Post 8vo, 30s. 6d.  Translation of Goethe's ""Wilhelm Meister;"" containing Meister's Appreciation and Meister's Travels. Second Edition, Revised. Three Volumes. Small 8vo, 18s.  Lectures on Heroes and Hero-Worship. Fourth Edition. Small 8vo, 9s.  The Life of Schiller. Comprehending an Examination of his Works. New Edition, with a Portrait. Small 8vo, 8s. 6d.  Sartor Resartus; or, the Life and Opinions of Herr Teufelsdröckh. Third Edition. Post 8vo, 10s. 6d.  Chartism. Second Edition. Crown 8vo, 6s.  LONDON: CHAPMAN AND HALL, 18N, PICCADILLY.",FALSE,FALSE,FALSE,FALSE,,,,
535182,0.645913601,9,1843-12-09,star,"POLITICAL AND SCIENTIFIC INSTITUTION, TURNAGAIN LANE.—On Sunday, Dec. 3rd, the adjourned discussion on the question, “Would a Repeal of the CornLaws benefit the working classes,” took place. Mr. Bird in the chair. Mr. Ruthbone opened the question on the negative side, followed by Messrs. Sparkhall and Main on the same side, and Mr. Dalrymple and another on the affirmative side of the question. It was adjourned to Sunday next. Mr. Cooper lectured in the evening on “the poetry of Burns,” to a good audience, and gave universal satisfaction.",TRUE,TRUE,TRUE,TRUE,discussion,"Political and Scientific Institution, Turnagain Lane",institution,
511319,0.578045249,9,1841-08-28,star,"These are facts which scores can bear testimony to; and how Mr. O'Connell could state such gross and glaring falsehoods I know not, except for the purpose of keeping up the delusion which he has so long practised on his poor and unfortunate countrymen. All the sensible and honest portion of the Chartists here despised both parties; nor did they lead themselves—as some of the Catholics did—to the support of a faction who had imprisoned some of their best friends for no crime at all, but merely for advocating those principles which alone will secure good and honest government, both to England and Ireland. Mr. O'Connell wishes to make it appear that the Chartists killed a man in an attack which they made on the Liberal candidates. Nothing could be more untrue than this statement; for the facts are as follows; and I appeal to any man, of whatever party, to contradict what I am about to state.  and how Mr. O'Connell could state such gross and glaring falsehoods I know not, except for the purpose of keeping up the delusion which he has so long practised on his poor and unfortunate countrymen. All the sensible and honest portion of the Chartists here despised both parties; nor did they lead themselves—as some of the Catholics did—to the support of a faction who had imprisoned some of their best friends for no crime at all, but merely for advocating those principles which alone will secure good and honest government, both to England and Ireland. Mr. O'Connell wishes to make it appear that the Chartists killed a man in an attack which they made on the Liberal candidates. Nothing could be more untrue than this statement; for the facts are as follows; and I appeal to any man, of whatever party, to contradict what I am about to state.",TRUE,FALSE,FALSE,FALSE,,,,
103337,0.594390452,9,1848-04-22,star,"'TOWER HAMLETS.—A special meeting of the Co-operative Society will be held on Wednesday, April 26, at the Whittington and Cat, Norwich.—A branch of the National Charter Association, will be opened at the Colonel Hutchinson, Castle-terrace, on Sunday evening, at seven o'clock",TRUE,TRUE,TRUE,TRUE,special meeting,"The Whittington and Cat, Norwich",pub,
667938,0.633448422,9,1841-02-06,star,"By degrees the Members, the Honourable and Learned Members, flocked in. The Ministerial benches (which are to the right of the Speaker) boasted of about six occupants, who talked and laughed with great noise and glee, as if pleased and surprised to find themselves still in so happy a situation. At length the benches on both sides of the House were filled, particularly the Conservative side, which mustered very strong. Among the Ministerial party might be seen the big and burly ""Dan O'Connell,"" with his broad brimmed hat, and long frock coat. He assumed a jovial look, but seemed to be writhing under his recent defeat in the ""Fox and Goose Club."" As usual, whenever he opens his mouth, he was called to order by the Speaker, and laughed at by the Members. Here was little Lord John, like a bantam-cock, swelling out his throat, and standing on tiptoes, in order to be heard and seen. Facing him was Sir Robert Peel, looking great things but doing little. Around these, Sir, were unfledged boys, fit for school; old men, fit for bed; and the like. As for the debate, the opener spoke so low no one could hear him; the seconder read his speech; others shouted or whispered; the Members not speaking to the Speaker, spoke among themselves to lendly as to drown almost every sound. In the course of two hours after the debate had begun, some dozen of the Representatives of Great Britain might be seen fast asleep, and stretched at full length, on the benches in the gallery, in positions neither elegant nor becoming. I left the place, Sir, with a resolution not to ever enter it again in its present state.  Believe me, Yours, faithfully, AN OBSERVER OF MEN AND MANNERS.",FALSE,FALSE,FALSE,FALSE,,,,
854166,0.627821684,9,1850-06-08,star,"HOUSE OF LORDS.—The Bill for the Abolition of Sunday Fairs was read a second time, on the motion of the Earl of Carlisle.  Lord LUCAN moved the second reading of the DISTRESS FOR RENT (IRELAND) Bill. The motion was agreed to, and the bill read a second time.  SUNDAY TRADING PREVENTION BILL.—The Earl of HARROWBY moved that the house should go into committee on this bill",FALSE,FALSE,FALSE,FALSE,,,,
254925,0.57733357,9,1847-07-17,star,"A Mr West, a Quaker and manufacturer, who was on the platform, and who appeared to take great interest in the proceedings, requested to be allowed to make an observation, and was loudly cheered: he said that he knew a cottager who sold the produce of nineteen Cheshire rods, that was just forty statute rods, or a quarter of an acre, for £17 12s. (loud cheers)—they were potatoes, and he would have a second crop on the same ground; and he had now on the platform one pound six ounces of potatoes dug from one stalk, off land that was waste last year, (cheers,) and believed much more might be done.  After the speeches, Mr O'Connor entered into an argumentative conversation for a length of time, which appeared to give unbounded satisfaction: when",FALSE,FALSE,FALSE,FALSE,,,,
303151,0.554696023,8,1842-06-25,star,"Gentlemen, England has been set mad in the days of her prosperity, when her infant inventions gave her an exclusive command of the markets of the whole globe. England was the first among nations to possess herself of the powers of artificial production; and she had simultaneously the advantage, if advantage it can be called, of throwing the hands of other nations from pursuits of industry to the use and management of arms. During our long protracted war, England, under convoy of her navy, became the queen of smugglers; while, at the same time, with the people's money she paid soldiers abroad for fighting her battles. Then you commanded the markets of the world, and, as a matter of course, the immense profits of the manufacturers, and the demand for labour enabled them to give high wages. Then England cheated all foreigners, while she was robbing her own people by mortgaging them and future generations for the payment of the war-tax. But when peace was proclaimed, and our foreign soldiers were not longer required in the battle-field, then was the ""sword turned into a plough share,"" and disbanded armies were devoted to the pursuits of industry; and, as a matter of course, other nations sought to make themselves independent, and betook themselves to manufacturers; and in process of improvement they discovered that England had not only been the queen of smugglers, but that she had also been the cheat of cheats.",,,,,,,,
1091085,0.516259909,8,1851-09-27,leader,"The valuable movement on the Maidstone Gazette has been repulsed. The Daily News, determined to try whether a",,,,,,,,
748832,0.539229989,8,1848-11-18,star,"On Tuesday, November 7th, the trial of the Edinburgh Chartists commenced before the High Court of Justiciary, in Edinburgh. The Judges on the bench were the Lord Justice Clerk, Lord Medwyn, and Lord MacKenzie. The court was crowded to excess, and the greatest interest was manifested in the proceedings.",,,,,,,,
732711,0.546895146,8,1841-04-24,star,"Mr. WAKLEY said, the park in reality belonged to the people, and yet the people were completely excluded from it. The enclosures had been originally intended for the public good, and were proposed as more temporary arrangements, to continue only till the interior could be fitted for general reception. He hoped that this space would be put on the same footing as Hyde-park, and that the subject would not be suffered to drop.  Mr. EWART declared he had no wish to disturb private rights. All he sought was the opening of the two hundred acres indicated by Lord Teignmouth.  Mr. STANLEY said he was not authorised to promise a specific space; but he assured the House there would every disposition to accommodate the public, and hoped Mr. Ewart would wait till he saw what would be done by Government. On this assurance, Mr. Ewart consented to withdraw his motion.  Sir ROBERT PEEL suggested that Government would do well to print a plan, from which the public might be able to distinguish what parts of the enclosure it was intended to open.  On the motion for the second reading of the Arms (Ireland) Bill, Mr. HUME intimated his opinion that Ireland was now sufficiently tranquil to render such measures no longer needful.  Lord MORPETH answered, that there was still an amount and description of outrages in Ireland which forbade him to incur the responsibility of desisting from this kind of legislation.",,,,,,,,
582055,0.550030947,8,1851-11-22,star,"in Staffordshire, a Quaker firm, named Whigham and Son, plaid manufacturers, of Nicholson-street, Edinburgh, Messrs. Fry and Co., poplin-manufacturers, Westmoreland-street, Dublin, Messrs. Ketroyd and Co., Halifax, Yorkshire, Messrs. John Hadwen and Sons, silk spinners, Messrs. Reynolds and Co., Irish poplin warehouse, Grafton-street, Dublin, Messrs. Bannerman and Sons, Dacian fabric-makers, Manchester, and others of the same description, all bearing reference to the respective goods in which the several firms deal, and most of them expressive of readiness to execute any orders that the prisoners might favour them with. To show the prisoner Walker's anxiety to conceal the extent of his transactions, he might mention that he had transmitted directions to the Postoffice since his apprehension not to forward any more letters to his residence in the Loughboroughroad, Brixton, and appointing another place for that purpose; but in this he would be disappointed, as effectual measures had been taken to prevent his wishes being complied with. He should now complete the first charge against the whole of them, preferred by Mr. Watkins, a draper in Nortonfolgate, in which the prisoners were jointly implicated in obtaining goods to a considerable amount, and should then proceed with a distinct and separate charge of forgery against the prisoner Walker. From the extensive and complicated nature of their transactions he should not be able to proceed further upon this occasion, but at the next examination he should be prepared with numerous other charges of a like nature against them. After a good deal of evidence in support of the first case above referred to, the particulars of which have already shortly appeared in this paper, and the depositions of the witnesses in which were completed by Mr. Durstone, the second clerk, the following",,,,,,,,
761820,0.533169031,8,1849-08-18,star,"VOL. XXXVII.  LONDON, SATURDAY, AUGUST 15, 1846.  THE LAND CONSOLIDATION.  TO PARLIAMENT HOUSE, Aug. 14.  THE LAND CONSOLIDATION BILL.  THE LAND CONSOLIDATION BILL.  THE LAND CONSOLIDATION BILL.  THE LAND CONSOLIDATION BILL.  THE LAND CONSOLIDATION BILL.  THE LAND CONSOLIDATION BILL.  THE LAND CONSOLIDATION BILL.  THE LAND CONSOLIDATION BILL.  THE LAND CONSOLIDATION BILL.  THE LAND CONSOLIDATION BILL.  THE LAND CONSOLIDATION BILL.  THE LAND CONSOLIDATION BILL.  THE LAND CONSOLIDATION BILL.  THE LAND CONSOLIDATION BILL.  THE LAND CONSOLIDATION BILL.  THE LAND CONSOLIDATION BILL.  THE LAND CONSOLIDATION BILL.  THE LAND CONSOLIDATION BILL.  THE LAND CONSOLIDATION BILL.  THE LAND CONSOLIDATION BILL.  THE LAND CONSOLIDATION BILL.  THE LAND CONSOLIDATION BILL.  THE LAND CONSOLIDATION BILL.  THE LAND CONSOLIDATION BILL.  THE LAND CONSOLIDATION BILL.  THE LAND CONSOLIDATION BILL.  THE LAND CONSOLIDATION BILL.  THE LAND CONSOLIDATION BILL.  THE LAND CONSOLIDATION BILL.  THE LAND CONSOLIDATION BILL.  THE LAND CONSOLIDATION BILL.",,,,,,,,
259065,0.530167222,8,1842-11-12,star,"""From the conduct of the Birmingham Authorities, it is quite clear that they are determined to keep me here until the Assizes. From the time of my arrest to the present moment they have acted basely towards me. At the conclusion of my examination I applied for bail, which was granted, the Mayor informing me that he should require two sureties in one hundred pounds each, which, he said, would do for all the three indictments. I had then two respectable freeholders in court, who were well known to be worth ten times the amount, waiting for the purpose of offering themselves as my sureties, and informed the magistrates that I was then prepared; upon which they said they must have fortyeight hours notice, although the two persons were as well known as any in the town.  ""In ten minutes after, I was hurried off to this place, at a distance of twenty-one miles from Birmingham, and for some reasons, best known to the magistrates, the men who came unsoficited to tender bail for me, afterwards declined. The next time that my friends applied they were told that four sureties, in £100 each, would be required, and the Governor of this prison afterwards informed me, that from the manners in which the commitments were signed, he should require six sureties in one hundred pounds each, and that the Mayor must have known it from the first, he being the person that signed two of them. They have since then refused about fourteen shopkeepers and tradesmen, who are worth a vast deal more than the amount required; and I am informed that the policeman who was sent to inquire into the qualification of some of those who gave their names as willing to become sureties, threatened and bullied them about being Chartists.""",,,,,,,,
377446,0.540637732,8,1841-09-04,star,"Take, we beseech you, these matters into your immediate and serious consideration. Think wisely, and decide justly.  JOHN WATSON, Edinburgh. WILLIAM TAYLOR, Dalkeith. WILLIAM DANIELLS, Lasswade. JAMES SCOUGALL, Pathhead. STEWART M'LAREN, Leith. DAVID POTTER, Chairman. HENRY HANKIN, Secretary.",,,,,,,,
699274,0.54393208,8,1843-09-30,star,"MR. STRECK brought forward a report from the committee, appointed to consider the propriety of appropriating a certain sum out of the funds of the association, for the encouragement of nationality in the different branches of fine arts in Ireland. The report recommended that encouragement should be given to designs in painting, sculpture, and architecture, and suggested amongst others, the Death of Sarsfield; Unfurling the Volunteers' Flag, in 1782; Mr. O'Connell being proposed at the Clare Election; Mr. O'Connell at Mallow.  MR. RAY suggested that the Corporation, as it appeared during the Repeal discussion, should be added.  Agreed to.  MR. RAY handed in one shilling from an Orangeman [cheers].  MR. O'KELY then read a voluminous report from the committee appointed to investigate charges of extermination of tenancy, that had been preferred against MR. SMITH, law-agent to the Corporation of Dublin, and member of the Repeal Association. The charges, which were contained in letters from a Roman Catholic clergyman, and which appeared from time to time in the Freeman's Journal, were, that he had, while agent on the town lands of Paristown and Barvintown, in the county of Westmeath, exterminated eighteen families. The report did nothing but lay the evidence before the public, and, although the committee declined offering any opinion on that evidence, the general feeling was that some of the charges had been substantiated.",,,,,,,,
987596,0.551275373,8,1854-07-29,leader,", literature flourishes in times of quiet and security, and wanes in times of convulsion and disorder. When the storm of some great civil contest is blowing, it is impossible for even the severest man to shut himself quite in from the noise, and turn over the leaves of his Horace, or pursue his studies as undistractedly as before. Great is the power of preoccupation; and it is a noble sight to see, in the midst of some Whig or Tory excitement which is throwing the general community into sixes and sevens and sending mobs along the streets, the calm devotee of hard science, or the impassioned lover of the ideal, going on his way, aloof from it all, and smiling at it all. But there are times when even these obdurate gentlemen will be touched in spirit of themselves to the time of what is going on; when the shouts of the mob will penetrate to the closets of the most studious; and when, as Archimedes of old had to leave his darling diagrams and trudge along the Syracusan streets to expel the construction of rough engines and catapults, so philosophers and poets alike will have to quit their favourite occupations, and be whirled along in the common agitation. These are times when whatever literature there is assumes a character of immediate and practical interest. Just as, in the supposed case, the literary activity of the family is consumed in mere letters of business, so, in this, the literary activity of the community exhausts itself in newspaper articles, public speeches, and pamphlets, more or less elaborate, on the present crisis. There may be a vast amount of mind at work, and as much on the whole, may be written as before; but the very excess of what may be called the pamphlet literature, which is perishable in its nature, will leave",,,,,,,,
1064955,0.498419762,7,1852-08-28,leader,"Another sad occurrence, attended with the loss of three lives, and inflicting injuries on a considerable number of other persons, took place yesterday on the premises of Messrs. Whitehouse, who have large iron works about three quarters of a mile from West Bromwich. About a quarter past nine in the morning one of the large boilers in use on the premises exploded, causing the immediate death of three of the workmen, one of them a young man named Jones, lately married; another poor fellow, who had only gone to work on the premises that morning, was equally killed; and a youth named and instantaneously years of age, met an equally violent and instantaneous death. The number of persons injured was more than usually numerous in such an occurrence. Three out of four brothers, named Key, were frightfully hurt; two other poor fellows, named Taylor and Walker, had severely a broken leg; and one Willetts, who was passing the place, with a horse and cart, at the time the explosion took place, was very badly injured. The violence of the explosion is represented to have been almost terrific. The works are very much shattered, and a portion of the huge boiler was hurled with great force across the canal.",,,,,,,,
865848,0.484841734,7,1841-12-11,star,"dependence among the working classes.  ""That this meeting, in common with the great body of the people of this country, regards the present state of the laws and institutions of the country as unjust and oppressive, and as calculated to perpetuate the present state of poverty and dependence among the working classes.  ""That this meeting, in common with the great body of the people of this country, regards the present state of the laws and institutions of the country as unjust and oppressive, and as calculated to perpetuate the present state of poverty and dependence among the working classes.  ""That this meeting, in common with the great body of the people of this country, regards the present state of the laws and institutions of the country as unjust and oppressive, and as calculated to perpetuate the present state of poverty and dependence among the working classes.  ""That this meeting, in common with the great body of the people of this country, regards the present state of the laws and institutions of the country as unjust and oppressive, and as calculated to perpetuate the present state of poverty and dependence among the working classes.  ""That this meeting, in common with the great body of the people of this country, regards the present state of the laws and institutions of the country as unjust and oppressive, and as calculated to perpetuate the present state of poverty and dependence among the working classes.  ""That this meeting, in common with the great body of the people of this country, regards the present state of the laws and institutions of the country as unjust and oppressive, and as calculated to perpetuate the present state of poverty and dependence among the working classes.  ""That this meeting, in common with the great body of the people of this country, regards the present state of the laws and institutions of the country as unjust and oppressive, and as calculated to perpetuate the present state of poverty",,,,,,,,
167925,0.474295348,7,1848-02-12,star,The meetings at Conciliation Hall have been better attended these last five or six weeks than they were,,,,,,,,
958973,0.469358504,7,1859-06-25,leader,"in Council disavows the act of Major Barrow, in making a promise contrary to the royal proclaimation, and contrary to the express order of the Covernment, excepting the prisoner from all benefit of pardon. But his Excellency will not suffer it to be said that the prisoner, having been induced to surrender on the promise of a British officer in Major Barrow's position, has in consequence of that surrender been put to death. The miscreant's life is therefore spared, but he is banished from British territory.",,,,,,,,
303104,0.497561753,7,1843-02-18,star,"Two Lectures will be delivered on Sunday next, in the Large room over the Stores, by Mr. Cunningham, of Holmfirth, in the afternoon and evening. A collection will be made for the benefit of the Defence Fund.",,,,,,,,
291830,0.466130018,7,1844-10-05,star,"for the improvement of the condition of the peasant proprietors, and for the development of agriculture. The Emperor will also take measures for the improvement of the condition of the peasant proprietors, and for the development of agriculture. The Emperor will also take measures for the improvement of the condition of the peasant proprietors, and for the development of agriculture. The Emperor will also take measures for the improvement of the condition of the peasant proprietors, and for the development of agriculture. The Emperor will also take measures for the improvement of the condition of the peasant proprietors, and for the development of agriculture. The Emperor will also take measures for the improvement of the condition of the peasant proprietors, and for the development of agriculture. The Emperor will also take measures for the improvement of the condition of the peasant proprietors, and for the development of agriculture. The Emperor will also take measures for the improvement of the condition of the peasant proprietors, and for the development of agriculture. The Emperor will also take measures for the improvement of the condition of the peasant proprietors, and for the development of agriculture. The Emperor will also take measures for the improvement of the condition of the peasant proprietors, and for the development of agriculture. The Emperor will also take measures for the improvement of the condition of the peasant proprietors, and for the development of agriculture. The Emperor will also take measures for the improvement of the condition of the peasant proprietors, and for the development of agriculture. The Emperor will also take measures for the improvement of the condition of the peasant proprietors, and for the development of agriculture. The Emperor will also take measures for the improvement of the condition of the peasant proprietors, and for the development of agriculture. The Emperor will also take measures for the improvement of the condition of the peasant proprietors, and for the development of agriculture. The Emperor will also take measures for the improvement of the condition of the peasant",,,,,,,,
988689,0.495521754,7,1852-07-31,leader,"The long announced coup d'état in Spain is still in the air. French Government organs twit the Camarilla with indecision. Possibly the Spanish Court is waiting for the sanction of triumphant English Toryism. At the same time rumour says that Don Carlos, Lord John Manners's old friend, has recalled his abdication.  The chapter of accidents and offences is full, indeed. Among the principal offences we may class Mr. Baron Alderson's demenour in the trial of certain gentlemen, at Birmingham, for false imprisonment of Derra de Moroda. The case failed on technical grounds, and Derra was non-suited; but in the course of the trial, openly to avow a disposition to presume the innocence of Racidula, alias Von Beck, openly to presume some degree of turpitude in one of the acquitted defendants, and some degree of injured innocence in the non-suited prosecutor—these are but specimens of Mr. Baron Alderson's demenour. They may, perhaps, be added to the volume of his facetiae; but unlike most summer lightning, they are not characterized by a brilliancy which is harmless.",,,,,,,,
1179319,0.496142328,7,1884-10-01,circ,"TWENTY-FIFTH YEAR.  THE STATIONER,  THE PRINTER AND FANCY TRADES' REGISTER.  TERMS OF SUBSCRIPTION: Home, Colonial, and Foreign, 6s. 6d. per annum, post-free.",,,,,,,,
359448,0.505350113,7,1848-09-16,star,"The report of the Select Committee on the miscellaneous expenditure is very voluminous, but it contains a vast body of information relative to the mismanagement of our financial affairs, and shews the necessity for a thorough and searching investigation into the fiscal departments of the state and how imperative is the demand for financial reform.  The utter negligence with which every department is superintended—the absence of all adequate check or control over the disbursements—the loose manner in which the public funds are dealt with in all directions, would be positively incredible if it were not authenticated by the most palpable evidence and the direct admissions of the public officers themselves. Of course nobody is responsible for this wholesale system of mismanagement. We find the audit office so far in arrears with the public accounts that when the Commissioners of Woods and Forests are called upon to give an account of their books and their doings they are necessarily obliged to admit that they cannot, BECAUSE THEIR ACCOUNTS HAVE NOT BEEN AUDITED FOR THE LAST TEN YEARS! What have been the consequences of such gross mismanagement? Why, that an organised system of plunder has been carrying on for years in the royal Forests — that timber has been regularly sold off the Forests for private benefit — that fat deer have been abstracted from the royal property and sold in the markets by those to whom they were entrusted, for their own particular benefit, whilst it has been shown that her Majesty has been regularly charged for the deer used at the royal table! For these frauds several persons are now in gaol — but they are subordinates! The great malefactors have been allowed to resign their places and quietly to retire from the searching inquisition.  The whole system of bookkeeping, bookkeepers, treasurers, auditors and comptrollers, is really disgraceful, and demands a radical reform throughout. To begin with the very heads of these",,,,,,,,
1156341,0.466436565,7,1881-11-15,circ,"'Political Opponents,' and an etching of Lord Ronald Gower's Statue of Hamlet. A Sketch of Ruskin's 'Lake-side Home' with a portrait of Mr. Ruskin, and many other interesting papers, make up an admirable number.  We have also received:—Sylvia's Home Journal (Ward, Lock, & Co.)—The Milliner, Draper, and Dressmaker, and Illustrated Household Journal (Ward, Lock. & Co.)—The Family Friend, and the British Workman (Partridge) and The Rosebud (James Clarke & Co.)—American Specialist (Philadelphia) new no.—'Annual Catalogue of the Adelphi Academy' (Brooklyn, U.S.) June 1881.",,,,,,,,
49952,0.429999441,6,1846-10-10,star,"We hope the author will be encouraged by the public to continue his memoirs.—*Literary Gazette*, An unequivocally strange and eventful history.—*Morning Herald*, Lady Caerleon and her Lord are portrayed true as any that Lawrence ever painted. Beautiful in description, tender, pathetic and glowing in the affections of the heart, the author's pen is not without a turn for satire.—*Naval and Military Gazette*. It bears forcibly and pungently on the existing state of society, its vices, its follies, and its crimes.—*Court Journal*. In every page before us may be discovered some fresh vigorous and poetical conception. The fearful breaking down of the dykes is beautifully brought into the mind's eye.—*Morning Post*. This work gives its author an immediate and very high rank in literature.—*Court Journal*. Full of wild fancies, strange fancies and graceful images, interspersed with many bright and beautiful thoughts, its chief defect is its brevity. The author's inspirations seem to rush fresh and sparkling from Hippocrene. He will want neither readers nor admirers.—*Morning Post*. It contains more pregnant thoughts, more bursts of lyric power, more, in fine, of the truly grand and beautiful than any poetical work, which has made its appearance for years. We know of few things more dramatically intense than the scenes between Philip, Warren and Clare.—*New Quarterly Review*. Published by Mr. Newby, 72, Mortimer-street, Curson-h-square. Orders received by all booksellers.  In the Press and shortly will be published, MY LIFE, PART II.",,,,,,,,
1278079,0.433065593,6,1819-07-02,repo,"As I do not believe, any more than Dr. J., that we have any reason "" to expect, at this time, such agency of the Supreme Being, as is not to be referred to the regular operation of his established laws,"" I hope he will be able to come nearer to me than at present he thinks probable. I suspect I have myself gone through the processes of thought, on which his difficulties are founded; and I rejoice in freedom from those difficulties. It has afforded me rest and comfort.  Two evenings ago, I received from my highly-valued friend, Mr. W. B. Kennaway, the affecting, though not painful intelligence of the death of our common friend, the Rev. Joseph Bret- land, of Exeter. I doubt not that a suitable notice will be sent to your",,,,,,,,
1018989,0.441154271,6,1851-10-04,leader,"I tions and animadversions in the newspapers. He does all that he can do to ruin my character irretrievably. He has vitiated the forum, and persecutes me in his private capacity. I know not, Sir, how such things are managed in this country; but in my own, for like conduct, his forensic toga would be stripped off, and his brevet d'avocat cancelled. But after all he is but the agent of a more wily individual. I mean M. Pulszky, whose friendship he professes to be, and whose measures he strives to effectuate. Between them I find myself assailed on all sides, for my expressed determination to vindicate the character of the Baroness von Beck, who died under their hands at Birmingham. I should despair of justice in free England if I had not confidence in its independent, enlightened press. To that press, then, I appeal for protection, and to yourself as one of its leading members. Do not, Sir, allow an innocent man to be crushed by the secret intrigues of M. Pulszky. I do not recognize him as the representative of Hungary. He ran away from that country and denied it when there was danger in acknowledging it. He now endeavours to appear as its representative, when he thinks it may bring him some honour. He supposes that the arrival of Kossuth will prevent him from sinking into the dust of his native insignificance, and for a while sustain the appearance of importance which he has so long unworthily borne. For my part, I love my country well, and would prefer dying to seeing him stand for a single moment by the side of Kossuth. It would be a scandal to Hungary, and a mockery of our national truth in the eye of the world",,,,,,,,
242258,0.438174635,6,1843-08-26,star,"95. Nomination and Selection of Occupiers.—All individuals elected by this society to be residents in any of its establishments, under the conditions hereafter set forth, shall be selected by a majority of the members of the branch to which they belong; and it shall be voluntary on their parts. Such selection of persons to be so resident shall be made at a general meeting of the subscribers to the Land Fund, specially called for the purpose. The selection may be by Ballot, if the members of the Branch prefer; and out of the persons so selected shall the drafts be made to occupy the land, by the General Executive.",,,,,,,,
317033,0.445263654,6,1848-07-08,star,"An excellent and highly finished Portrait of Thomas Paine, by Sharp; on Tinted Paper, la.; by post, 1s. 2d. A Small Portrait of Thomas Paine, G.I.; by post, 1d. Franklin's History of England in Miniature, from the remotest period to the present day; giving, also, an Outline of the English Constitution, Manners and Customs of the ancient Britons, &c. A neat pocket edition, containing 24 pages of closely-printed letter-press, with a Wrapper. Price 8d.; by post, five penny stamps. Pope's Essay on Man, with a Commentary, by the Rev. J. E. Smith, M.A. Price 1s.; by post, fifteen penny stamps. Outlines of Natural Theology; or, Evidences of the Existence and Attributes of the Deity, deduced from Nature. Abridged from various Authors, by Benjamin Franklin the Younger. Price 6d.; if by post, nine pence 3/4d.  Twelve Reasons against taking away Life as a Punishment. By Humanitas. Price 6d.; by post, 7d.  The Political Drama; a Series of very humorous Political Egrarrusings, in 23 Penny Numbers; by post, 2/1. each number.  An Burial Hill:—Twelve Reasons for not Believing in the Doctrine.  The Almighty God;—Twelve Reasons for Believing in his Existence.  The Devil;—Twelve Reasons for not Believing in his Existence.  The Immortality of the Soul.—Twelve Reasons for Believing the Doctrine.  The Lake of Fire.—Hell, not a Place of Punishment, but of Progressive and Endless Polity; proved by Scripture.  N.B.—Price of each of the above Pamphlets, 2d.; if by post, three penny post stamps.  In one volume, cloth boards, price 5",,,,,,,,
40973,0.454794288,6,1840-11-21,star,"### Poetry.  #### THE WAR-CRY.  heard it—not the wild, dissonant, yell— The vengeful madness of an Indian's cry; Who, as he fiercely flies to the coward fell, By the war-whoop calls his comrades to die! Not the ferocious din of feudal strife, Where clan with clan and tribe with tribe engage, Where boarded caravan, wholesale loss of life! Is the sad product of impetuous rage! heard it—not the hated martial sounds, Wafted by Eastern sophyrs from afar; The harbinger! of scorn, and blood, and wounds— The dire concomitants of Christian war! Anature . trade of human butchery— The widow's groan, the orphan's tear are thine; A nation's woes are sacrificed by thee, A gory offering at ambition's shrine!  heard it—at the patriots' call it burst, Like pealing thunder, from the Scottish plain! And Culloden wrought in remembrance of Frost, As her hills and dales re-echo'd the strain From England, the land of labour and toil; It swelled on the gale, decisive and strong, Through the length and breadth of the Emerald Isle, The sound ominpotent gather'd along, I heard it—'twas tyranny's funeral knell— The high resolve of a people oppress'd— The groan of the sons of labour, that tell This dangerous to slight a nation's behest. 'Twas the mustering forth of the patriot band— The banner of freedom streaming on high— They spoke, and taught their power could withstand— The Charter, the Charter, we'll have, or we'll die!  JOSEPH RADFORD. Birmingham.  * Messrs. Collins,",,,,,,,,
800498,0.428155333,6,1841-01-16,star,"remedy be at hand, we must leave them to other governnor, and bear the consequences of our acknowledged wickedness, or weakness, or both.  ""But the present condition of the labourers of these kingdoms is not of their own bringing on. They are not idle. Nowhere else in this wide world is a race of men to be found that works so long, and so hard, and so steadily, as they do. Why it would not be too much to say that, leaving all the men entirely out of the question, the wives and children of our fellow-country men raise and make more of all kinds of stuff that is eaten, worn, and used, for the wants and enjoyments of life, than an equal number of full-grown men in any other part of the earth! The like of what is done by weak women and very babes, in these islands of ours, was never heard of since the world began? Is it not right—is it not high time the wrath of a holy God was poured out upon us, for the awful sin of ever having suffered such a monstrous violation of nature to become a common household thing with us? Yes, and God only knows whether the day of grace be not already gone down, and the night of his fierce anger even now darkening upon us!",,,,,,,,
867738,0.448106766,6,1846-03-07,star,"The following is an extract from the London Times, of the 20th ult. :  "" The late Mr. John Wilson Croker, who died on the 8th of July, was a man of great ability and varied acquirements. He was born in Ireland, and was the son of a clergyman of the Established Church. He was educated at Trinity College, Dublin, and afterwards at Trinity Hall, Cambridge. He entered Parliament in 1812, as member for the borough of Carlisle, and continued to represent that borough until 1826, when he was returned for the city of London. He was a strong supporter of the Tory party, and was one of the most active and influential members of the House of Commons. He was a man of great learning and literary tastes, and was the author of several works of considerable merit. He was also a prominent member of the Royal Society, and was one of the founders of the British Museum. He was a man of great integrity and honour, and was universally respected and esteemed. His death will be greatly regretted by all who knew him.""",,,,,,,,
452247,0.443751693,6,1846-04-04,star,"London Corn Exchange, Monday, March 30.— The supply of English wheat was somewhat larger this morning than it has been for some weeks past, and difficulty was experienced in getting through the whole of it, though offered at 1s. to 2s. per qr. below the rates current on Monday last. For foreign wheat in bond the consumptive demand was very trifling, and there was no speculative inquiry for it, or for free on board cargoes, though the latter were offered, by to-day's mail, on lower terms from the Baltic ports.—Fine barley was not so ready of sale as it was last week, and secondary sorts were rather cheaper. Irish oats, and the finer descriptions of English brought an advance of 0d. per qr. upon the prices of this day se'nnight; but upon light and inferior corn no improvement whatever could be realised; the supply from our own coast was tolerably extensive.—Beans were dull and rather cheaper.— Peas of all sorts firm. There was more inquiry for clover seed, but it was freely met, and the lower description of both red and white must be quoted fully 2s. per cwt. cheaper. Fine qualities support their value better, but go off very slowly.  CURRENT PRICES OF GRAIN, FLOUR, AND SEED IN MARK-LANE,",,,,,,,,
1018883,0.428219825,6,1851-10-04,leader,"TO READERS AND CORRESPONDENTS,  Several letters have been received by our publisher complaining of the non-receipt of papers, or the non-arrival of the Leader until Monday. We have made inquiry, and find that the errors have not arisen in our office. The Country edition of the Leader is published on Friday, and the Town Edition on the Saturday, and Subscribers should be careful to specify which edition they wish to receive. Complaints of irregularity should be made to the particular news-agent supplying the paper, and if any difficulty should occur again it will be set right on application direct to our office, 10, Wellington-street, Strand, London.  In reply to inquiries we may state that the Office of the Friends of Italy is No. 10, Southampton-street, Strand.  All letters for the Editor should be addressed to 10, Wellington-street, Strand, London.",,,,,,,,
547981,0.38758409,5,1845-08-16,star,"be had uniform in size with Chambers' Miscellany, and most elegantly printed. This edition contains the prefaces and introduction to each part, which are omitted in the other reprints.  Part I. contains a manual of the three first degrees, with an introductory keystone to the Royal Arch.  Part II. contains the Royal Arch and Knights Templar Degrees, with an explanatory introduction to the Science.  Part III. contains the degrees of Mark Mace, Mark Master Architect, Grand Architect, Scotch Master, or Superintendent, Secret Master, Perfect Master, and upwards of twenty other associations, to which is prefixed an explanatory introduction to the science, and a free translation of some of the Sacred Scripture names.  The parts may be had separate; parts I. and II., is. 6d. each, and part III., 2s. May be had of all Booksellers.  PAUL DE KOCK'S WORKS, full and free translations — NEIGHBOUR RAYMOND, price 1s. a most amusing tale. The BARBER OF PARIS, 2s. GUSTAVUS; or the Young Rake, 2s. GEORGETTE; or the Servant's Niece, 2s. BROTHER JAMES, 2s. MY WIFE'S CHILD, 1s. 6d. THE MAN WITH THREE PAIR OF BREECHES, 2s. TOURLOUROU; or the Conscript, 3s. Also, INDIANA, by George Sand, a Romance of Illicit Love, 3s. FERRAGUS, THE CHIEF OF THE DEVOURERS, by M. de Balzac, 1s. 6d. Will be followed up by others of the same writer.  ON THE POSSIBILITY OF LIMITING 'OPULOUS' NESS. AN ESSAY ON POPULOUNESS—to which is added the THEORY OF PAINLESS EXTINCTION, by Marcus, price 1s.  * * * The celebrated pamphlet where it is",,,,,,,,
941590,0.402387321,5,1851-01-18,leader,"such thoughts as these, and then thought, that as I seemed very unfit for this world I had better make my exit into another. But I was young, clung to life, felt within me a fund of energies which I had not the courage to bury by one decisive stroke in the grave, dreaded the curse that rests on the suicide's name, and recollected, as I have done in other temptations as terrible, that I had mother. At length, after much and painful pondering, I resolved to go to Edinburgh and there turn either player or soldier, I did not quite decide which. I have never been dilatory, so I at once proceedto carry my resolution into effect. I had only a few shillings remaining—not enough to pay for a place in the coach—I, therefore, was content to travel in a humbler fashion. I took a steeage passage in one of the canal boats, which at that time conveyed, and perhaps do still convey, the poorer classes of travellers between the two great cities. The passage was long, tedious, and dismal. The rain fell in a deluge, without stopping for an instant. My companions, however, seemed merry enough; they smoked and they joked, they drank and they sang. Some of them made good-natured attempts to render me merry, too. But this was in vain; the more their joy abounded, the more tragic did I feel my sorrow to be. After nine or ten hours' confinement to the wretched den, where all kinds of smoke and all kinds of drunken smells half stifled me, I was glad enough to escape from it and its inmates. I had not to hesitate a moment on getting out; for I had made up my mind that there was something contemptible in the profession of a player. It was a relief to me that, though I",,,,,,,,
170292,0.384402543,5,1839-02-09,star,"to propose the address to Mr. Robinson, and that he had been the first to propose the address to Mr. Robinson, and that he had been the first to propose the address to Mr. Robinson, and that he had been the first to propose the address to Mr. Robinson, and that he had been the first to propose the address to Mr. Robinson, and that he had been the first to propose the address to Mr. Robinson, and that he had been the first to propose the address to Mr. Robinson, and that he had been the first to propose the address to Mr. Robinson, and that he had been the first to propose the address to Mr. Robinson, and that he had been the first to propose the address to Mr. Robinson, and that he had been the first to propose the address to Mr. Robinson, and that he had been the first to propose the address to Mr. Robinson, and that he had been the first to propose the address to Mr. Robinson, and that he had been the first to propose the address to Mr. Robinson, and that he had been the first to propose the address to Mr. Robinson, and that he had been the first to propose the address to Mr. Robinson, and that he had been the first to propose the address to Mr. Robinson, and that he had been the first to propose the address to Mr. Robinson, and that he had been the first to propose the address to Mr. Robinson, and that he had been the first to propose the address to Mr. Robinson, and that he had been the first to propose the address to Mr. Robinson, and that he had been the first to propose the address to Mr. Robinson, and that he had been the first to propose the address to Mr. Robinson, and that he had been the first to propose the address to Mr. Robinson, and that he had been the first",,,,,,,,
890562,0.373227566,5,1841-03-13,star,"Believing,  OSTLER'S FLEET PAPERS. Nos. IX. and X.  It was our intention to give a chronological notice",,,,,,,,
363981,0.404903293,5,1838-05-05,star,"A NATIONAL ASSOCIATION FOR THE PREVENTION OF CRUELTY TO ANIMALS.  OFFICE AND SECRETARIAT, 14, GREAT GEORGE-STREET, LONDON.  To the REV. JOHN NEWTON, M.A., F.R.S., &c., President of the Royal Humane Society, &c.  THE SECRETARY of the National Association for the Prevention of Cruelty to Animals, has the honour to request your acceptance of the Presidency of the Association.  London, January 1, 1824.  REV. SIR,  I have the honour to be Your most obedient and humble Servant,  THOMAS PHILLIPOWS, Secretary.",,,,,,,,
134665,0.407509863,5,1849-06-09,star,"T. S. DUNCOMBE.  The address was received with great applause. The Secretary next proceeded to read the annual report of the Central Committee, which was as follows:—  (including for out is ) P",,,,,,,,
251688,0.382157147,5,1843-01-07,star,"go so readily to be seen, at the Commission, no; rather—""throw all open 'dishonoured women,' than other [treachery] the public will not notice it in the least; but if a woman is once suspected of [treachery] there are few who will not [suspect] her of it. It is a very strange thing, that of 'dishonouring' ladies in the body of the press, the public take no more notice than if it were a matter of no importance at all. I have seen the most [scandalous] things said of ladies in the papers, and yet no one seems to take the least notice of it. It is a very strange thing, and I cannot account for it. I have seen things said of ladies in the papers that would make any man's blood boil, and yet no one seems to take the least notice of it. It is a very strange thing, and I cannot account for it. I have seen things said of ladies in the papers that would make any man's blood boil, and yet no one seems to take the least notice of it. It is a very strange thing, and I cannot account for it. I have seen things said of ladies in the papers that would make any man's blood boil, and yet no one seems to take the least notice of it. It is a very strange thing, and I cannot account for it. I have seen things said of ladies in the papers that would make any man's blood boil, and yet no one seems to take the least notice of it. It is a very strange thing, and I cannot account for it. I have seen things said of ladies in the papers that would make any man's blood boil, and yet no one seems to take the least notice of it. It is a very strange thing, and I",,,,,,,,
361112,0.378180206,5,1849-04-14,star,"As their plots of land are too small to afford them a livelihood without the aid of their manufacturing earnings, so would their wages be insufficient for their maintenance without the addition of their garden produce, while both united secure to them the enjoyment of ample comfort.  *  Switzerland, however, notwithstanding the general happiness of her people, is not absolutely free from pauperism, a disease which would almost seem to be inherent in the constitution of manufacturing communities. But even the pauperism of Switzerland furnishes additional proof of the excellence of peasant proprietors, for paupers are most rare where landed property is most divided, and are found in the greatest number in those districts which contain largest estates. In the whole of the Engadine, the land belongs to the peasantry, and in no country in Europe,"" says Mr. Inglis, ""will be found so few poor as in the Engadine."" In the Valais, the land belongs to a few great proprietors, and according to Mr. Bakewell, the peasantry are among the poorest in Switzerland. Inglis, however, assigns the ""bad pre-eminence"" to the canton of Berne, in which he says the greatest landowners reside, and which ""for this reason, contains the greatest number of poor.""",,,,,,,,
806957,0.398668557,5,1848-08-12,star,"THE MORNING ADVERTISER. SATURDAY, JANUARY 1, 1881. (PRICE ONE PENNY.) LONDON, SATURDAY, JANUARY 1, 1881. THE WEATHER. This morning the weather is fine and clear. The temperature at 7 a.m. was 33 degrees. The barometer stands at 30.05. SUNDAY SERVICES. St. George's Cathedral, Southwark. Morning, 11. Afternoon, 3. Evening, 6. St. Martin's-in-the-Fields. Morning, 10. Afternoon, 3. Evening, 6. St. Paul's Cathedral. Morning, 10. Afternoon, 3. Evening, 6. St. Marylebone Parish Church. Morning, 11. Afternoon, 3. Evening, 6. St. James's, Piccadilly. Morning, 11. Afternoon, 3. Evening, 6. St. Peter's, Eaton Square. Morning, 11. Afternoon, 3. Evening, 6. St. Saviour's, Fleet Street. Morning, 11. Afternoon, 3. Evening, 6. St. Clement Danes. Morning, 11. Afternoon, 3. Evening, 6. St. Mary-le-Bone. Morning, 11. Afternoon, 3. Evening, 6. St. Michael's, Cornhill. Morning, 11. Afternoon, 3. Evening, 6. St. Anne's, Soho. Morning, 11. Afternoon, 3. Evening, 6. St. George's, Bloomsbury. Morning, 11. Afternoon, 3. Evening, 6. St. Mary's, Bryanston Square. Morning, 11. Afternoon, 3. Evening, 6. St. John's, Smith Square. Morning, 11. Afternoon, 3. Evening, 6. St. Mary's, Lambeth. Morning, 11. Afternoon, 3. Evening, 6. St. Mary's, Is",,,,,,,,
612972,0.376313984,5,1845-01-18,star,"Those persons desirous of bettering their condition and of becoming ""Independent Labourers,"" by entering the ""Productive-Labour"" Market, will do well to read ""A Practical Work on Small Farms,"" by FERGUS O'CONNOR, Esq. It contains much useful information, invaluable to the parties for whom it was written; and Old Farmers will find many useful lessons in the new system of husbandry, which they have yet to learn. The work displays great practical knowledge, and is written so that any one who reads may understand. Mr. O'CONNOR seems not to have used either the old or 'new nomenclature' in this work; he has not buried his meaning in chemical technicalities, which very few understand, but which most writers on agriculture seem so desirous of using. Perhaps they do not understand the practice of Farming so well as the theory; and, therefore, mystify that which they cannot explain, by some long, chemical term, which the plain reader may pass over as a ""hard word,"" hard to pronounce, and harder to understand when it is pronounced. The reader will find that Mr. O'CONNOR has avoided all those hard names, and suited the language to the tilling labourer, whose college is generally the workshop, or, at best, the Sunday School. Though the work is written for holders of Small Farms, yet no Allotment Tenant ought to be without it; the valuable information it contains respecting tilling and cropping is alike useful to all.""—Extract from a Farmer's Letter.  ""This really useful little volume ought to be in the hands of every one at all connected with agricultural pursuits.""—Lloyd's Weekly London Newspaper.",,,,,,,,
757105,0.367958933,4,1851-12-13,star,"To Prevent Fraud on the Public by imitations of the above valuable remedies, Her Majesty's Honourable Commissioners of Stamps have directed the name of the Proprietor, in white letters on a red ground, to be engraved on the Government Stamp round each box and bottle, without which none are genuine, and to imitate which too closely is forgery and transportation.  N.B.—Where difficulty occurs in obtaining any of the above, enclose postage stamps to the establishment.",,,,,,,,
810262,0.33194837,4,1850-09-14,star,"the Potteries;"" and then addressing the prisoner (Ann Chadwick), said, ""D——n you, you are as bad as her; you know what we have done."" About half an hour after the old man was dead, the prisoner Tunicliffe went into the house of the next door neighbour, and when asked whether any assistance could be rendered in laying the body out, she replied, ""All is done up."" On the morning of the 25th of February, the day appointed for the inquest, both the prisoners arrived very early at the house of Chadwick's father, who also resides at Swinscoe, and waited until Mr. Chadwick came down stairs. Upon seeing him the prisoner Tunicliffe said they had been travelling nearly all night from the Potteries to get to the inquest, and that he must go there also; and then turning to the other prisoner, continued, ""He must say that he had been boiling wheat in water with arsenic, for the purpose of poisoning crows; that he had set it on the slop stone to cool, and probably the old man might come in and eat of it; as he was a greedy old fellow."" A few minutes after this had been said, a daughter of Mr. Chadwick's came down stairs, when the prisoner Tunicliffe said to her, ""We have burnt the deed; we have burnt the deed; we have burnt it under the tea kettle,"" pointing to the kitchen fire. The prisoner, Ann Chadwick, said, ""Yes, we have."" Upon being asked why they had done so, the prisoner Tunicliffe replied, ""The last thing my husband said was, that we must burn it, for it might bring both families into trouble."" Upon being further questioned as to whether they had forged the name of the deceased, they returned no answer. The prisoner Tunicliffe",,,,,,,,
371910,0.355173767,4,1846-01-10,star,"THE CEMETERY and GENERAL FUNERAL COMPANY, united with SHILLIBEER'S PATENT FUNERAL CARRIAGES, respectfully invite public atten- tion to the economic and convenient arrangements for per- forming every description of Funerals complete, at charges so moderate as to defy competition, and no extras, by which the comfort of bereaved families will be materially pro- tected, and expenses limited. City-road, Finsbury, next Banbury-fields Burial-ground; 21, Percy-street, Tottenham- ham-court-road; and 186, Union-street, Southwark. Shillibeer's Patent Funeral Carriage, with two horses, £1 11s. 6d.; Single Horse, 21 ls. A respectable Carriage Funeral, combining every charge, £1 16s. Hearse and Mournng Coaches. Catholic Fittings. Four Horse Funerals, £12 12s.",,,,,,,,
769034,0.362051219,4,1851-12-27,star,""" But I need waste no more time or space over these perfectionists. I will only say that they consider all intercourse with each other should be in every respect regulated by this perfective law; that in it they should seek their own perfection and each other's, as well as that of their offspring; that, following this idea, and bringing to bear upon the question certain alleged physiological facts, they abolish all marriage as between individuals and live together as one husband and one wife, the details of which arrangement I need not enter into. I am informed that they are a large and prosperous community; that the utmost harmony and affection prevail; that to strangers they appear like one family of brothers and sisters; and that they are enabled to conduct their affairs without the despotism which stains other communities, while free inquiry on all subjects prevails amongst them, and, consequently, a high degree of intellectual and aesthetic culture.""  The honour of solving the great social problem is reserved for America, not only from the experience accumulated in those experiments, but from ""the fact that here the land—the all in all—is available to the people.""  Another element of success is, that the habits of the people have prepared them for rapid changes of employment.",,,,,,,,
477909,0.330033302,4,1846-07-25,star,"Mr. Gay.—I am not convinced yet. (Laughter.) Mr. O'Connor has said that a section will be located in six years but that is only assertion. I say fortyseven years. (Laughter.) He asks me why I don't propose a plan myself—I HAVE A PLAN—(roars of laughter, and 'now it's all out')—but I am not going to propound my plan until the data is all arranged, and until it is matured. (Laughter.) I don't know whether Mr. O'Connor has convinced you, but he has not convinced me, and if you hold up your hands for his plan it will not prove that you believe it practicable, but because he has more eloquence than I have. Still I don't see how with only £15,000 paid up, Mr. O'Connor can locate 6000 at £127 each. I should not have come here at all if I had not been dared, I am willing to stop till to-morrow night to continue the discussion. (Cheers.)",,,,,,,,
265499,0.344024777,4,1847-06-05,star,"people. She was hardly seated on her throne won for her by enormous sacrifices—when she commenced frittering away all that was of value in the “Charter” she had sworn to uphold. At length, when liberty was almost entirely lost, the Septembrist movement compelled Donna Maria to accept a modified version of the Constitution of 1820, instead of the mangled “Charter.” The Queen now swore to uphold the “Constitution,” and filled her oath by conniving at a revolt got up by the tax-eaters for resuscitating the defunct “Charter.” The notorious Cabrals triumphed, the “Constitution” was strangled, and the “Charter” changed greatly for the worse—substituted. The Cabrals established a grinding tyranny, under which every law for the protection of public liberty and personal freedom was violated, and the people given over to the plundering exactions of tax-eaters. Excessive taxation at length produced revolt, the peasantry rose in arms throughout Portugal, and, with the certainty of a popular rising in the capital, the Queen gave way, dismissed the Cabrals, and appointed the Palmella Ministry. The overthrow of that ministry was accomplished by the vilest means— no less than a midnight plot. The chiefs of the Ministry summoned to the palace on pretence of business, were there informed that their services were no longer needed—that their successors had been appointed, and themselves were prisoners until such time as the army had secured the triumph of the counter-revolution. This was accompanied by the suppression of the public press, the "" suspension of the guarantees"" of personal security, and the establishment of martial law. What had been left of the restored ""Charter"" was again utterly violated, and a despotism established more perfect than that of the Russian Autocrat. A popular outbreak immediately ensued. The Duke of Ter",,,,,,,,
956026,0.339258432,4,1851-07-12,leader,ENORMOUS COST OF THE REMOVAL OF THE POOR.  - - - - - - - - - - - - - - - - - - - - - - - - - - - - - - - - - - - - - - - - - - - - - - - - - - - - - - - - - - - - - - - - - - - - - - - - - - - - - - - - - - - - - - - - - - - - - - - - - - - - - - - - - - - - - - - - - - - - - - - - - - - - - - - - - - - - - - - - - - - - - - - - - - - - - - - - - - - - - - - - - - - - - - - - - - - - - - - - - - - - - - - - - - - - - - - - - - - - - - - - -,,,,,,,,
1225361,0.360410184,4,1869-01-02,tomahawk,"ANSWERS have been received from Ruby's Ghost, Linda Princess, Exeter Sidney, Samuel E. Thomas, Owl in Hopes of Better Things, Kiss-me-Quick, F. D., Isle of Rockaway, George Hayward, Charles Robinson, The Broker, The Corporal, and The Bloomer (Liverpool); Crooked Lane is Bad Luck, A Vacant Palace is to be Filled by Mrs. Gamp, W. Hall (Hammersmith), C. D. S., F. D. Lyell, Alfredus (Glasgow), Mouse (Ledbury, Herefordshire), F. M. T. (Croydon), Fiddle, Ned Bags, and Diogenes (Dover).",,,,,,,,
659455,0.344349772,4,1842-01-08,star,"The last sheet to this.  INCOME.  London 500 cards per Wheeler, 18 en. cards, in debt 200 cards, per Cleave, clear 1 13 4 Gibbs, clear 0 5 0 Salmon, clear 0 10 0 Lefevre, clear 0 4 6 100 cards, Marylebone in debt 0 0 0 Robson, Tow. Hamlets, clear 0 13 10  Nottingham 115 cards ... clear 0 19 9  Stokesley Ryde, I. of Wight, 24 cards ... clear 0 4 0  Ashton-u.-Lyne, 150 cards ... clear 1 9 6  Stockport 100 cards ... in debt 0 10 6  Doyle 270 cards ... in debt 0 11 8  Salisbury ... ... clear 0 3 7  Plymouth 30 cards ... clear 0 10 0  Wortley ... ... clear 0 4 0  Wingate Grange, 100 cards ... clear 1 16 8  Redruth 60 cards 8 en. cards ... in debt 0 10 0  Chowbent ... ... clear 0 3 6  Chorlton ... ... clear 0 6 8  Chelmsford ... ... clear 0 6 0  Todmorden ... ... clear 1 4 2  Oxford 50 cards ... clear 0 8 4  Sutton-in-Ashfield 130 cards ... in debt 1 2 6 Hunslet ... ... clear 0 5 0 Harleston ... ... clear 0 5 6 Ovenden ... ... clear 0 4 6 Eccles 24 cards ... in debt 0 4 0 Middleton 48 cards ... in debt 0 4 0 Bolton 300 cards ... in debt 1 13 4 West 18 cards ... ... 0 3 0 Halifax 140 cards—20 en. in debt 1 10 0 Sowerby ..",,,,,,,,
1031445,0.369972527,4,1856-05-17,leader,"Sept. for .......... 1000  ""1st January, 1856, for .......... 2000  ""4th .......... 2000  ""16th .......... 2000  making altogether 12,500L; but as 1000L was paid over to Pratt, the real amount of debt due in the month of November was 11,500L, and every one of those bills bore the forged signatures of the prisoner's mother. The jury would easily imagine the pressure which naturally and necessarily prevailed upon the prisoner in consequence of this liability of 11,500l., which he had not a shilling in the world to meet; and the still greater pressure arising from the conviction that if the forgery was discovered, owing to his being unable to keep up his payments, it would bring inevitable ruin upon him, as well as expose him to the peril of the law. With these transactions the deceased Cooke had been partially connected. It seemed that in May, 1856, Palmer was pressed to pay a sum of 600l. to a person named Sergent. Palmer had in the hands of Pratt at this period, in respect of some of the bills which had been discounted, a balance of 610l. to this credit, and he wanted Pratt to advance 100l. to make up the 600l.; but he declined to do so, except upon security, and Palmer then offered him an acceptance of Cooke, representing Cooke to be a man of substance and good security, and accordingly the acceptance of Cooke for 300l. was sent up, and on that Pratt advanced the money. That was believed to be the first transaction with Cooke. When that bill of 300l. became due, Palmer failed to provide it, and Cooke had to pay it himself after it had become dishonoured. In",,,,,,,,
255378,0.308647603,3,1850-11-02,star,"Advises, dated the 25th ult., state that a trifling skirmish between some cavalry patrols in the vicinity of Kropp took place on the morning of the 23rd ult., in which, as usual, several lives have been lost on both sides, and some prisoners made. It has been reported that the Holsteiners have captured seven Danish Dragoons who had ventured too far in pursuit, and that they had been brought into Rendsburg; they admit, however, that an equal number of their own men were killed, wounded, and taken by the other side.  Another more important movement is in contemplation, however, on the part of the Holstein clergy, nobility, and landed proprietors, and which it is hoped may do some good. The 'Weser Zeitung' has reported that a meeting of the above orders will take place at Kiel shortly, to take proposals of peace into consideration, as well as the levy of taxes &c.  Much sickness is reported in the Danish army in Schleswig—principally typhus fever, of which some hundreds are suffering. The wet weather favours the spread of this disease; but as the Danes have taken care to provide convenient and comfortable hospitals for their sick and wounded, the loss in deaths will not be very great, and they have many very able medical men in the camp.",,,,,,,,
1206939,0.297799617,3,1882-05-15,circ,"NOW READY AT ALL LIBRARIES. 2 vols. crown 8vo. 31s.  THE GIFTS OF THE CHILD CHRIST, AND OTHER NOVELETTES.  BY GEORGE MAC DONALD.  THE OTHER STORIES ARE— 2. THE HISTORY OF PHOTOGEN AND NYCTERIS. 3. THE BUTCHER'S BILLS. 4. STEPHEN ARCHER. 5. PORT IN A STORM. 6. IF I HAD A FATHER.  COMPLETION OF AN IMPORTANT WORK.  STUDIES IN THE THEORY OF DESCENT. By DR. AUGUST WEISMANN, Professor in the University of Freiburg.  WITH A PREFATORY NOTICE BY CHARLES DARWIN, F.R.S. Author of 'The Origin of Species' &c.  TRANSLATED AND EDITED, WITH NOTES, By RAPHAEL MELDOLA, Late Vice-President of the Entomological Society of London.  PART I. ON THE SEASONAL DIMORPHISM OF BUTTERFLIES. (With Two Coloured Plates.)  PART II. THE ORIGIN OF THE MARKINGS OF CATERPILLARS. ON PHYLETIC PARALLELISM IN METAMORPHIC SPECIES. (With 6 Coloured Plates.)  PART III. THE TRANSFORMATION OF THE MEXICAN AXOLOTL INTO AMBLYSTOMA. ON THE MECHANICAL CONCEPTION OF NATURE.  The German Text has been carefully revised and brought down to date by the Author, under whose supervision the Chromolithographic Plates have been accurately redrawn and engraved.  Two vols. demy 8vo. cloth extra, 40s.  New and Cheaper Edition, crown 8vo. coloured boards, price 2s. 6d.  # AN ENGLISHWOMAN IN UTAH.  # THE STORY OF A LIFE'S EXPERIENCE IN MORMONISM: AN AUTOBIOGRAPHY.  BY MRS. T. B. H. STENHOUSE, Of Salt Lake City, for more than twenty-five years the Wife of a Mormon Missionary and Elder.  WITH PORTRAIT BY MRS. HARRIET BEECHER STOWE. FULLY ILLUSTRATED.  LONDON: SAMpson LOW, MARSTON, SEA",,,,,,,,
232697,0.295512915,3,1842-10-01,star,"Scarce had he loved his sides in the pure and refreshing waters, ere a squadron of boats closing around him, compelled him to swim back to land. But the dogs would not suffer him, re-invigorated though he was, to ascend the mountain again, and, like polite Irishmen, seemed anxious, and in fact did all in their power to give the ladies and gentlemen a full and satisfactory opportunity of beholding the exhilarating amusement.  They now urged him along the water's edge, and it soon became a contest not merely between the quarry and his pursuers, but between the hunters on the land and the rowers on the lake. Once more, in the meantime, did the stag plunge into the glassy basin, and once more was he driven back. But though he had thus twice renewed his strength, on again reaching Vincent's Point (the very spot where he was started), he for the third time sought refuge in the lake's pure bosom.  He was at last captured by Counsellor Leahy's boatmen.  Among the spectators of this unequal hunt were the following distinguished visitors, then staying at the Muckross Hotel:—Rev. Robert Longfield, Custlemary; Mrs. Jephson, Mallow; Wilson Gun, Esq. Kilmoyley; Peter Thomson and Blennerhassett Thompson, Esqrs., and the ladies of their party.—Correspondent of the Kerry Post.",,,,,,,,
491177,0.303995699,3,1848-01-08,star,"T H E S I L E N T I N U S  A medical work on the exhaustion and physical decay of the system, produced by excessive indulgence, the consequences of infection, or the abuse of mercury, with observations on the married state, and the disqualifications which prevent it; illustrated by 28 coloured engravings, and by the detail of cases. By R. and L. PERRY and Co, 19, Berwick-street, Oxford street, London. Published by the authors, and sold by Strange, 21, Paternoster row; Hannay, 68, and Sanger, 150, Oxford-street; Sturte, 23, Tichborne-street, Haymarket; and Gordon, 116, Leadenhall-street, London; J. and R. Barnes, and Co, Leithwalk, Edinburgh; D. Campbell, Argyll-street, Glasgow; J. Priestley, Lord-street, and T. Newton, Church-street, Liverpool; R. H. Ingham, Market-place, Manchester.",,,,,,,,
323620,0.303308845,3,1846-03-07,star,"This day is published, demy 12mo., cloth, price Eighteenpence,  **THE NEW ETYMOLOGICAL EXPOSITOR, or Pronouncing Spelling Book;** containing a selection of Words commonly used by the best writers, with their pronunciation, derivation, &c. By WILLIAM HILL. Much care and labour has been bestowed upon the above work, so as to make it the very best of its kind. Also, by the same Author, price 1s., the National School Grammar. Also, price 1s., the Companion to the National School Grammar.  Abel Heywood, 58, Oldham-street, Manchester : London, J. Watson, Paternoster-row ; J. Cleave, Shoe-lane, Fleet-street ; and all booksellers.  Just published, by the Executive Committee of the National Charter Association,",,,,,,,,
1007832,0.297385484,3,1855-10-06,leader,"In the meanwhile no real change has taken place in the position of the belligerents. The latest reports from the Crimea give us the Russians still in possession of the North Fort; the only altera- tion being that Prince Gortschakoffe, still claim- ing a virtual success in being released from his murderous confinement in the south of Sebastopol, boosts that the Russians are restored to their ""congenial warfare in the open field,"" and likening the abandonment of Sebastopol in 1855 to the abandonment of Moscow in 1812, he rouses the Russians with a hope of the destruction which may befall the soldiers of Napoleon the Third, as foreshadowed in the fate of the Russian army of Napoleon the First.  Reports still come, that the Russians have been defeated in a French cavalry affair, on the 29th; but the position of the French is still the same, and the Russians are still in possession of the North Fort.",,,,,,,,
81059,0.321330607,3,1843-09-09,star,"issued a proclamation calling for 2,000,000 stand of arms, and has ordered the Secretary of War to take possession of all the forts, arsenals, and other public property in the insurrectionary States. The proclamation is dated December 18, 1860. The President has also issued a proclamation calling for 2,000,000 stand of arms, and has ordered the Secretary of War to take possession of all the forts, arsenals, and other public property in the insurrectionary States. The proclamation is dated December 18, 1860. The President has also issued a proclamation calling for 2,000,000 stand of arms, and has ordered the Secretary of War to take possession of all the forts, arsenals, and other public property in the insurrectionary States. The proclamation is dated December 18, 1860. The President has also issued a proclamation calling for 2,000,000 stand of arms, and has ordered the Secretary of War to take possession of all the forts, arsenals, and other public property in the insurrectionary States. The proclamation is dated December 18, 1860. The President has also issued a proclamation calling for 2,000,000 stand of arms, and has ordered the Secretary of War to take possession of all the forts, arsenals, and other public property in the insurrectionary States. The proclamation is dated December 18, 1860. The President has also issued a proclamation calling for 2,000,000 stand of arms, and has ordered the Secretary of War to take possession of all the forts, arsenals, and other public property in the insurrectionary States. The proclamation is dated December 18, 1860. The President has also issued a proclamation calling for 2,000,000 stand of arms, and has ordered the Secretary of War to take possession of all the forts, arsenals, and other public property in the insurrectionary States. The proclamation is dated December 18, 1860. The President has",,,,,,,,
687294,0.278024375,3,1850-09-28,star,"DOGBEE MURDERS AT LANGHARNE CARMARTHENSHIRE.—The coroner’s inquest on the body of Rebecca Uphill, housemaid in the the family of J. Severne, Esq., of Brixton, near Langharne, and whose death was supposed to have been occasioned by arsenic, administered to her by the cook in the same family, was resumed on Monday before G. Thomas, sen., Esq., the coroner, and on the same day an inquest was commenced on the body of Mary Ann Severne, the lady of J. Severne, Esq., who died after a very short illness, on the 21st of July last, and whose death was preceded by all the symptoms which follow poisoning by arsenic. The case mainly rested on the testimony of Mr. Herapath, the analytical chemist. That gentleman deposed that on examining the viscera he found ex-tensive general inflammation all over the stomach and the intestines, but more particularly at the great curvature of the stomach. Upon subjecting the contents of the stomach and duodenum to gravitation, he separated a portion of white arsenic. The evidence having been closed at near midnight, the jury returned a verdict that the deceased died from the effects of white arsenic wilfully administered to her by the cook, which was tantamount to a verdict of wilful murder against Elizabeth Silby, who will be forthwith sent in the county gaol to await her trial. The second inquest on the body of Mrs. Severne commenced during the day, and the body exhumed and examined by Mr. Hamilton and Mr. Hughes, of Carmarthen, who found extensive marks of inflammation. They handed over the vessel to Mr. Herapath. That gentleman immediately commenced an analysis in the church vestry, and succeeded in discovering the presence of arsenic, and the in",,,,,,,,
1127692,0.302128553,3,1853-12-24,leader,"of its states the Christian religion and its churches. The Court of Russia has added, that in demanding from the Ottoman Government a testimony of its fidelity to its anterior engagements, it had in no respect intended to attenuate the authority of the Sultan over its Christian subjects, and that its only object was to obtain explanations of a nature to prevent every motive of doubt and every reason for misunderstanding with a friendly and neighbouring power. The sentiments manifested by the Sublime Porte during the last negotiations prove, on the other hand, that that power was ready to recognise all its contracted obligations and to pay full attention, in the measure of its sovereign rights, to the interest entertained by the Emperor of Russia for a religion which is his own and that of the majority of his people. In that state of things, the undersigned are convinced that the surest and most ready means of attaining the object desired by their Courts, is to make a commencement in common to the Sublime Porte, to explain to it the wish of the Powers to contribute by their friendly intervention to the re-establishment of peace, and to give it an opportunity of stating the conditions on which it would be disposed to treat. Such is the object of the collective note adjoined, addressed to the Minister of Foreign Affairs of the Sultan, and of the identical instructions transmitted at the same time by the Courts of Austria, France, Great Britain, and Prussia, to their representatives at Constantinople.""",,,,,,,,
745579,0.320955724,3,1851-01-04,star,"Loss of LIFE by FIRE.—On Wednesday an inquest was held by Mr. Bedford, at St. George's Hospital, on the body of Anna Maria Taylor, aged six years, who resided with her mother, in the Kew-road; and on Christmas Day, at a party, one of the children threw a lighted piece of paper on the deceased's frock, which, being of muslin, soon ignited, and in a few seconds all her clothes were burnt from her. She was dreadfully injured about the face, neck, breast, and arms; and, being taken to the above hospital, died there the next day.",,,,,,,,
1141882,0.263484955,2,1852-05-08,leader,"into which it is too late to enter: but I do not hesitate to say, that if it be right to aid the French, to aid the Italians, to aid the Hungarians, to aid the Poles, to aid the Bohemians, to aid the Danes, and the Swedes, and the Norwegians, to aid the Greeks, and the Serbs, and the Bulgarians, to aid the Hungarians, to aid the Poles, to aid the Bohemians, to aid the Danes, and the Swedes, and the Norwegians, to aid the Greeks, and the Serbs, and the Bulgarians, to aid the Hungarians, to aid the Poles, to aid the Bohemians, to aid the Danes, and the Swedes, and the Norwegians, to aid the Greeks, and the Serbs, and the Bulgarians, to aid the Hungarians, to aid the Poles, to aid the Bohemians, to aid the Danes, and the Swedes, and the Norwegians, to aid the Greeks, and the Serbs, and the Bulgarians, to aid the Hungarians, to aid the Poles, to aid the Bohemians, to aid the Danes, and the Swedes, and the Norwegians, to aid the Greeks, and the Serbs, and the Bulgarians, to aid the Hungarians, to aid the Poles, to aid the Bohemians, to aid the Danes, and the Swedes, and the Norwegians, to aid the Greeks, and the Serbs, and the Bulgarians, to aid the Hungarians, to aid the Poles, to aid the Bohemians, to aid the Danes, and the Swedes, and the Norwegians, to aid the Greeks, and the Serbs, and the Bulgarians, to aid the Hungarians, to aid the Poles, to aid the Bohemians, to aid the Danes, and the Swedes, and the Norwegians, to aid the Greeks, and",,,,,,,,
547948,0.270911723,2,1845-08-16,star,"June 3rd, 1844.  Mr. Lewis Reedon, of Georgetown, Demerara, writes, under the above date, that Holloway's Pills and Ointment have cured bad legs that no doctor could manage, ulcers and sores that were of the most dreadful description, as likewise leprosy, blotches, scabs, and other skin diseases of the most frightful nature, and that the cures effected there by these wonderful medicines are so numerous and extraordinary as to astonish the whole population.  Concered Breast.—A Wonderful Circumstance.  Copy of a Letter from Richard Bull, bootmaker, Tattons, near Southampton:—  February 9th, 1845.  To Professor Holloway.  Sir,—The Lord has permitted to be wrought a wonderful cure of cancers or abscesses, of twelve years' standing in my wife's breast. In the latter part of the time, eleven wounds were open at once. The faculty declared the case as past cure, several pieces of bone had come away, and I expected that my poor wife would soon have been taken from me. It was then that a friend recommended the use of your pills and ointment, which, to our utter astonishment, in the space of about three months, healed up the breast as soundly as ever it was in her life.  I shall ever remain",,,,,,,,
689932,0.257270128,2,1842-08-20,star,", Yorkshire; William Frere, Yorkshire; William Frere, Yorkshire; William Frere, Yorkshire; William Frere, Yorkshire; William Frere, Yorkshire; William Frere, Yorkshire; William Frere, Yorkshire; William Frere, Yorkshire; William Frere, Yorkshire; William Frere, Yorkshire; William Frere, Yorkshire; William Frere, Yorkshire; William Frere, Yorkshire; William Frere, Yorkshire; William Frere, Yorkshire; William Frere, Yorkshire; William Frere, Yorkshire; William Frere, Yorkshire; William Frere, Yorkshire; William Frere, Yorkshire; William Frere, Yorkshire; William Frere, Yorkshire; William Frere, Yorkshire; William Frere, Yorkshire; William Frere, Yorkshire; William Frere, Yorkshire; William Frere, Yorkshire; William Frere, Yorkshire; William Frere, Yorkshire; William Frere, Yorkshire; William Frere, Yorkshire; William Frere, Yorkshire; William Frere, Yorkshire; William Frere, Yorkshire; William Frere, Yorkshire; William Frere, Yorkshire; William Frere, Yorkshire; William Frere, Yorkshire; William Frere, Yorkshire; William Frere, Yorkshire; William Frere, Yorkshire; William Frere, Yorkshire; William Frere, Yorkshire; William Frere, Yorkshire; William Frere, Yorkshire; William Frere, Yorkshire; William Frere, Yorkshire; William Frere, Yorkshire; William Frere, Yorkshire; William Frere, Yorkshire; William Frere, Yorkshire; William Frere, Yorkshire; William Frere, Yorkshire; William Frere, Yorkshire; William Frere, Yorkshire; William Frere, Yorkshire; William Frere, Yorkshire; William Frere, Yorkshire; William Frere, Yorkshire; William Frere, Yorkshire; William Frere, Yorkshire; William Frere, Yorkshire; William Frere, Yorkshire; William Frere",,,,,,,,
874979,0.275935888,2,1841-07-31,star,"and in preventing the depravity of its citizens, that it has been denounced and their paid agents from deploring the loss of its influence. The ""New York Times"" is a newspaper which has been so successful in preserving the fair fame of the city, and in preventing the depravity of its citizens, that it has been denounced and their paid agents from deploring the loss of its influence. The ""New York Times"" is a newspaper which has been so successful in preserving the fair fame of the city, and in preventing the depravity of its citizens, that it has been denounced and their paid agents from deploring the loss of its influence. The ""New York Times"" is a newspaper which has been so successful in preserving the fair fame of the city, and in preventing the depravity of its citizens, that it has been denounced and their paid agents from deploring the loss of its influence. The ""New York Times"" is a newspaper which has been so successful in preserving the fair fame of the city, and in preventing the depravity of its citizens, that it has been denounced and their paid agents from deploring the loss of its influence. The ""New York Times"" is a newspaper which has been so successful in preserving the fair fame of the city, and in preventing the depravity of its citizens, that it has been denounced and their paid agents from deploring the loss of its influence. The ""New York Times"" is a newspaper which has been so successful in preserving the fair fame of the city, and in preventing the depravity of its citizens, that it has been denounced and their paid agents from deploring the loss of its influence. The ""New York Times"" is a newspaper which has been so successful in preserving the fair fame of the city",,,,,,,,
1015954,0.243142009,2,1855-02-24,leader,"MY FRENCH NEIGHBOUR.  I HAVE often been asked by my English friends, who have visited me in France, whether I do not find the French people very different from the English. I have always answered in the affirmative, and have endeavoured to explain the difference by comparing the French to the English character. The Frenchman is more vivacious, more excitable, and more emotional than the Englishman. He is more apt to be carried away by his feelings, and to act upon impulse. The Englishman is more deliberate, more self-possessed, and more under the control of his reason. The Frenchman is more apt to be swayed by his passions, and to be governed by his desires. The Englishman is more apt to be guided by his principles, and to be controlled by his conscience. The Frenchman is more apt to be influenced by his surroundings, and to be affected by the opinions of others. The Englishman is more apt to be independent, and to be guided by his own judgment. The Frenchman is more apt to be swayed by his emotions, and to be governed by his feelings. The Englishman is more apt to be controlled by his reason, and to be guided by his principles. The Frenchman is more apt to be influenced by his passions, and to be governed by his desires. The Englishman is more apt to be guided by his conscience, and to be controlled by his principles. The Frenchman is more apt to be swayed by his feelings, and to be governed by his emotions. The Englishman is more apt to be influenced by his judgment, and to be guided by his reason. The Frenchman is more apt to be swayed by his desires, and to be governed by his passions. The Englishman is more apt to be guided by his conscience, and to be controlled by his principles. The Frenchman is more apt to be swayed by his feelings, and to be governed by his emotions. The Englishman is more apt to",,,,,,,,
984347,0.261678696,2,1854-01-14,leader,"been instrumental in founding, and in which he lent his aid to the establishment of the French Academy of Sciences, and has been instrumental in founding, and in which he lent his aid to the establishment of the French Academy of Sciences, and has been instrumental in founding, and in which he lent his aid to the establishment of the French Academy of Sciences, and has been instrumental in founding, and in which he lent his aid to the establishment of the French Academy of Sciences, and has been instrumental in founding, and in which he lent his aid to the establishment of the French Academy of Sciences, and has been instrumental in founding, and in which he lent his aid to the establishment of the French Academy of Sciences, and has been instrumental in founding, and in which he lent his aid to the establishment of the French Academy of Sciences, and has been instrumental in founding, and in which he lent his aid to the establishment of the French Academy of Sciences, and has been instrumental in founding, and in which he lent his aid to the establishment of the French Academy of Sciences, and has been instrumental in founding, and in which he lent his aid to the establishment of the French Academy of Sciences, and has been instrumental in founding, and in which he lent his aid to the establishment of the French Academy of Sciences, and has been instrumental in founding, and in which he lent his aid to the establishment of the French Academy of Sciences, and has been instrumental in founding, and in which he lent his aid to the establishment of the French Academy of Sciences, and has been instrumental in founding, and in which he lent his aid to the establishment of the French Academy of Sciences, and has been instrumental in founding, and in which he lent his aid to the establishment of the French Academy of Sciences, and has been instrumental in founding, and in which he lent his aid to the establishment of the French Academy of Sciences, and has",,,,,,,,
1233330,0.27114293,2,1820-03-02,repo,"Men of the greatest genius and the soundest mind have their weak side; this was apparent in the immortal Fenelon, who received the doctrine of Quietism; in Paul Rabaut, who greatly inclined to the opinion of the Millenarians, if he did not decidedly adopt it. A prediction which he made, from a study of the prophecies, deserves to be recorded for its singularity, and its coincidence with fact: he asserted that the prophets announced important events, which were to take place at the period during which, in fact, the French Revolution and its accompanying and subsequent wars took place. He particularly spoke of the prophecy, that at the beginning of the 19th century, a deliverer should appear, whom he called an embryo prince, who should have been born in one of the mediterranian islands: this place he believed to be either Sardinia or Corsica, because those islands are near to Rome, but Corsica appeared to him most clearly described by the prophet, probably because it best answered the description of a rock rising out of the sea. This prince, he declared, would be raised up for the performance of great actions. This interpretation of prophecy would not be unworthy of the attention of the philosopher, if it seemed to be any thing more than a singular chance combined with the words of the sacred text. Nabuat was dead long before it could be foreseen that Bonaparte would be called to fulfil the high destiny which now renders him the instrument of so much happiness and glory to France.",,,,,,,,
1004074,0.221408546,2,1855-05-26,leader,"Every description of insurance business transacted at this office. Policies absolutely indubitable. Guarantees afforded against losses arising from robberies, forgeries, frauds, debts, insolvency, and non-payment of rent. Fire and life insurance effected on improved and safe principles.—Plate-glass insured.  Prospectuses, terms of agency, proposals, &c., can be had on application.  J. G. HUGHES, Secretary.",,,,,,,,
1170071,0.270175427,2,1888-12-31,circ,"'Monthly Register' of over 150 Businesses for Dieposal forwarded post-free on application to Messrs. Holmes & Son, 38 Paternoster Row, E.C.",,,,,,,,
800828,0.223367885,2,1845-09-27,star,"Venereal contamination, if not at first eradicated, will often remain secretly lurking in the system for years, and, although for a while undiscovered, at length break out upon the unhappy individual in its most dreadful forms or else, unseen, internally endanger the very vital organs of existence. To those suffering from the consequences which this disease may have left behind in the form of secondary symptoms, eruptions of the skin, blotches on the head and face, ulcerations and enlargement of the throat, tonsils, and threatened destruction of the nose, palate, &c., nodes on the shin bones, or any of those painful affections arising from the dangerous effects of the indiscriminate use of mercury, or the evils of an imperfect cure, the Concentrated Detersive Essence will be found to be attended with the most astonishing effects, in checking the ravages of the disorder, removing all scrofulous complaints, and effectually re-establishing the health of the constitution. To persons entering upon the responsibilities of matrimony, and who ever had the misfortune during their more youthful days to be affected with any form of these diseases, a previous course of this medicine is highly essential, and of the greatest importance, as more serious affections are visited upon an innocent wife and offspring, from a want of these simple precautions, than perhaps half the world is aware of: for, it must be remembered, where the fountain is polluted, the streams that flow from it cannot be pure.",,,,,,,,
1264930,0.146667287,1,1829-12-02,repo,"A. E. refers me, for the solution of my difficulties, to 1 Cor. xv. I had not written without duly considering this important and interesting chapter: nevertheless, at his recommendation, I did re-peruse it, in conjunction with Mr. Belsham's Commentary. I did not, however, find from it the satisfaction he anticipates. The apostle, in the first part, asserts the fact of the resurrection, and appearance of our Saviour as the grand",,,,,,,,
955248,0.211030081,1,1858-01-16,leader,"VICTORIA AND LEGAL AND COMMERCIAL CIAL LIFE ASSURANCE COMPANY, 18, King William-street, City. DIRECTORS.",,,,,,,,
858809,0.073849455,1,1845-05-24,star,"adventures, which is the pleasantest and most agreeable of all adventures, which is the pleasantest and most agreeable of all adventures, which is the pleasantest and most agreeable of all adventures, which is the pleasantest and most agreeable of all adventures, which is the pleasantest and most agreeable of all adventures, which is the pleasantest and most agreeable of all adventures, which is the pleasantest and most agreeable of all adventures, which is the pleasantest and most agreeable of all adventures, which is the pleasantest and most agreeable of all adventures, which is the pleasantest and most agreeable of all adventures, which is the pleasantest and most agreeable of all adventures, which is the pleasantest and most agreeable of all adventures, which is the pleasantest and most agreeable of all adventures, which is the pleasantest and most agreeable of all adventures, which is the pleasantest and most agreeable of all adventures, which is the pleasantest and most agreeable of all adventures, which is the pleasantest and most agreeable of all adventures, which is the pleasantest and most agreeable of all adventures, which is the pleasantest and most agreeable of all adventures, which is the pleasantest and most agreeable of all adventures, which is the pleasantest and most agreeable of all adventures, which is the pleasantest and most agreeable of all adventures, which is the pleasantest and most agreeable of all adventures, which is the pleasantest and most agreeable of all adventures, which is the pleasantest and most agreeable of all adventures, which is the pleasantest and most agreeable of all adventures, which is the pleasantest and most agreeable of all adventures, which is the pleasantest and most agreeable of all adventures, which is the pleasantest and most agreeable of all adventures, which is the pleasantest",,,,,,,,
464971,0.171500131,1,1845-09-06,star,"FOR STOPPING DECAYED TEETH, however large the cavity.—Patronised by her Majesty the Queen Dowager, her Royal Highness the Duchess of Gloucester, his Grace the Duke of Wellington, and the principal Nobility.—MR. CLARKE'S SUCCEDANEUM, for stopping decayed teeth, is far superior to anything ever before used, as it is placed in the tooth without any pressure or pain, becomes as hard as the enamel immediately after application, and remains firm in the tooth for life; not only rendering extraction unnecessary, but also making them again useful for mastication. All persons can use MR. CLARKE'S SUCCEDANEUM themselves with ease, as full directions are enclosed, price 5s. Sold by all respectable medicine-vendors in Town and Country; and can be sent by post, on receiving a post-office order. Prepared only by Mr. Clarke, Surgeon-Dentist, 61, Grosvenor-street, Bond-street (removed from 53, Harley-street, Cavendish-square).—LOSS OF TEETH!—Mr. Clarke still continues to supply the loss of teeth, from one to a complete set, upon his beautiful system of Self-adhesion, which has procured him such universal approbation in some thousands of cases, and recommended by Sir C. M. Clerk, Bart., M.D.; Sir M. Tierney, Bart., M.D.; Dr. Chambers, Dr. Paris, Dr. James Johnson, Dr. Conquet, and numerous other Members of the Medical Profession, as being the most ingenious system of supplying artificial teeth hitherto invented. They are so contrived as to adapt themselves over the most tender gums, or remaining stump, without causing the least pain, rendering the operation of extraction quite unnecessary; and in order that his system may be within the reach of the most economical",,,,,,,,
489508,0.166166499,1,1841-09-11,star,"- It was attributed to Mr. Gay that he had said, 'they would come in a body, and if blood was required, they would die man by man.' Now that was the",,,,,,,,
1269119,0.191881225,1,1816-10-02,repo,"' But the principal and most availing part of ' Evangelical ' preaching is its damnatory style, its denunociation and description of the torments of the damned in hell :——this is the heavy artillery of Calvinism, with which the least skilful engineer can beat down the proud heart and storm the stubborn? conscience. A great part of the conversions recorded in the Evangelical Magazine have been effected by the sons of thunder; thundering, however,",,,,,,,,
522184,0.197199732,1,1852-06-05,star,"""VERY LIKE A WHALE""—la Elderstedt there was a miller who had the misfortune to have his mill burnt every Christmas eve. He had, however, a courageous servant who undertook to keep watch in the mill on that partentous night. He kindled a blazing fire and made himself a good kettleful of porridge, which he stirred about with a large ladle. He had an old sabre lying by him. Ere long there came a whole regiment of cats into the mill, and he heard one say in a low tone to another, ""Mousekin! go and set by Hanskin"" and a beautiful milk-white cat came creeping softly to him and would place herself by his side. At this, taking a ladleful of the scaling porridge, he dashed it in her face, then seizing the sabre, he cut off one of her paws. The cats now all disappeared. On looking at the paw more attentively, he found, instead of a paw, that it was a woman's delicate hand, with a gold ring on one of the fingers, whereon was his master's cypher. Next morning the miller's wife lay in bed and would not rise. ""Give me thy hand, wife!"" said the miller. At first she refused, but was obliged at length to hold out her mutilated limb. When the authorities got intelligence of this event, the woman was burnt for a witch.—Northern Mythology.",,,,,,,,
868245,0.10040506,1,1843-07-22,star,"I am a Catholic, the descendant of ancient Irish Catholic ancestors; yet I can love my Chartist brethren of every religious persuasion.",,,,,,,,
401682,0.20860596,1,1852-01-24,star,"THE MEDICAL ADVISER is indeed a boon to the public, as it has the two-fold advantage of plainness, and being written by a skilful and duty qualified man, who evidently well understands his subject.—W. Times.  ""Many a man, who unmarried and miserable, is now enduring in silent sorrow the penalties of former folly (perhaps, committed in ignorance,) had he possessed such a book as this, would have been a happy husband, a honoured parent and useful member of society.""—B. A. Dispatch.  Lasting benefit can only be reasonably expected at the hands of the intelligent and practical physician, who, departing from the routine of general practice, devotes the whole of his studies to this class of diseases, the lamentable neglect of which by ordinary medical men, and their futile attempts at cure by mercury and other equally dangerous medicines, have produced the most alarming results.  From the great extent of Dr. De Roos's practice for many years, and his former connexion with the various institutions, both in London and Paris, for the relief of those afflicted with Debility, Syphilis, Secondary Symptoms, Strictures, Gleet, Venereal and Scrofulous eruptions, &c., of the face and body; he has had perhaps of each particular stage. Hence he is enabled confidently and correctly to undertake the removal of every symptom (not excepting the most inveterate or long standing) in as short time as safety will permit.  Country patients wishing to place themselves under treatment will be minute in the detail of their cases, and to prevent trouble, no letters from strangers will be replied unless they contain ain 21 in cash, or by Post-office Order payable at the Holborn Office, for which the necessary advice and medicines will be sent.  Patients in the country corresponding with will cured",,,,,,,,
1290379,0.13944298,1,1817-03-02,repo,"deny, ""the truth of these doctrines, as commonly received among the orthodox: but I do intend to consider them both, more minutely: and as desire, to have nothing but truth, I intreat God to direct me and keep me from error."" This resolution was strengthened by the death of his father about this time, for whom he possessed a strong affection, but in whom he saw no signs of such a conversion as on the Calvinistic scheme would warrant the hope of his future happiness. The struggle between the feelings of his nature and the dictates of his creed was painful; almost to distraction. The result was an indistinct hope, which he is said to have expressed in the funeral sermon which he preached for his father, that good men would be finally saved, even though they might not clearly apprehend what the reputed orthodox termed saving faith.",,,,,,,,