corpus_id,score,decile,date,source,article,is-thematically-relevant,has-event,has-named-location,has-space-type,event-mentioned,location-mentioned,space-mentioned,notes
269088,0.610707045,10,1845-12-27,star,"Mr. Donovan: If a repeal of the Corn Laws, in Yorkshire and Lancashire, were placed against the Charter, he feared it would be carried; but if they combined the Ten Hours' Bill with the Charter, they could, in all places, defeat the League. He should vote for the resolution, as it did not debar them, under circumstances, from opposing the League. He thought it best not to attend their meetings. If 100,000 Chartists were at a meeting, and only 500 Corn Law repealers, and the 500 held up their hands, and the Chartists did not, the whole meeting would be taken for Corn Law repealers. Let them pass another substantive resolution, stating that Chartists should not attend their meetings.  Mr. Webb agreed with Mr. Donovan.  Mr. McGrath was proud to see the unanimity that prevailed. With respect to the threatened scrutiny he thought the opening of the ports a matter of absolute necessity. He would sign a petition to that effect to-morrow. He would to God that the Corn Laws were erased from the statute book; their repeal would prove the truth of Chartist predictions. He thought it unwise to attend any of the Anti-Corn Law meetings.  The resolution was then carried unanimously.  Mr. O'Connor then read the fifth resolution, and showed that it would give confidence to the Chartist party.",TRUE,TRUE,FALSE,FALSE,meeting,,,Chartist movement vs Anti Corn Law League infighting
784077,0.642885625,10,1847-03-06,star,"Sir J. Graham had listened with much pleasure to the speech of the hon. member for Salford, the more so as he was not till then aware that, as a factory operative, he had administered with his own hands to his own wants. ( Hear. ) That circumstance reflected great honour upon the hon. gentleman, and it afforded him (Sir J. Graham) not a little gratification to sit in that house with him on terms of perfect equality—(hear, hear)—for the speech of the hon. gentleman was of itself the most convincing proof that from the humblest classes of the community gentlemen might rise to stations of the highest importance and influence by the exercise of honest industry and unblemished integrity—(hear)—but the course of life to which the hon. gentleman owed his success had been compatible with long hours of labour; and he was himself a proof that, by careful employment of time in that branch of industry they were now discussing, the most useful and honourable acquisitions were compatible with long hours of labour. The right hon. gentleman then spoke at great length in opposition to the bill. Its operations would be to curtail the number of hours per day for which machinery would run. It would also throw a great deal of the older machinery out of employment. That machinery could only compete with such as was of more recent construction by running for twelve hours a day. If they limited its working to ten hours a day, such legislation would be tantamount to the destruction of valuable property, now yielding to its owners the fruits of capital and industry, by Act of Parliament. Sir C. Grey admitted that the passing of the bill would lead to a diminution of wages. What would be the condition of the operatives in the North, with their wages materially reduced! Such was the nature of trade, that, under the most favourable circumstances, oscillation must",TRUE,FALSE,FALSE,FALSE,,,,"describing some sort of meeting/hearing, but it is not explicitly named. Raises the question of whether an article is valuable if it narrates what transpired instead of a more zoom-ed out what-happened-where recount."
207917,0.641315222,10,1841-10-02,star,"HUDDERSFIELD.—Mr. Chas. Conor lectured here on Tuesday evening, and gave a cheering account of the glorious reception of the patriots in Manchester, and the defeat of the machinations of the “plague” and its minion:  GLASGOW.—A lecture was delivered in St. Ann’s Church, by Mr. Hamilton, of Stonehouse, on the evils of intemperance, and the propriety of all professing Chartists abstaining from the use of intoxicating drinks.  Gorbals.—A meeting of the inhabitants was held in their own Hall, when Mr. Currie delivered a lecture on the state of parties.  THE GLASGOW SOIREE COMMITTEE had a meeting in the L. U. S. Hall, College Open, when they entered into further arrangements for that important affair. It was also stated that the Committee had sold all the tickets which they could possibly dispose of.  THE DEMONSTRATION COMMITTEE assembled in the same place on Thursday evening week. The Steam Boat Committee reported that 12s. was the price of the boat. It was then agreed to call a public meeting in St. Ann’s Church, for the purpose of ‘aying before the Chartists of Glasgow their proceedings, and asking their permission to invite Sharm. Crawford and Patrick O’Higgins, Esqrs. to the O’Conor Display in Glasgow.",TRUE,TRUE,TRUE,TRUE,lecture; meeting; meeting; assembly; public meeting,church; hall; hall; hall; church,"St Ann's Church; unnamed hall; L.U.S. Hall, College Open; L.U.S. Hall, College Open; St Ann's Church",example of multiple causes/events/spaces/locations happening in one article. Note: the glasgow soiree might be affiliated with the Glasgow Emancipation Society (anti-slavery) 
876329,0.613002598,10,1843-11-04,star,"Sometimes a commission is used apparently for one object, but really for another. In that case, the evidence that supports the object apparently intended is buried, while that which supports the real intention is published.  Such was the case with the late commission issued to inquire into the grievances of the hand-loom weavers.  In that inquiry, the apparent object was the relief of the hand-loom weavers, by protecting their labour; but the real design was to make out a case in favour of the extension of our foreign commerce by the system of free trade.  On that inquiry Mr. Muggins, the Assistant Commissioner, came to Huddersfield. He there found that Mr. Stocks and myself enjoyed the confidence of the hand-loom weavers.  He examined me publicly, and afterwards told me that I had given very important evidence; but that in consequence of the then excited state of the population, there were certain questions that he had refrained from asking me."" He added, ""If you would not object to a private examination, I should be glad to have your opinion on those subjects."" I agreed, on the express condition that he would furnish me with a printed copy of my examination. He promised to do so.  It was also agreed to by him, that ""if my evidence was not published in the report of the Commissioners, I should be at liberty to publish it.""  On these express conditions I submitted to a private examination that extended through several days. When we parted, Mr. Muggins expressed himself as ""thankful for the valuable communication,"" and promised to send me a correct copy of the whole in four or five days.  I applied many times for the promised copy, and was assured that I should have it."" At last Mr. Muggins candidly told me ""he should not be able to furnish it, having considered my evi-",FALSE,FALSE,FALSE,FALSE,,,,
153261,0.652316451,10,1850-08-17,star,"Listen to no rubbish. Give ear to no dissension, offer no antagonism to those who advocate the six points of the PEOPLE'S CHARTER: put no drag-chain upon the popular wagon. Contend for the Charter, and when you get it you will have achieved the means of elevating your position. Contending for more than the Charter is putting the cart before the horse—it creates enemies for you, and justifies antagonism; whereas, will any man, the most sagacious, point out one single benefit to which your order is entitled, that the Charter would not confer upon you, while the hostility and antagonism of your own order enables your oppressors to withhold it.  Some men who cater for popularity tell you that they are Chartists and SOMETHING MORE. Now, will you, or can they tell me, what the SOMETHING MORE means? My meaning of the Charter is this: that it would allow every man, full and ample wages for free labour by the proper cultivation of the national resources of the country. That it would make you independent of all other states who now supply you with food at a mere WEATHERCOCK price. The thinning of the artificial labour market would raise the wages of all who did not even wish to look upon the land. The surplus population would then be removed to the land, and the artificial labourer would not have such competition to contend against. But do not expect that a man can do a nation's work; and therefore hug you chains so long as your slavery depends upon your own disunion.  Working men, in order to prove to you that the censure of slaves is adulation, and that I rather rejoice in the reviling of rascals, allow me to furnish you with the following note, which I did not receive till my return from Paris, or it should have",TRUE,FALSE,FALSE,FALSE,,,,call to action
230623,0.756817639,10,1847-06-05,star,"Moved by G. Webber, seconded by H. Sutcliffe, That this meeting is of opinion that now is the time in the present crisis of affairs, when distress and poverty is stalking through the land, to get up an agitation for the enfranchisement of the masses, which shall speak to our oppressors in language thundertoned, and force them to yield to fear, what they have so long denied to justice.  Metropolitan Committee.—This committee met at the Assembly-rooms, 83, Dean-street, Soho, on Tuesday evening June 1st, Mr Jeremiah Caughlin, in the chair. Mr Stallwood on behalf of the subcommittee reported the progress of the arrangements for the Metropolitan Anti-New Poor Law Demonstration, to be held at the Crown and Anchor Tavern on Tuesday next, June 8th, and stated that Mr W. B. Ferrand, R. Oastler, and several others, had already communicated their intention to be present,— the resolution, petition, &c., was then agreed on, and from the spirit displayed by the several committee-men, a crowded demonstration may be fairly an ticipated on the occasion. Several returns of tickets sold for the late benefit at the Pavilion Theatre were made. All persons having tickets or money are requested to make an immediate return to the secretary, Mr Tapp. The appeal from the South London Chartist Hall was then taken into consideration, and a resolution was unanimously passed to the effect:—“That we procure lecturers and render every support in our power.” The committee adjourned until Monday next, June 7th, at eight o'clock.",TRUE,TRUE,TRUE,TRUE,meeting; demonstration,"Assembly-rooms, 83, Dean-street, Soho; Crown and Anchor Tavern",assembly room in Soho; tavern,example of multiple events: one that the article is directly talking about + one in the near future
287501,0.611010909,10,1841-12-04,star,"LEEDS.—MASONS' STRIKE COMMITTEE.—This committee met, according to adjournment, on Friday evening. The minutes of the last meeting were read and confirmed. The secretary announced that he had received a parcel of circulars from London, which were directed to be made as good use of as circumstances would permit. A delegate from the plasterers attended, and was added to the committee. Much important business was done, and it was requested that the secretary should correspond with the various Charter Associations in the out-town ships, soliciting their aid in getting up public meetings in favour of the masons. The Chairman stated that the subject of Trades' Unions should occupy more of his attention than it had hitherto done, and solicited any of the members to furnish him with information on that subject. It was resolved that the committee should meet on Friday nights, at seven o'clock, until further notice. The committee sit every Saturday evening, in the Association Room, Shambles, to receive subscriptions in aid of the strike.",TRUE,TRUE,TRUE,TRUE,meeting; fundraising,"unnamed location; Association Room, Shambles",unnamed space; room,double event
424499,0.62733829,10,1848-06-10,star,". Carried.—Mr Dickenson proposed:—'That every motion for discussion by the delegate meeting have at least one month's notice.' Seconded by Joseph Simpson.—Mr Radley proposed:—'That the constitution of this motion stand over until the next delegate meeting.' The motion was carried unanimously.—Mr Dickenson moved, and Mr Wightman seconded:—'That every delegate be furnished with credentials from his locality to district meetings.' Carried.—Mr Watson stated that his locality had not as yet acted upon the new system of organisation, but that his constituents were of opinion that some of the members of the Provisional Executive should be removed, and others, more fit for the situation, be appointed in their stead.—Mr Simpson observed that his locality intended to adhere to the present district.—Mr Wightman said, his locality had held an out-door meeting, and had agreed to support the present Executive and Commi-sioners.—Mr Dickenson moved, 'That every member of the district pay one penny monthly towards the expenses of the district.'—Seconded by Mr Simpson and carried unani-mously.—It was moved by Mr Dickenson and seconded by Mr Watson, 'That the district treasurer pay no money from the district fund without the previous consent of a delegate meeting.' Agreed to.—A discussion arose as to the propriety of holding great aggregate meetings, when Mr Wightman proposed and Mr Dickenson seconded, 'That meetings be held in each of the localities on Whit Monday, for the purpose of giving the lie to his 'little' lordship, John Russell, that the working classes of this country did not require any reform in their institutions.—Messrs Simpson and Watson spoke in favour of local gatherings— Unanimo usly agreed to.—Mr Watson moved and Mr Dickenson seconded",TRUE,TRUE,FALSE,FALSE,meeting/gathering,,,prospective plans
124546,0.66203922,10,1842-07-02,star,"inscribed in glaring characters. Mr. Southworth, on the motion of Mr. Beesley, was called to the chair, and the following resolution was proposed in a brief speech by Mr. Holland, seconded by Mr. Beesley, ably supported at some length by Mr. O'Connor, and carried unimously:—  "" That it is the opinion of this meeting, after years of painful experience that the deep distress we have from time to time suffered, and which now prevails to a most alarming extent, is clearly traceable, and entirely attributable to class legislation; and that nothing but the People's Charter will destroy it. We therefore solemnly pledge ourselves to use every legal and constitutional means in our power to cause it to become law; and while we thus pledge ourselves to act legally and constitutionally, it shall also be firmly and determinedly; being fully convinced that nothing less than an entire change in the representative system of the country will destroy the evils that now exist in society.""  An address was then presented to Mr. O'Connor by Mr. Holland, on behalf of the members of the National Charter Association, resident in Burnley, of which the following is a copy:—  The Members of the National Charter Association resident in Burnley, to Feargus O'Connor, Esq.",TRUE,TRUE,FALSE,FALSE,speech/address,,,"mid-article narration of events, so location/space are out of bounds"
261982,0.616431415,10,1842-12-24,star,"On Friday evening, a public meeting, according to announcement, convened by requisition of sixty-six householders, voters, and ratepayers, was held at the Brewers' Arms, Church-street, for the purpose of electing delegates to the ensuing Conference. It having been announced that Mr. Clancy, of Dublin, Mr. Kuffy Ridley, and other gentlemen would attend, the meeting was a bumper, and the factious spirits of Sturgite-ism and Repealers were on the qui vive for some days previously, to raise their puny voices against the glorious principles of Chartism. About seven o'clock, the spacious room was densely full, and in a few minutes the platform was ascended by Mr. Fiest, Mr. Flowers, Mr. Allen, Mr. Fiarman, and a host of the good and true, accompanied by Mr. Ridley, and Mr. Clancy, amidst the vociferous cheers of their welcoming friends. Mr. Flowers was unanimously elected to the chair, who, in his usual mild and sensible manner, explained the object of the meeting, and concluded by stating that as they were aware that there were some gentlemen present who had come some distance, for the purpose of addressing them, he trusted they would give a fair and impartial hearing to every one. He then introduced Mr. Clancy to the meeting, who addressed it at some length, and was followed by Mr. Ridley, amidst much interruption from the Re-pealers, who have recently formed a collision with the Sturgite party of this town. Mr. Cole rose and proposed a resolution which set the meeting in roars of laughter at the sublime specimen of the ""intellectuals."" It was to the effect ""That this meeting confirm the appointment at a late meeting held in this town of two delegates, who were proposed as delegates to represent the county of",TRUE,TRUE,TRUE,TRUE,public meeting,"Brewers' Arms, Church-street",pub ,
284056,0.579948366,9,1846-11-14,star,"had to lie upon a sleepless bed, lest his wife and children should sleep during the hour which should summon them to work—suppose he should say to himself, “If my wife and children are too late at the factory, my scanty wages will not be sufficient for our wants, I must therefore keep a careful watch;” he dare not sleep himself for his wife and children are constantly starting and asking “Is it time?” That’s the point. (Cheers.) They are reduced to such poverty that his clock has long been sent to the pawn shop. He therefore cannot tell the hour. At midnight the light of the moon bursts through a broken windows, and he fears it is time. He summons his family to the work. He sees his wife and children go forth in rags amidst the pelting storm. “They arrive at the mill. They find the gates locked. They stand shivering there perhaps for half an hour. The clock strikes two. They are before their time. A number of others congregate in the same place, who have also mistook the hour. They stand trembling and shivering till the clock strikes three, four, and five, and the next time it beats the hour the mill-doors are opened. He (Mr. Ferrand) was prepared to prove that that was not a purely imaginative case, but one of frequent occurrence. (Hea, hear, "" It is."") Was not that a fearful state of society? Let Members of Parliament then take that case home to themselves. If they only witnessed for one month what he had witnessed for 20 years, they would not oppose the Ten Hours' Bill. (Hea.) He did not hesitate to say that the factory workers were no better than slaves. (Hea.) Mr. Ferrand concluded by observing, that if the Bill did not pass next session, he",TRUE,FALSE,FALSE,FALSE,,,,
848073,0.526694238,9,1845-05-31,star,"... the same time, and the same day, the following persons were convicted of the following offences, and sentenced to the punishments hereunder stated, viz.—  John Smith, for stealing a watch, to be hanged by the neck until dead.  Mary Jones, for receiving stolen goods, to be imprisoned for three months.  Thomas Brown, for assaulting a police officer, to be imprisoned for one month.  Elizabeth Davis, for obscene language, to be fined 10s.  William White, for drunkenness, to be imprisoned for one week.  The above sentences will be carried into effect on Monday next.",FALSE,FALSE,FALSE,FALSE,,,,
48889,0.556443334,9,1848-09-02,star,"We may not pass over the trial at Liverpool on Monday last, without special notice. One of the bravest and boldest in the people's cause, is separated from us for two years.",FALSE,FALSE,FALSE,FALSE,,,,
616562,0.583919525,9,1841-06-19,star,"CARLISLE.—On Saturday last, an emphatic address was issued by the Chartists. It has created a considerable sensation throughout the town and has given rise to a long leader in the Carlisle Journal; which, frankly admits the truth of the statements therein set forth. Should a Tory candidate be brought into the field there is a great probability of his being returned, as nearly all the old freemen would support him, though it will be a difficult matter to unseat Mr. P. H. Howard one of the present members, for he is very generally respected for the many favours he has obtained for individual electors. As for Mr. Marshall, the other member, he is one of the most useless members that sits in the House of Commons, capable of nothing but discussing wine and waiters.  CHESHIRE, NORTH.—A subscription has been opened at Stockport, to defray the cost of Mr. E. J. Stanley's re-election, and defeat the coalition of the Tory candidates, Mr. Tatton Egerton, the present member, and Mr. Cornwall Legh.",TRUE,TRUE,TRUE,FALSE,fundraising,Stockport,,
31960,0.582900941,9,1851-08-02,star,"men, and their imprisonment in filthy, unhealthy dungeons for many months. before trial, contrary to the old law, not the recent constitution, which the King has openly perjured himself by breaking; the use of any expression in correspondence for the purpose of accusation, while every contrary passage is arbitrarily suppressed; the perjury of witnesses against prisoners, commended, encouraged, and rewarded; their false testimony, when it disproves itself by its own contradictions, merely laid aside, and such parts as are not so self-contradicted still retained as proofs against the prisoner, who is openly forbidden to rebut them by counter evidence; the unblushing corrupt partiality of the Judges, who are removable at the will of the Monarch, the horrors of the sentence of imprisonment in irons, when the innocently convicted being chained by twos, are never, on any occasion, released from each other, the political prisoners, such as Count Poeiri, more conservative in opinions and actions, as Mr. Gladstone declares, than himself or Lord Aberdeen; doomed to dungeons that destroy life by a lingering process of decay; as well as to the horrors of the double chain; others immured without light amidst such filth that the medical men will not visit them in their cells, but force the prisoners to crawl out into their presence. Such are a few faint hints of the terrible sketches which a British statesman of the first rank puts his name to and gives to his fellow-countrymen, with the direct intention—somewhat dangerous though it appears to him to open such scenes to the world—of appealing on behalf of the suffering humanity to public opinion.",TRUE,FALSE,FALSE,FALSE,,,,
324944,0.53840071,9,1845-04-26,star,"Mr. Goodwin could not agree to mix up the Land and Charter plans. He wished them to be adopted separately.  Mr. Davis said his district was nearly divided on the matter; in fact, they had decided by a majority of one, in favour of uniting the Charter and Land plans. He thought it would be better to keep the Charter separate and distinct from any other matter whatsoever; and in his opinion, the appointment of lecturers to advocate the principles of the Charter would do more good than anything else. However, as his constituents had instructed him to vote for a Land plan, he should, like a good servant, conform to their wishes.  Mr. Doyle thought it was not practicable to unite the Land and Charter schemes; he was desirous of having a plan separate and distinct.  Mr. Law said his constituents were desirous that the Land plan should be separate and distinct from the Charter organisation. He believed the Land plan would greatly facilitate the cause of Chartism. He hoped the committee would take care that the subscription should be in accordance with the means of the people.  Mr. Hornby said Mr. Doyle had given expression fully to the wishes of his constituents. They would co-operate cordially in support of a plan formed on a separate basis.  Mr. O'Connor thought that one happy community once established, would be sufficient to cause such a feeling in favour of the scheme as would soon make it general. He then proceeded to review the opinions expressed by the previous speakers, and concluded by saying that he could not agree with the policy of making the Land plan exclusively a Chartist one.  Before the delegates adjourned for dinner,",TRUE,FALSE,FALSE,FALSE,,,,"no named event, but is clearly recounting the PROCEEDINGS of an event "
727332,0.541873634,9,1846-03-07,star,"B. D'ISRAELI.  Carlton Club, Pall-mall, March 2nd, 1846.  As mercy has been extended to the Canadian rebels, I think Frost, Williams, and Jones, should receive like elemency.  W. B. FERBAND.  Chesham-place, March 4th, 1846.  Lord John Russell presents his compliments to the deputation, and begs to state that he would not blame her Majesty's Ministers were they to recommend her Majesty to extend her clemency to the Welsh convicts, but would vote against any address so that effect in the House of Commons, believing that the house have no right to interfere.  Mivart's Hotel, Brook-street, March 4th, 1846.  Mr. Newdegate would not stand in the way of mercy, and certainly would not vote against it.  Luton.—A petition for the remission of the sentence on Frost, Williams, and Jones, containing 880 signatures, has been sent to Mr. Duncombe for presentation. A letter has been received from William Baillie, M.P. for the county, refusing to support the prayer of the petition, and stating that the published letter of Macaulay, M.P. for Edinburgh, embodies his (Baillie's) sentiments.  DEMOCRATIC FESTIVAL.",FALSE,FALSE,FALSE,FALSE,,,,lacking context
701920,0.572888017,9,1848-04-01,star,"We could easily enlarge the catalogue of Ireland's wrongs, and the crimes of Ireland's rulers, but we have said enough to stimulate the exertions of all true patriots. To your duty, then, men of Great Britain. Declare your sympathy with the oppressed, and your hatred of the oppressors. Assemble in your thousands, and pass sympathetic addresses to the intended victims of the governmental persecution. If, to day, the oligarchy succeed in destroying the persons, or the power of the Irish leaders, will ours be safe to-morrow? Then, once more, we exhort you to energetic action.  Above all, rise and rally as one man, in support of your glorious Charter. Sign the National Petition. Whether that petition shall be the last you will ""lumbly"" address to your",TRUE,FALSE,FALSE,FALSE,,,,call to action
523374,0.56830138,9,1841-06-12,star,"endeavoured to overcome by their hearty cheers. The uproar thus created prevented the speaker from being heard. He made several attempts to proceed, but without success, and he at last, seeing the hopelessness of all attempts to gain a deliberate hearing, brought his remarks to an abrupt conclusion, by proposing the following resolution:—  ""That the present measure of relief proposed by the Whigs is an insult to the fellow-worn and suffering millions of this country, and proves that they have no desire to do justice to the people. They have also proved, by eight years' heartless profigacy and misrule that their most solemn promises and professions are not to be regarded, and that they are unworthy of the people's confidence. That although the Corn Laws are unjust and oppressive, yet the present House of Commons being inimical to the people's rights, will not repeal the same except through an agitation bordering on revolution.""  Mr. MARSH having seconded the resolution, Mr. PANKES asked if the party on the wagon had any amendment to propose, and he was answered by being told that they did not recognise him as chairman. He proceeded to put the resolution to the meeting, when the uproar, which had been somewhat allayed, was renewed, and kept up for some time.",TRUE,TRUE,FALSE,FALSE,meeting,,,event recount
526117,0.526186883,9,1843-03-11,star,"for themselves and their families."" I believe I have seen it in some newspaper, handed about by the people, but cannot remember whether it was before or after the attack on the workhouse. I don't know who the language was attributed to. I have seen the speech alluded to, as having been made by the Mayor of Stockport, both in the newspapers, and in placards on the walls of Stockport. It was on the wall for several days. I did not pull down the placard, or wish it to be done. I can't remember seeing a placard headed ""A warning voice,"" with the following lines upon it:- There is a cry throughout the land, A fearful cry and full of dread! Woe to oppression's heartless band! A starving people cry for ""Bread."" That cry was heard when guilty France On the dread brink of ruin stood; Yet sound the viol, speed the dance! 'Tis but the hungry cry for food; I charge ye, England's rulers! grant The justice that her sons demand! Or, aroused, the demon power of want Shall snatch the PIKE and wield the BRAND.",TRUE,FALSE,FALSE,FALSE,,,,
30798,0.511886299,8,1841-05-08,star,"When speaking of physical force, then, just bear in mind that, from the 18th of September, 1835, till the 4th of February, 1839, I did the whole agitating work single-handed, and alone; and that during those years of excitement not one man was brought before a magistrate charged with a single crime; nor was the term ever once mentioned at a single meeting. However when you; and a parcel of rascals, imposed yourselves upon us, with your “sharp shooters” and “rifle clubs,” and “patterns of muskets,” and “cold lead,” and “cold steel,” the whole course of events was turned topsy-turvy; and every one of you deserted, leaving me to bear your burden; while, though I never mentioned the word before the people, yet did I, upon three occasions, justify the use of physical force, before the judges of the land.  Who were the three most physical-force men in the Convention? Lovett, Collins, and Hetherington. Lovett said, in answer to my objection on the score of illegality to his manifesto: “Well, I know it is illegal; but what of that? WE MUST BREAK THE LAW BEFORE WE CAN ALTER IT.” Pretty well, methinks, that! for a gentleman now so squeamish!  Collins said, in my own presence, that “the first Chartist arrest would be the signal for arresting every aristocrat and magistrate in Warwickshire;” and",TRUE,FALSE,FALSE,FALSE,,,,
1097725,0.482705057,8,1850-10-05,leader,"Improved Farming.—The improved system of farming has lessened the comforts of the poor. It has either deprived the cottager of those slips of land which contributed greatly to his support, or it has placed upon them an excessive and grinding rent. But as the comforts of the cottagers are diminished, his respectability and self-respect are diminished also, and hence arises a long train of evils. The practice of farming upon a great scale has unquestionably improved the agriculture of the country; better crops are raised at less expense: but in a national point of view, there is something more to be considered than the produce of the land and the profit of the landholders. The well-being of the people is not of less importance than the wealth of the collective body. By the system of adding field to field, more has been lost to the state than has been gained to the soil: the gain may be measured by roods and perches—but how shall the loss be calculated? The loss is that of a link in the social chain—a numerous, most useful, and most respectable class, who, from the rank of small farmers, have been degraded to that of day-labourers.—Ibid.",TRUE,FALSE,FALSE,FALSE,,,,
469617,0.500275433,8,1842-03-19,star,"ten abreast.  Splendid Silk Banner.  Motto—National Charter Association.  Council of Bilston and Wolverhampton National Charter Association.  Members of the Association, ten abreast.  Splendid American Republican Flag.  Members of the Association, ten abreast.  Splendid Green Banner.  Motto—Civil and Religious Liberty—the whole Charter, and nothing less.  Open Carriage and four beautiful Bays,  In which was seated  FEARGUS O'CONNOR, Esq.,  Members of the Wolverhampton Association, four abreast.  Splendid Pink and White Banner.  Motto—The Judgment of Heaven is Labour and Food—the Judgment of Kings is Toil and Starvation.  Band.  Members of the Wolverhampton Association, four abreast.  Splendid Flag.  Motto—We know our Rights and will defend them.  Large Green Banner.  Motto—The whole Charter and no Surrender.  Members of the Wolverhampton Association, four abreast.  Band.  Large Silk Flag.",FALSE,FALSE,FALSE,FALSE,,,,
235302,0.506065726,8,1849-01-06,star,"singular, in order that in after time my dissertations upon the Labour Question—the question of questions—may not be attributed, whether wise or foolish, to others.  You know what pleasure it gives me to be able to refer to my old predictions, and to tell you the volume, the page, and the column in which you will find them. I have laboured studiously, zealously, and continuously, to take this Labour Question out of the nutshell in which statisticians, calling themselves political economists, have endeavoured to confine it. I have not limited my strictures upon the subject to Land alone, and its capabilities, or to the application of the mere labour of the agriculturist to the cultivation of the Land, but I have shown you how every grievance, injustice, and hardship you bear, is consequent upon the misuse made of the Land; and I have shown you that every paltry remedy suggested for the correction and mitigation of those several abuses, is consequent upon the misapplication of the Land. No matter whether bastiles at home, or convict ships to transport you abroad; no matter whether punishment for vice, which is a consequence of oppression and misrule; or royal bounty distributed in the shape of prizes, for the best essays upon morality and religion; no matter whether the political remedy be, the Charter or Repeal, Free Trade or Financial Reform; no matter whether the Constitution is to be severely or mildly construed; no matter whether the laws are to be mercifully or tyrannically administered; no matter whether the National Debt, tithes, and taxes are a greater burden in one year than another; no matter what casualties, calamities, and sudden changes come upon you when you are not prepared to meet or resist their approach—I tell you that it matters",TRUE,FALSE,FALSE,FALSE,,,,
100843,0.508371651,8,1847-08-14,star,"Secretary—Mr E. Stallwood. Central Offices, 88, Dean-street, Soho, and 2, Little Valeplace, Hammersmith road.  THIS Society presents greater advantages to the Industrious Millions than any similar Institution ever established.",FALSE,FALSE,FALSE,FALSE,,,,
110552,0.495665252,8,1843-12-16,star,"NOTICE IS HEREBY GIVEN, that the CHRISTMAS GENERAL QUARTER SESSIONS of the Peace for the West Riding of the County of York, will be opened at KNARESBOROUGH on Tuesday, the 2nd day of JANUARY next, at Ten o'Clock in the Forenoon; and by Adjournment from thence will be held at WAKEFIELD, on Wednesday, the 3rd day of the same month of JANUARY, at half-past Ten of the Clock in the Forenoon; and also, by further Adjournment from thence, will be held at SHEFFIELD, on MONDAY, the 8th day of the same month of JANUARY, at Eleven of the Clock in the Forenoon, when all Jurors, Suitors, Persons bound by Recognizance, and others having business at the said several Sessions, are required to attend the Court on the several days and at the several hours above mentioned.  And Notice is also hereby Given, That at the said General Quarter Sessions of the Peace to be held at Knaresborough aforesaid, an Assessment for the necessary expenses of the said Riding for the half-year commencing the 1st day of April next, will be laid at the hour of One o'Clock in the Afternoon.  C. H. ELSLEY, Clerk of the Peace.  Clerk of the Peace's Office, Wakefield, Dec. 9th, 1842.",FALSE,FALSE,FALSE,FALSE,,,,
243475,0.493414313,8,1851-10-11,star,"THE BRITISH EMPIRE PERMANENT EMIGRATION AND COLONISATION SOCIETY.  To prevent each Member of a Form of ten from being Twenty-Five Acres of Land in America, by small Emigration, is a subject of great importance. The Society for Promoting the Emigration of Labourers, London, England, has been formed for this purpose, and the following is a copy of their Circular:  ""In consequence of the great distress among the agricultural labourers in England, and the difficulty of obtaining employment, the Society for Promoting the Emigration of Labourers have determined to employ every means in their power to facilitate the removal of such persons to the United States of America, where they can obtain employment, and where they will be enabled to procure a competency for themselves and families.  The Society will advance the passage money for such persons as may be recommended to them, and will also advance the sum of £3 for each person, to enable them to purchase tools, clothing, and other necessaries, on their arrival in America.  The Society will also advance the sum of £3 for each person, to enable them to purchase tools, clothing, and other necessaries, on their arrival in America.  The Society will also advance the sum of £3 for each person, to enable them to purchase tools, clothing, and other necessaries, on their arrival in America.  The Society will also advance the sum of £3 for each person, to enable them to purchase tools, clothing, and other necessaries, on their arrival in America.  The Society will also advance the sum of £3 for each person, to enable them to purchase tools, clothing, and other necessaries, on their arrival in America.  The Society will also advance the sum of £3 for each person, to enable them to purchase tools, clothing, and other necessaries, on their arrival in America.  The Society will also advance the sum of £3 for each person, to enable them to",FALSE,FALSE,FALSE,FALSE,,,,
634064,0.501344144,8,1846-08-15,star,"I do not, however, believe that in point of fact any political rights have been attained during this century for Ireland by moral force alone; that is to say, by such a moral force as Mr. O'Connell would now preach up. The moral force, for instance, which won Emancipation for us. Catholics was not an emasculated moral force, such as this novel theory would give birth to. It was not a mere spiritual phantasm, divested of flesh and blood, and divorced from the substratum of physical energy, so essential to its rigour, its vitality, and its effect. The moral force which won Emancipation was the firmly expressed demand for justice of resolute men; it was the overflowing treasure of the Catholic Association, every shilling of which stood for two stout arms and one brave heart. For although in '29 or before it, he did not say give us justice or else—yet, at least, the abstract possibility was recognised—nay, the imminent danger was feared, that those insulted and outraged Catholics, stung by the protracted delay or final denial of justice, might extort at the sword or pike point more than their pens had dared to solicit. But let a nation now subscribe before hand the suicidal doctrine, that in no time, or place or circumstance, shall they ever draw a sword from its sheath, or even a pin from its cushion—when then their opinions might rate at the ragman's price of the dirty paper on which they may have been foolishly inscribed.",FALSE,FALSE,FALSE,FALSE,,,,
1029169,0.503821731,8,1853-03-19,leader,"There is a danger into which such a Society might fall—that that it might become a depository for malcontents; an engine for the use of those who owe some kind of grudge either to Government or the East India Company. Such was the fate of the committee which formed itself in 1833. But there are several guarantees against any such mischance for the present Society. In the first place, many of its members are persons who would regard it as a great breach of duty to oppose the Government for the sake of opposition, and who are only forced into their present attitude by a very grave sense of a duty yet higher than that which they owe to Government—the duty that they owe to their country, to the maintenance of the empire, to the interests of the Crown, and to the interests of 150,000,000 of our fellow-subjects in India. Such persons are neither malcontents nor can they become so. Again, the very constitution of the provisional committee includes men pledged to keep pace with the most intelligent and approved opinions of the day; thus they cannot possibly fall into an instrument for the use of personal objects or personal grudges. Thirdly, the specific objects sought by the society are so distinct, so practical, and so moderate, that the satisfaction of those objects could subserve no party interests. Their objects in brief are, to secure that the inquiry under the present committees shall be so extended as to include more than the officials and servants of the East India Company, to consult the opinions and wishes of",FALSE,FALSE,FALSE,FALSE,,,,
532680,0.509298801,8,1841-07-10,star,"Now; gentle Reader! what think you of the mealy-mouthed representative of middle-class moneymongering Whiggery! After that piece of cannibalism, shall we again here of the intemperate Radicals and the physical-force Chartists! The ""bloody old Times"" may now shut up shop. His ""occupation's gone."" He of ""the Railway"" has left all his coadjutors in ""bloodiness"" far in the field. We only beg all our Chartistfriends, who have again and again written to chide us for the use of ""low language"" in calling the Whigs ""Bloodies."" Just to read this sample of moral feeling and politeness, and say whether any other name could be used for them without a perfect outrage upon language.",TRUE,FALSE,FALSE,FALSE,,,,
1031390,0.468511283,7,1860-06-23,leader,"of the Session, orders of the day have precedence of notices of motions, Government orders having priority. Mr. JAMES called attention to the enlistment now going on in Ireland to furnish the Pope with troops in Italy and asked the Government what measures they had adopted or intended to adopt, and what official communication they had received upon the subject. Mr. CARDWELL stated the course which the Government had taken in this matter. They had given fair notice to all persons of what the law prohibited and the penalties attached to its infraction, and had given directions that it should be enforced. Mr. SCURRY complained of the insults offered to the Pope, and the provocations given by speeches in that House. The House went into Committee of Supply upon the Army Estimates. The votes agreed to were ordered to be reported. The Phoenix Park Bill passed through Committee. Tennison's Charity Bill was read a second time. The Criminal Lunatic Asylum Bill was also read a second time. The consideration of the Roman Catholic Charities Bill, as amended, gave rise to a debate, which was ultimately adjourned. Leave was given to introduce certain Bills. In the House of Lords, on Tuesday night, Lord LYNDEN moved the second reading of the Church-rates Abolition Bill. The Duke of MARLBOROUGH opposed the Bill. Lords DR GRAY and RIVON supported the motion for the second reading of the Bill. The ARCHBISHOP of CANTERBURY did not believe that the voluntary system would be a benefit to the Church. Lord GUZY was opposed to compromise on the matter. Lord DRANEY opposed the Bill. After a few words in reply from Lord LYNDEN, their Lordships divided, when the numbers were for the second reading, content, 31; non-content, 128; majority 97; so the Bill was lost. In the House of Commons Mr. LINDSAY moved a resolution, "" That it is the duty of Her",FALSE,FALSE,FALSE,FALSE,,,,
771619,0.457655609,7,1838-05-19,star,"DEATHS.  At the Union Workhouse, on the 29th ult., Mr. John Smith, aged 74 years.  At the Union Workhouse, on the 30th ult., Mrs. Jane Brown, aged 65 years.  At the Union Workhouse, on the 31st ult., Mr. Thomas Davis, aged 58 years.  At the Union Workhouse, on the 1st inst., Miss Elizabeth Wilson, aged 22 years.  At the Union Workhouse, on the 2nd inst., Mr. William Robinson, aged 45 years.  At the Union Workhouse, on the 3rd inst., Mrs. Mary Clark, aged 50 years.  At the Union Workhouse, on the 4th inst., Mr. Robert Green, aged 60 years.  At the Union Workhouse, on the 5th inst., Miss Sarah Jones, aged 18 years.  At the Union Workhouse, on the 6th inst., Mr. James White, aged 70 years.  At the Union Workhouse, on the 7th inst., Mrs. Anne Black, aged 48 years.  At the Union Workhouse, on the 8th inst., Mr. Henry Gray, aged 55 years.  At the Union Workhouse, on the 9th inst., Miss Catherine Adams, aged 20 years.  At the Union Workhouse, on the 10th inst., Mr. Samuel Brown, aged 62 years.  At the Union Workhouse, on the 11th inst., Mrs. Elizabeth Davis, aged 52 years.  At the Union Workhouse, on the 12th inst., Mr. John Wilson, aged 40 years.  At the Union Workhouse, on the 13th inst., Miss Mary Green, aged 19 years.  At the Union Workhouse, on the 14th inst., Mr. William Clark, aged 57 years.  At the Union Workhouse, on the 15th inst",FALSE,FALSE,FALSE,FALSE,,,,
1011288,0.449117035,7,1858-11-20,leader,"ANTI-CONFESSORIAL MEETING.—At a meeting of the Kensington Vestry, the subject of the confession in the Church of England was considered, as an adjournment on the report of a committee which recommended the adoption of a petition to the House of Commons, praying that they would address her Majesty to take into her consideration the abuses and innovations which had been introduced into the Church. The petition was unanimously adopted.  THE CHURCH IN INDIA.—A memorial, numerously signed by members of the Church of England, to the Earl of Derby, has been published. The memorialists deplore that laws still exist in India whereby the superintendence of lands devoted to the support of idolatrous temples is vested in the officers of Government. They suggest that the observance of heathen festivals as public holidays in our courts of justice and other public offices should cease, as this gives a sanction and recognition on the part of Government to idolatrous worship. With regard to caste, they ask that no ground of exemption from the discharge of any military or civil duty voluntarily undertaken be admitted on the plea of respect for the usage of caste. The memorialists suggest that the best mode of meeting educational difficulties is by the system of giving grants in aid to any school which secures to children a specified amount of secular knowledge; and, further, that in every school maintained by Government the opportunity of Christian instruction should be offered to all who choose to profit by it.  THE 300TH ANNIVERSARY OF QUEEN ELIZABETH'S ACCESSION.—An attempt was made among the evangelical party to get up a demonstration on Wednesday to celebrate that day, but it was not very successful. The Lord Mayor went to church, and there was a special service in Westminster Abbey, and in other places of public worship. Dr. Cumming, and another bishop for popular applause, the Rev. Robert Maguire, ""improved the occasion",FALSE,FALSE,FALSE,FALSE,,,,
317786,0.445035428,7,1845-01-11,star,"The following is an extract from the London Times, of the 20th ult. :  "" The Court of Exchequer Chamber, on the 16th instant, in the case of the Queen v. the Earl of Dunmore, decided that the Earl's right to vote for a Member of Parliament for the borough of Tavistock was not affected by the fact of his having been created a Peer of the United Kingdom. The Earl had been elected Member of Parliament for Tavistock in 1831, and had sat in the House of Commons until the dissolution of Parliament in 1835. In 1836 he was created a Peer, and thereupon vacated his seat in the House of Commons. In 1837 he was again elected Member of Parliament for Tavistock, and sat in the House of Commons until the dissolution of Parliament in 1841. In 1842 he was created a Peer, and again vacated his seat in the House of Commons. In 1847 he was again elected Member of Parliament for Tavistock, and sat in the House of Commons until the dissolution of Parliament in 1852. In 1853 he was again created a Peer, and again vacated his seat in the House of Commons. In 1857 he was again elected Member of Parliament for Tavistock, and sat in the House of Commons until the dissolution of Parliament in 1859. In 1860 he was again created a Peer, and again vacated his seat in the House of Commons. In 1865 he was again elected Member of Parliament for Tavistock, and sat in the House of Commons until the dissolution of Parliament in 1868. In 1869 he was again created a Peer, and again vacated his seat in the House of Commons. In 1874 he was again elected Member of Parliament for Tavistock, and sat in the House of Commons until the dissolution of Parliament in 1874. In 1875 he was again created a Peer, and again vacated his seat in the House of Commons. In 1880 he was again elected Member of Parliament for Tavistock",FALSE,FALSE,FALSE,FALSE,,,,
645248,0.467845798,7,1844-10-19,star,"Witness.—No candles would be used in the workings only in the rolley ways and other parts of the mine which, would be quite safe to do so. Cannot recommend at this time any suggestion of my own for improvement in this particular mine. I am perfectly satisfied with the present state of ventilation in Haswell pit. Were Mr. Buddle here himself, I think he could not improve it; he never ordered swing doors. The instructions given to trap boys is to open and shut the doors—(a laugh). I am aware that some time ago an accident happened at Thornley colliery. I was called upon to examine into its cause on that lamentable occasion, and I think that that explosion occurred by the trap door being neglected by the boy who ought to have minded it.  Mr. Roberts.—EXACTLY SO.  Witness—Yes. I also recollect the accident in April, which occurred at the Wellington pit, when thirty-two lives were lost. I recollect that—  The Coroner interrupted Mr. Roberts, and desired him to confine his attention to Haswell.  Witness.—I do not know whether that accident happened—  The Coroner again interrupted the witness; the question he considered an improper one.  Witness.—Do not know that 180 men had been lost in the two counties since the publication by the Committee of their Statistics on Mines in 1835, up to Aug. 1841. It is difficult to ascertain the rate of the currents of air. We ascertain them by a candle and gunpowder.  By Mr. Marshall—It would not have been prudent to have tried the current of air at Williamson's jud by these means.  By a Government Inspector—Not from the actual presence of gas, but as a measure of precaution. Impossible to ascertain what the rate of a current of air will be in future.  By Mr",FALSE,FALSE,FALSE,FALSE,,,,
1224550,0.44232741,7,1870-02-12,tomahawk,"WHAT crueller sight can there be than the view of a noble ship going to pieces?  There is something very painful in the prospect of a wreck. Years of labour are as nought, the work of many hands is as nothing. The planks so carefully lashed together separate, and are tossed about at the mercy of the angry waves—the sails so laboriously woven are torn into ribbands, and flutter in the gale at the will of the noisy winds. Helpless as a child, the great work is dashed upon the rock, groans, trembles, and disappears. Disappears to be seen no more!  A noble ship has gone to pieces—her timbers are to be found on the treacherous rocks of Ireland.  The ship was built to supersede an ungainly barque that had breasted the waves for many a long year in spite of rotten planks and threadbare canvas. The first ship carried a flag inscribed “Tyranny,” and was worthy of her name. She was manned with bigots and misers—she carried intolerance for ballast, injustice for merchandise. She had been built at a time when it was great to be cruel, diplomatic to be unjust. Old fashioned, and yet she served her time, and would have lasted to this day had not her owners condemned her as bad and un-worthy of the age we live in—condemned her that they might replace her with something better.  The new ship was sound from masthead to keel. Her timbers were strong, her sails trustworthy, and yet in spite of sails and timbers she stranded on the rocks of Erin a wreck—a ruin! To drop allegory for fact, the new measures to cure Fenianism and annihilate Irish discontent have signally failed. Spite the Church Disestablishment, spite the project for giving the soil to the people who till",FALSE,FALSE,FALSE,FALSE,,,,
10567,0.466217369,7,1858-10-01,ewj,"- The slave owners are not so strong as they were. The unjust advantage was conceded to the slave States of including in the enumeration of inhabitants by which the ratio of representation was to be fixed, three fifths of those held in slavery. But the white man knows he does not represent the slave, and that he stands backed by a very different constituency from that of the senator from Massachusetts. -",FALSE,FALSE,FALSE,FALSE,,,,
117757,0.466702461,7,1846-08-15,star,"Lord Denman considered it to be his imperative duty to himself, and to all whom he had been connected with in political life, and to the people of England, to declare his direct and invincible hostility to the principle upon which this bill was founded which was that which the noble lord at the head of the Government had in 1841 declared would be the consequence of such a measure, namely, an encouragement of and a stimulus to a trade in human beings. If there was not to be an immense increase in the number of slaves, he was at a loss to understand how the vast supply of sugar expected from this measure was to be produced. The great argument for the measure was derived from the inconsistency of dealing with different slave-grown commodities in a different manner. But if there was such inconsistency —if our policy was in one part good and in another bad—we were not, for the sake of consistency, to sacrifice the good and take the bad. Before this measure was introduced, the resources of the East Indies and Mauritius should have been considered. When it was said that the principles of free trade was allowed to be applied to a traffic of bloodshed, piracy, and murder. If we must submit to the domineering principle of free trade, he wanted to know why our own subjects should not be permitted to engage in the slave traffic.",FALSE,FALSE,FALSE,FALSE,,,,
815460,0.474030077,7,1841-01-16,star,""" 2nd. Of all the hells of vice, starvation, and infamy I have ever heard of, Glasgow is decidedly the worst. Crowded by the tramping offscum of used-up mill-workers, Irish immigrants, and Highland bog-hut men, it exhibits a crawling mass, such as I hope will never cross my eyes again, in any country, whether worshipping God or devil.  "" 3rd. There appears to be a great increase of silent misery amongst the people. I mean that the faces of the lower orders in general exhibit decided marks of homeless, cheerless, comfortless existence; though their general bearing and clothing do not, as yet, announce the shocking pauper.  "" 4th. ' Wealth' and 'improvement' appear to be progressing; new houses and new warehouses, new palaces and new pagodas, meet the eye at every step. So far, so good; if it is only not taken from the many and given to the few. O law, law! O man, man, how weak thou art.  "" 5th. Presbyterian Scotland, appears to be a-head of Puritan England in the good new system of stopping up private roads, pretty paths, long drawn lanes, and public walks, and in enclosing every foot of common, and otherwise improving the ' garden of the earth.'  "" 6th. On the other hand, we are decidedly below Scotland, in our attachment to local liberties, and country sports. Hundreds of places in Scotland, especially along the borders, have very well organised societies and clubs for running, leaping, shooting, ball-playing, bag-pipe music, ' putting the stone,' and various other old popular games and amusements, as distinguished from the aristocratical amusements of our more favoured land.""",FALSE,FALSE,FALSE,FALSE,,,,
1119816,0.442590117,7,1855-05-05,leader,"And yet the state of Rome, from what we hear of it, must be such as might move a generous nation to sympathy from better motives than hatred of the Porn. Men describe their friends as disappearing from around them, they know not for what offence, and buried they know not whither; prisoners gorged with victims; a saturnalia of that same cowardly, vindictive tyranny of priests and Jesuits which Mr. Gladstone denounced at Naples. Told by Mr. Gladstone's eloquent pen, that tale moved English hearts for an hour, and then was thought of no more. Now, we presume, it would be treated as a ""chimera of oppressed nationalities."" All other interests of humanity, saving the persecution of Irish Catholics, are swallowed up in the desire of reducing the naval power of Russia in the Black Sea. We must mend this if we are to remain a great nation: we must mend it if we are to remain a nation.",FALSE,FALSE,FALSE,FALSE,,,,
488135,0.411978126,6,1845-05-17,star,"Sir R. PEEL replied at some length. He denied that the present government had undone anything which had been done by their predecessors, or that they were at all indifferent to the great object of suppressing this monstrous evil, which was a disgrace to the civilised nations of the world.  After some observations from Mr. P. HOWARD, the house went into committee of supply, and the remainder of the evening was occupied in the discussion of the estimates.  ------- L. R. V. Q. U. A. N. T. I. T. Y. E. R. S. S. E. N. D. I. N. G. S. T. A. T. E. S.",FALSE,FALSE,FALSE,FALSE,,,,
1011538,0.414541095,6,1858-11-20,leader,"An Account, pursuant to the Act 7th and 8th Victoria, cap. 32, for the week ending on Wednesday, the 17th day of November, 1839:",FALSE,FALSE,FALSE,FALSE,,,,
42234,0.421350628,6,1843-04-08,star,"the Government House, where he was received by the Governor General, and was presented to the ladies and gentlemen who had assembled to welcome him. The Prince was then conducted to the City Hall, where he was received by the Mayor and Corporation, and was presented to the citizens. The Prince was then conducted to the Cathedral, where he was received by the Bishop, and was presented to the clergy and congregation. The Prince was then conducted to the Government House, where he was received by the Governor General, and was presented to the ladies and gentlemen who had assembled to welcome him. The Prince was then conducted to the City Hall, where he was received by the Mayor and Corporation, and was presented to the citizens. The Prince was then conducted to the Cathedral, where he was received by the Bishop, and was presented to the clergy and congregation. The Prince was then conducted to the Government House, where he was received by the Governor General, and was presented to the ladies and gentlemen who had assembled to welcome him. The Prince was then conducted to the City Hall, where he was received by the Mayor and Corporation, and was presented to the citizens. The Prince was then conducted to the Cathedral, where he was received by the Bishop, and was presented to the clergy and congregation. The Prince was then conducted to the Government House, where he was received by the Governor General, and was presented to the ladies and gentlemen who had assembled to welcome him. The Prince was then conducted to the City Hall, where he was received by the Mayor and Corporation, and was presented to the citizens. The Prince was then conducted to the Cathedral, where he was received by the Bishop, and was presented to the clergy and congregation. The Prince was then conducted to the Government House, where he was received by the Governor General, and was presented to the ladies and gentlemen who had assembled to welcome him. The Prince was then conducted to the City",FALSE,FALSE,FALSE,FALSE,,,,
588128,0.418851554,6,1839-09-14,star,"be decided by the Court of Exchequer. The Attorney-General, on the contrary, contended that the Court of Exchequer was the proper tribunal, and that the question was one of great importance, and should be decided by the Court of Exchequer. The Court of Exchequer, however, decided that the Court of Common Pleas was the proper tribunal, and that the question was one of great importance, and should be decided by the Court of Exchequer. The Attorney-General, on the contrary, contended that the Court of Exchequer was the proper tribunal, and that the question was one of great importance, and should be decided by the Court of Exchequer. The Court of Exchequer, however, decided that the Court of Common Pleas was the proper tribunal, and that the question was one of great importance, and should be decided by the Court of Exchequer. The Attorney-General, on the contrary, contended that the Court of Exchequer was the proper tribunal, and that the question was one of great importance, and should be decided by the Court of Exchequer. The Court of Exchequer, however, decided that the Court of Common Pleas was the proper tribunal, and that the question was one of great importance, and should be decided by the Court of Exchequer. The Attorney-General, on the contrary, contended that the Court of Exchequer was the proper tribunal, and that the question was one of great importance, and should be decided by the Court of Exchequer. The Court of Exchequer, however, decided that the Court of Common Pleas was the proper tribunal, and that the question was one of great importance, and should be decided by the Court of Exchequer. The Attorney-General, on the contrary, contended that the Court of Exchequer was the proper tribunal, and that the question was one of great importance, and should be decided by the Court of Exchequer. The Court of Exchequer, however, decided that the Court of Common Pleas was",FALSE,FALSE,FALSE,FALSE,,,,
925941,0.424773544,6,1859-04-30,leader,"Sir CHARLES NAPIER.—The gallant Admiral addressed a numerous meeting of the electors of Southwark on Tuesday. In the course of his speech he said, that two years ago he foresew that mischief was brewing abroad, and he did all he could to put the country in a proper state of defence. Lord John Russell, who was unquestionably a great statesman, however people might differ from him in some respects, expressed an opinion some time ago, in Parliament, that it would be to the advantage of Austria",FALSE,FALSE,FALSE,FALSE,,,,
213840,0.432881206,6,1843-03-04,star,"5. That the Thanks of this Meeting are hereby given to the Chairman, Treasurer, Secretary, and the Committee of the Soup Fund, and that they be requested to continue their services.  Proposed by Jas. GREEN, Esq. Seconded by John Cawood, Esq.  6th. That the Thanks of this Meeting be also given to the gentlemen who have undertaken the laborious office of distributing the Soup; and the hope that they may continue their labours.  Proposed by E. M. MacCarthy, Esq. Seconded by John W. Torrie, Esq.  7th. That these Resolutions be advertised in the Leeds Papers.  H. C. MARSHALL, Chairman.  That the thanks of this Meeting be given to the Mayor for presiding; and his kind attention to the business of the Meeting.  W. F. HOOK, D.D.",FALSE,FALSE,FALSE,FALSE,,,,
510846,0.410421282,6,1848-10-14,star,", the Earl of Darnley, the Earl of Lonsdale, the Earl of Clarendon, the Earl of Shrewsbury, the Earl of Darnley, the Earl of Lonsdale, the Earl of Clarendon, the Earl of Shrewsbury, the Earl of Darnley, the Earl of Lonsdale, the Earl of Clarendon, the Earl of Shrewsbury, the Earl of Darnley, the Earl of Lonsdale, the Earl of Clarendon, the Earl of Shrewsbury, the Earl of Darnley, the Earl of Lonsdale, the Earl of Clarendon, the Earl of Shrewsbury, the Earl of Darnley, the Earl of Lonsdale, the Earl of Clarendon, the Earl of Shrewsbury, the Earl of Darnley, the Earl of Lonsdale, the Earl of Clarendon, the Earl of Shrewsbury, the Earl of Darnley, the Earl of Lonsdale, the Earl of Clarendon, the Earl of Shrewsbury, the Earl of Darnley, the Earl of Lonsdale, the Earl of Clarendon, the Earl of Shrewsbury, the Earl of Darnley, the Earl of Lonsdale, the Earl of Clarendon, the Earl of Shrewsbury, the Earl of Darnley, the Earl of Lonsdale, the Earl of Clarendon, the Earl of Shrewsbury, the Earl of Darnley, the Earl of Lonsdale, the Earl of Clarendon, the Earl of Shrewsbury, the Earl of Darnley, the Earl of Lonsdale, the Earl of Clarendon, the Earl of Shrewsbury, the Earl of Darnley, the Earl of Lonsdale, the Earl of Clarendon, the Earl of Shrewsbury, the Earl of Darnley, the Earl of Lonsdale, the Earl of Clarendon, the Earl of Shrewsbury, the Earl of Darnley, the",FALSE,FALSE,FALSE,FALSE,,,,
857903,0.427177757,6,1841-09-11,star,"We, John Smith, Esq., of London, have received the sum of five hundred pounds (£500) from Messrs. John Brown & Co., of Birmingham, as the balance due to me on account of my order of goods, which I received some time since. I hereby acknowledge the receipt of the same, and remain, gentlemen, your obedient servant,  JOHN SMITH  Death of Sir Wm. Windham, Bart.  We regret to announce the death of Sir William Windham, Bart., which took place at his seat, Felbrigg Hall, in the county of Norfolk, on the 4th instant. Sir William Windham was a distinguished statesman, and held several high offices under the late government. He was born in 1750, and was educated at Eton and at Trinity College, Cambridge. He entered Parliament in 1784, and was immediately appointed Secretary at War. In 1794 he was made First Lord of the Admiralty, and in 1801 he was appointed President of the Board of Trade. He retired from office in 1806, and has since lived in retirement at Felbrigg Hall. He was a man of great ability and learning, and his loss will be deeply felt by his numerous friends and connections.  The MYSTERY of the TICKETS.  We have received the following letter from a gentleman in London, who has been the victim of a most extraordinary fraud:—  Sir,—I have been the victim of a most extraordinary fraud, and I write to you to ask your advice as to what I ought to do. I received a letter yesterday from a person who signed himself ""John Smith,"" and who stated that he had found a ticket in the street which he believed to be a winning ticket in the late lottery. He enclosed the ticket, and asked me to call upon him at his office in the City, where he would give me further particulars. I called upon him",FALSE,FALSE,FALSE,FALSE,,,,
350236,0.423497081,6,1845-06-07,star,"conclusion. They were mostly women, and we beg the reader to mark the names of the poor creatures; we give them just in the order in which they will be found in the writer's letter:—ANN CAMPBELL, ELLEN CAMERON, FANNY MURRAY, JANET MUNRO, CATHERINE GORDON, ELIZA ROSS, ANDREWINA MACKIE, KATE M'LEOD, MARGARET GREW. The reader, who is familiar with the writings of Scott, and the lyrics of Burns and other Scotch poets, would, were he unacquainted with the painful circumstances connected with the persons who bear the above names, most likely conjure up in his imagination visions of plaided lasses treading the mountain heathier, barefooted but not bare-clad, health and beauty their attendants, and love and joy their companions. Alas! what a difference is there between the romance and the reality of Highland life. The very reverse of this imaginary picture is the real state of the women whose names are given above. Instead of buoyant youth, we see enfeebled, decrepid, sightless, and imbecile age—age made seven-fold wretched by the dreadful destination in which the last lingering days of these poor creatures are permitted to be spent. The writer in the Times avers that he never saw human beings in a lower state of degradation and wretchedness. We have called attention to their names. ""What's in a name?"" it may be asked. Much sometimes. The noble names of these poor Highland women lead the memory back to tales of Highland chivalry and Highland devotion; of what the clansman did and suffered for his chief, and the glory and safety of the house whose name he bore. But they remind us also of the black ingratitude of the chiefs, the persecution and extermination they have waged against the children of the soil",FALSE,FALSE,FALSE,FALSE,,,,
264039,0.410485238,6,1847-01-16,star,"CIVIL ARRESTATION.—Some little time ago a Madame Tiremois obtained from the Civil Tribunal of the Seine a decree of separation from her husband on the ground of ill treatment. M. Tiremois appealed to the Cour Royale against this decision, and on Monday the cause came to a hearing. The case of the appellant, as stated by his counsel, and corroborated to a certain extent by documentary evidence, was rather curious. He declared that after the suit had been instituted there was a reconciliation with his wife, and that during the whole of the proceedings they visited each other clandestinely, and were by stealth the most loving couple imaginable. According to law, this fact would put an end to the suit, but M. Tiremois stated that the lawyers on both sides were too fond of fees to let the parties harmonise, and, therefore, the suit continued. Amongst other things stated to prove that M. and Madame Tiremois were not consenting parties to the proceedings of their lawyer, it was mentioned that after the first order of the Tribunal, that, although living in the same house, they should have separate apartments, the wife on the ground floor, and the husband on the third, the husband and wife, unseen by the servants, visited each other, and passed the night together. As another proof of their loving conduct, the counsel of M. Tiremois produced the copy of a most affectionate letter, addressed by the husband to the wife during the suit, and also the following poetical effusion from Madame Tiremois, which she had herself delivered at the residence of her husband, when they had ceased to reside under the same roof:—",FALSE,FALSE,FALSE,FALSE,,,,
1232863,0.374780685,5,1817-11-02,repo,"All these circumstances sufficiently prove that a removal of the Duchoborzi is wholly out of the question, and that, on the contrary, they are to be protected from unmerited insults on account of the difference of their faith, and in the freedom of conscience, and that neither persecution nor constraint can be admitted. By being removed to another settlement they would be again placed in a hard situation, and be punished on a mere complaint, without examining the truth of the accusations, and without proof. And can the true church, if she desires to receive these strayed children into her bosom, approve of measures of persecution, which are so wholly inconsistent with the principles of her Chief, Christ the Redeemer?  It is only by following this spirit, the spirit of true Christianity, that the desired object can be attained. I therefore recommend this colony to your special superintendence and particular care. Without regarding false allegations, without pre-conceived opinion, you will examine into",FALSE,FALSE,FALSE,FALSE,,,,
94585,0.388017356,5,1850-03-16,star,"landlords and the land system in Ireland. The new Association is a direct challenge to the landlords and the land system in Ireland, and is a direct challenge to the landlords and the land system in Ireland. The new Association is a direct challenge to the landlords and the land system in Ireland, and is a direct challenge to the landlords and the land system in Ireland. The new Association is a direct challenge to the landlords and the land system in Ireland, and is a direct challenge to the landlords and the land system in Ireland. The new Association is a direct challenge to the landlords and the land system in Ireland, and is a direct challenge to the landlords and the land system in Ireland. The new Association is a direct challenge to the landlords and the land system in Ireland, and is a direct challenge to the landlords and the land system in Ireland. The new Association is a direct challenge to the landlords and the land system in Ireland, and is a direct challenge to the landlords and the land system in Ireland. The new Association is a direct challenge to the landlords and the land system in Ireland, and is a direct challenge to the landlords and the land system in Ireland. The new Association is a direct challenge to the landlords and the land system in Ireland, and is a direct challenge to the landlords and the land system in Ireland. The new Association is a direct challenge to the landlords and the land system in Ireland, and is a direct challenge to the landlords and the land system in Ireland. The new Association is a direct challenge to the landlords and the land system in Ireland, and is a direct challenge to the landlords and the land system in Ireland. The new Association is a direct challenge to the landlords and the land system in Ireland, and is a direct challenge to the landlords and the land system in Ireland. The",FALSE,FALSE,FALSE,FALSE,,,,
372357,0.371893227,5,1852-08-07,star,"WESTERN RAILWAY.  An accident, attended with fatal consequences to two passengers and injuries to several others, occurred on Tuesday morning near the Hampton Junction station on the London and North Western Railway. The 9.15 a.m. up train left Birmingham at its usual hour on Tuesday morning, and proceeded in due course about a mile south of the Hampton Junction to a place called Berkswell cutting, in passing through which the ash-pin and a portion of the fire-box fell from the engine on to the line, and coming in contact with the frame work of the brake van, separated the latter from the engine and tender, and threw it off the up-line across the down rails. At the same instant, and before the carriages had become stationary, the 9.15 a.m. down train from Leamington to Birmingham met the up-train, and first coming in contact with the brake van on the down rails, next struck the leading second-class carriage and drove it on to the embankment, detaching it from the other carriages and creating a terrible wreck. Two of the passengers in the second-class carriage were killed on the spot, and a third was very seriously injured. Several others were more or less shaken and hurt. The driver of the up-train finding his engine and tender detached from the brake van, and observing the collision which immediately followed, came on to Coventry—a distance of four miles, as quickly as possible to obtain assistance. From Coventry telegraphic intelligence of the accident was transmitted to Birmingham, and in a very short time afterwards a large number of labourers arrived from both these places, and commenced clearing the line. The second-class carriage, struck by the engine of the down train, was found to be driven up the embankment several feet, and within its broken timbers were discovered the bodies of two unfortunate passengers quite dead, and one other seriously hurt. The remaining",FALSE,FALSE,FALSE,FALSE,,,,
329731,0.361669809,5,1849-08-04,star,"Private letters from Madrid of the 28th ult. state that orders had been given to the Captain General of Catalonia to take every measure for the preservation of tranquillity in Barcelona, and for the prevention of any disorder or movement likely to be occasioned by the sanction given to the law on the Tariff Reform. Amongst other measures, and under pretext of repairing the fortifications and of completing and extending the general system of the defences of the place, a number of towers and redoubts are in course of construction, but the spots selected for which would show that the real intention is rather to repress any attempt at rebellion than to repel the attacks of an external enemy: A good deal of agitation exists still in Barcelona amongst the working classes. On the 16th a conflict took place between some of the inhabitants and the soldiers in the quarter called Las Barracas, which caused a good deal of alarm.  INDIA.  By the latest overland mail we learn that India continued to enjoy the most perfect tranquillity, and the monsoon was almost the only topic on which the Indian newspapers could descant. This year the rains have been later than usual in their arrival, but they had fallen so copiously as to more than compensate any delay in their recurrence.  The expected collision between Sir Charles Napier and Sir W. Gomm had come to pass. Sir W. Gomm arrived in Calcutta from the Mauritius in the full belief that he was to succeed Lord Gough as Commander-in-Chief, and then only learnt that the commission he had anxiously expected was recalled, and that his place had been taken by Sir C. Napier at least a month before. In the meantime Sir C. Napier had not only been sworn in, but had assumed all the duties of his station, and had set off to Simla, to take command of the army in the Punjab.  It was believed that as Sir S",FALSE,FALSE,FALSE,FALSE,,,,
793491,0.390204787,5,1851-07-12,star,"We beg to call the particular attention of our members to the handsome contribution of our valued President, proving, in the most unmistakeable manner, the sincerity and genuineness of that gentleman's sympathies with the working men's interests, and how earnestly he desires to assist them in their efforts to improve their condition. The work- very DavwantA respjust pointAlgeclaimhave ...",FALSE,FALSE,FALSE,FALSE,,,,
966092,0.392537951,5,1858-09-25,leader,"518; hewing and distribution of printed matter without authority, 176; unlicensed opening of wine and coffee shops, 892; manufacture and possession of arms and powder, 892; violation of game-laws, 30,848; penal offences and marauding, 961; smuggling, 2389; using postage-stamps that have already served, 3970; other postal offences, 132; offences against forest-laws, 42,686; offences against carrying laws, 1836; other offences unspecified, 8112.  The observations in a previous number as to the ignorance of English by the police authorities who undertake the office of censor of English papers have borne good fruits. The Leader was not stopped in the post last week.  GERMANY.  (From our own Correspondent.)  September 23.  Last week I reported warnings, stoppages, and confiscations of journals, this week I have to report two more confiscations, viz. that of the Prussian journals, Volks-Zeitung and National-Zeitung; the first for lese-Majesty-wegen Verletzung der Ehrfurcht gegen den König (literally for a breach of the reverence due to the King), the second without any reason given by the police, but it is presumed in consequence of an article headed 'No Co-regency.' The editor momentarily informs his subscribers, who, besides being deprived of the news of the day, lose their money, that no grounds were stated, nor did the authorities condescend to serve him with a written notification, which is evidence: that a new system of repression has been introduced, because formerly a written statement of the reasons for the confiscation used to be given, as likewise extracts from the law which had been infringed. The question which the National ventured to discuss is that which forms the chief topic",FALSE,FALSE,FALSE,FALSE,,,,
342071,0.369819611,5,1846-01-03,star,"LAWES, MONMOUTH.—From the letters received here this morning, it appears there has been a dreadful storm along the south-east coast. On Saturday night, the 27th instant, the gale increased to a perfect hurricane, and several vessels were damaged doubling Beachy Head. About one o'clock on Sunday morning, a large Dutch East Indiaman, name unknown, came ashore on the coast of Pevensey, a little to the north-east of the Head, the wind blowing tremendously and the sea running mountains high. Eighteen of the crew out of two or three and thirty on board, succeeded in landing in safety in their own boat, and it appeared from their statement that the ship was bound from Batavia to Amsterdam, laden with a valuable cargo of coffee, sugar, and indigo. The greatest apprehensions were entertained for the safety of the captain of the vessel, who, steadfast to the trust reposed in him, remained on board with the mate and twelve or thirteen of the crew, but it was not until Sunday forenoon that any assistance could be afforded them. Their situation during that dreadful night, on such a shore, with a gale from the S.S.W., and the sea continually breaking over their ill-fated vessel, was truly awful. In the forenoon of Sunday, however, a small pleasure boat belonging to Pevensey, named the Rebecca, manned by two pilots, named Pierce and Wood, and three of the coast guard, named Oliver, Warnell, and Fleming, put off to the assistance of the crew of the East Indiaman, and succeeded in reaching her. From the violence of the gale, however, and the sea continually breaking over the wreck, they were unable to effect their purpose, of bringing off the captain and the remaining of the crew; but, with determined perseverance, they lay by, watching for a",FALSE,FALSE,FALSE,FALSE,,,,
71266,0.366203517,5,1850-07-06,star,"MAIDSTONE.—The bines continue to grow vigorously, and are now 'shaking hands' across the alley. No increase is visible in the number of fly. We had a thunder storm on Wednesday night, and such a fall of hail, or rather of flat pieces of ice, on Friday, as has seldom been witnessed. The last three or four nights have been cold. With the exception of a little 'wh pping,' however, scarcely any effect is visible in the grounds, as resulting from these causes. In this immediate district we have found no trace of mould. At present everything bids fair for a crop.  TURNMERE.—The hops in this district are getting on remarkably well. They are perfectly free from fly, though perhaps not quite so forward as at some seasons. I have been through the principal grounds round Hadlow, Gold Hill-green, and Peckham, and find them all equally good. A gentleman, connected with the trade was commissioned by a factor to send him all the fly he could get. I think he said he found half a dozen after looking through as many acres, but did not suppose he could find another for a sovereign.  FARNIHAM, ALTON, AND COUNTRY DISTRICTS.—Since our last report we have been visited with a high temperature, accompanied with heavy thunder storms. The plant has, of course, made great progress, and there are very few fly to be seen.",FALSE,FALSE,FALSE,FALSE,,,,
540634,0.384747654,5,1844-06-29,star,"NEWCASTLE CORN MARKET, JUNE 22.—At our market this morning we had a good show of Wheat for the season, but the arrivals coastways being extremely trifling, amounting only to fifty quarters, a clearance was steadily effected at the fall rates of this day week. For free foreign there was a steady inquiry at about previous prices, but in bonded no transactions transpired to our knowledge. In the early part of the week a rather better feeling prevailed the flour trade, but since then the market has flagged a little, and the sales effected have been to a trifling extent; still, however, we cannot quote prices any lower, the quantity here being of too insignificant an amount to induce holders to press business at any decline. In rye little passing. In barley some large transactions have occurred during the week for shipment coastways, and the free stocks being now reduced within a moderate compass, holders seem unwilling to sell excepting at some further advance, which our dealers resist complying with for the present.",FALSE,FALSE,FALSE,FALSE,,,,
1189137,0.364519686,5,1888-02-15,circ,"PURCHASE—continued.  Jones, E., 77 Queen Street, Cheapside, London, E.C. Cruise of the “Marchesa,” 2 vols. Chippendale’s Gentleman’s and Cabinetmaker’s Directory Clarissa Harlowe. Good old edit. Sir Charles Grandison. Good old edit. Hamerton’s Etchers and Etching. Other than 1st edit. Vanty Fair. A set from commencement Huxley’s Introduction to Perspective The Highland Society’s Gaelic Dictionary Paterson’s Road Book. Cheap copy Burton’s Thousand and One Nights, 10 vols. Tyndall’s Molecular Physics, 8vo. Researches in Diamagnetism, 8vo. Hours of Exercise in the Alps, or. 8vo. Constitution of the Universe Todd, Bowman, and Beale’s Physiological Anatomy. Vol. 2 Caird’s Problem of Philosophy Agassiz’s Principles of Zoology Lewes’ History of Science Any of the separately published Addresses of the Presidents of the British Association since 1874 Nicholas’ (Sir Harris) Chronology of History Life of Baron Bunsen, 2 vols. Jones’ (Bence) History of the Royal Institution, 2 vols. Bunsen’s Egypt Foster’s Physiology. 3rd edit. Palliser’s Solitary Hunter Croker’s Stories for Children Sporting Mirror, 10 vols. (or a set without Vol. 9) Galton’s Addresses on the Construction of Hospitals Miller’s Elements of Chemistry, 3 vols. 1885 Cheshire Notes and Queries. 1886 Belcher’s List of the Arctic Voyages in Search of Franklin, with Notes by Professor Owen Dasent’s Tales from the Norse Ingleby’s Shakespeare Controversy. 1846 Arago’s Voyage round the World. 1823 Collins’ Account of New South Wales, 2 vols. 4to. 1st edit. 1798-1802 Dieffenbach’s New",FALSE,FALSE,FALSE,FALSE,,,,
1038031,0.356733888,4,1859-03-05,leader,"is published at Richardson Brothers. It proposes a plan ""whereby every man will obtain full and constant employment, with liberal support to the aged and infirm.""  The fourteenth anniversary of the Athenæum Debating Society was celebrated on Wednesday evening by a soiree at the London Coffee-house, the Chairman of London in the chair. This is the chief debating society in the City, and meets at the Guildhall Coffee-house. Several Members of Parliament are enrolled among its members.  IMPERIAL EXPENSES.—The official civil list of the Emperor of the French is twenty-five millions Louis Napoleon, besides this, dips into the revenues of the State domains, which until his accession has always been included in the civil list, and which he has taken care to include in the budget. These revenues amount to seven millions. The Emperor, in addition, has had placed at his disposal all the charitable funds (fonds de secours) of the different Ministerial departments, and which are considerable. Formerly these funds were distributed by the Ministers; they now serve for the private liberalities of the Emperor. We may estimate at a total of about thirty-five millions the sums which enter into the Imperial private purse. Add to this one million to Prince Jerome, 200,000fr. to the Princess Mathilde, one million to Prince Napoleon, plus 800,000fr. extra this year, and we arrive at a fabulous sum, which quadruples the civil list of King Louis Philippe, and doubles that of the former Kings of France.",FALSE,FALSE,FALSE,FALSE,,,,
392578,0.323087811,4,1852-08-07,star,"Arrangements to secure the fullest efficiency in the publishing department will ensure punctual delivery to subscribers and ""the trade."" This matter is of the utmost importance. Insufficient attention to this department heretofore has done immense injury to the circulation of the paper. Arrangements will, therefore, be made by which the paper will, without fail, be on sale at the publishing office",FALSE,FALSE,FALSE,FALSE,,,,
109133,0.344886094,4,1850-06-01,star,"The readers of the ""Northern Star,"" and the Democratic party generally, are informed, that there is now a re-issue of the various Steel engravings lately distributed with the ""Northern Star."" They consist of  Kossuth, Louis BLANC, Ernest JONES, Richard OASTLER, Meagher, Mitchel, Smith O'BRIEN, John Frost.  These Engravings have excited the admiration of every one who has seen them. They are faithful portraits, and are executed in the most brilliant style. Price Fourpence each. There has also been a reprint of the undermentioned portraits, which have been given away at different times with the ""Northern Star,"" and which are striking likenesses, and executed in the most brilliant manner—",FALSE,FALSE,FALSE,FALSE,,,,
420968,0.351210684,4,1845-03-01,star,"FUNERAL OF MR. LAMAN BLANCHARD.—On Saturday afternoon the remains of this truly estimable and much-lamented gentleman were interred in the cemetery at Norwood. He was followed to his last earthly resting-place by a number of his early and valued colleagues in the field of literature, and other friends endeared to him by his warmth and kindness of heart. The chief mourners on the sad occasion were the three sons of Mr. Blanchard, with Mr. Evans, Mr. Keymer, and Mr. Smith, brothers-in-law. There were also present—Mr. E. Tennant, M.P., C. Landseer, R.A., W. Jordan, D. Jerrold, T. Landsseer, F. Stone, George Cruikshank, Kenny Meadows, W. F. Ainsworth, William Hazlitt, W. N. James, Henry Baylis, S. C. Hall, R. Keeley, J. B. Buckstone, Samuel Lover, George Patmore, Mark Lemon, Hurst, Coventry Patmore, Esqrs., &c., amounting altogether to seventy persons, assembled to pay a last tribute of respect to their departed friend.",FALSE,FALSE,FALSE,FALSE,,,,
311818,0.321315229,4,1843-11-25,star,"It was announced some months since, says the Times, that it was the intention of the beads of the Roman church to have the name of Mr. O'Connell inserted in the Book of Common Prayer, immediately after that of Her Majesty. Whether the design has been actually carried into effect or not there are no means of ascertaining; but the following paragraph, extracted from the Freeman's Journal, would imply that such was really the case, and the more so as a similar announcement was made in a late number of a Queen's County paper:—  ""On last Sunday the holy and adorable sacrifice of the mass was offered up in the parish church of Ballintruss, county of Donegal, by the Rev. Maurice Tunney, Roman Catholic clergyman, for the spiritual and temporal benefit of the Liberator. The Rev. Gentleman was joined by the entire congregation, who seemed, on that occasion, to redouble their fervour and devotion.""",FALSE,FALSE,FALSE,FALSE,,,,
15305,0.334519506,4,1844-12-28,star,"NOW READY, price One Shilling, ""THE THREE IMPOSTORS,"" translated (with notes and illustrations) from the French edition of the work published at Amsterdam, 1776.  This is the first and only edition of this celebrated and ancient book, ever published in the English language. In addition to the work, in its pages will be found ""Dissertations on the Book entitled 'The Three Impostors.'"" By M. de la Monnoye, M. Pierre Frederic Arpe, author of an Apology for Baulini, &c., &c. The whole is printed in a clear and beautiful type; and may be had of Mr. Watson, 5, Paul's Alley, London.  The delay in publishing has been caused by the difficulty of procuring a printer.  J. Myles, Overgate, Dundee; and all useful booksellers in Great Britain and Ireland.",FALSE,FALSE,FALSE,FALSE,,,,
263696,0.330027521,4,1849-05-19,star,"across the street. Biers were continually meeting one, with colourless lips peeping from the breathing-hole in the blankets which covered them.  INSURRECTIONS IN THE RHINE PROVINCES.  A letter from Elberfeld of the 8th inst., in the 'Düsseldorfer Zeitung,' states that riots of a very serious nature took place in that city on the 7th and 8th. Elberfeld was the meeting-place of the Landwehr from the manufacturing districts of Rhenish Prussia, when that formidable body of militia consulted about the steps to be taken, and, resolving to obey the dictates of the Frankfurt-Cabinet, refused to assemble and listen to the commands of the Prussian ministers, Brandenburg and Manteuffel. Large bodies of troops of the line were consequently sent to Elberfeld to reduce the Landwehr, but it appears these troops used very little speed, for they had not arrived there on the evening of the 7th. In consequence of some misunderstanding between the Landwehr and the municipal authorities, the former captured the Mayor of Elberfeld, M. Von Carnap, who, however, succeeded in making his escape after a short confinement. The furious crowd then proceeded to demolish the Casino. The night passed amidst the greatest excitement, and when the post left, on the morning of the 8th, the various companies of the Landwehr, fully armed and organised, had taken up their position near the railroad terminus to repel any advance of the troops that might come by railway. The great meeting of the deputies from the town councils of the Rhenish province was held on the 8th, in the noble hall of the Casino in this city. The deputies, after a long and animated discussion, agreed to a declaration to the effect that they acknowledge the German constitution voted by the Frankfort Assembly as binding; that during the conflict originated by the Prussian government, they will take the",FALSE,FALSE,FALSE,FALSE,,,,
244977,0.349675477,4,1850-05-11,star,"chester, at nine o'clock on Saturday, the 4th of May, to sign the inquisition. When the jury re-assembled Mr. Wheeler attended to give an explanation of his conduct. He denied the statement of Hannan, that he had threatened to send them to Ireland, and asserted on the contrary, he had desired him to come with his family to the workhouse and they should be admitted. He procured the necessary orders for their admission the next day; but they did not present themselves, and he thought no more of the case until told that a verdict of manslaughter had been given against him. Notwithstanding this statement the jury declared their determination of adhering to the verdict delivered, and the inquisition was signed.  FATAL ACCIDENT ON THE CHESTER AND HOLYHEAD RAILWAY.—A shocking accident occurred on Monday, in the Belmont Tunnel. Samuel Medway, inspector of works, was walking through the tunnel, as was usual with him, it being a nearer way to Bangor than by the common road, when the 7.35 p.m. up-train entered the tunnel at one end, and a ballast engine at the other end. The tunnel is quite dark in the centre, where they should meet, on account of the curve, and it is supposed that he must have heard the whistle and got out of the way of the ballast engine, but, forgetting that the up-train was due, and not noticing the whistle, as both engines whistled at the same time, he got into the way of the latter, and was struck by the buffer, for his cap was upon it when the train reached the station. A plate-layer coming through the tunnel after the train had passed kicked his foot against the body, which was lifeless on being brought to the station a quarter of an hour afterwards. It was found that the left heel of his boot had been taken quite off, but the foot",FALSE,FALSE,FALSE,FALSE,,,,
335491,0.334823757,4,1842-05-14,star,"FOR BALTIMORE.  [Concluded from page 1.]  The Baltimore Sun, of the 16th inst., says:—  The Baltimore and Ohio Railroad Company have just completed a new and elegant passenger station, on the corner of Gay and South streets, which will be opened for the accommodation of the public on the 1st of January next. The building is two stories high, and is 100 feet in length by 40 feet in width. The lower story is occupied by the ticket office, the baggage room, and the waiting room, and the upper story is devoted to the use of the ladies. The interior of the building is handsomely finished, and the whole structure is a credit to the enterprise of the company. The Baltimore and Ohio Railroad Company have also completed a new and elegant passenger station at Cumberland, which will be opened for the accommodation of the public on the 1st of January next. The building is two stories high, and is 100 feet in length by 40 feet in width. The lower story is occupied by the ticket office, the baggage room, and the waiting room, and the upper story is devoted to the use of the ladies. The interior of the building is handsomely finished, and the whole structure is a credit to the enterprise of the company. The Baltimore and Ohio Railroad Company have also completed a new and elegant passenger station at Cumberland, which will be opened for the accommodation of the public on the 1st of January next. The building is two stories high, and is 100 feet in length by 40 feet in width. The lower story is occupied by the ticket office, the baggage room, and the waiting room, and the upper story is devoted to the use of the ladies. The interior of the building is handsomely finished, and the whole structure is a credit to the enterprise of the company.",FALSE,FALSE,FALSE,FALSE,,,,
1261451,0.358614862,4,1831-05-02,repo,"First Annual Report of the Cork Branch of the Irish Unitarian Christian Society, presented to the General Meeting on the 1st of March, 1831.  In laying before you the First Annual Report of this Branch Society, your Committee desire to express their continued conviction of the great importance of the objects which it contemplates, and of its fitness for their promotion.  They feel assured, that where the great principles of the sufficiency of the Holy Scriptures as the sole rule of faith and practice, and the right and obligation of free inquiry and individual judgment, possess their proper force, no error of an important character can long continue  VOL. V. 2 c",FALSE,FALSE,FALSE,FALSE,,,,
285213,0.301142037,3,1841-03-20,star,"The following is an extract from the London Times, of the 20th ult., giving an account of the proceedings of the House of Commons on the subject of the Irish Church. We give it as a specimen of the manner in which the English press treats the Irish question.  ""Mr. O'Connell, in a speech of extraordinary length, and which was received with great applause, said that he had been accused of being a Papist, and of having endeavoured to introduce the Roman Catholic religion into England. He denied the charge, and said that he had never endeavoured to introduce the Roman Catholic religion into England, but that he had always been opposed to the introduction of the Church of England into Ireland. He had always been opposed to the introduction of the Church of England into Ireland, because he considered it to be a corrupt and unscriptural establishment. He had always been opposed to the introduction of the Church of England into Ireland, because he considered it to be a corrupt and unscriptural establishment. He had always been opposed to the introduction of the Church of England into Ireland, because he considered it to be a corrupt and unscriptural establishment. He had always been opposed to the introduction of the Church of England into Ireland, because he considered it to be a corrupt and unscriptural establishment. He had always been opposed to the introduction of the Church of England into Ireland, because he considered it to be a corrupt and unscriptural establishment. He had always been opposed to the introduction of the Church of England into Ireland, because he considered it to be a corrupt and unscriptural establishment. He had always been opposed to the introduction of the Church of England into Ireland, because he considered it to be a corrupt and unscriptural establishment. He had always been opposed to the introduction of the Church of England into Ireland, because he considered it to be a corrupt and unscriptural establishment",FALSE,FALSE,FALSE,FALSE,,,,
226943,0.290993303,3,1845-07-26,star,"THE LONDON GAZETTE OF THE 20TH JULY 1853   THE QUEEN AND ROYAL FAMILY   Her Majesty received the following letters of credence and presentation on Friday last:   From His Highness the Sultan of Turkey, addressed to the Queen, by Ibrahim Pasha, Ambassador Extraordinary and Plenipotentiary of His Majesty the Sultan of Turkey.   From His Majesty the King of Sardinia, addressed to the Queen, by the Marquis de La Motta, Minister Plenipotentiary of His Majesty the King of Sardinia.   From His Majesty the King of Prussia, addressed to the Queen, by Count de Bunsen, Minister Plenipotentiary of His Majesty the King of Prussia.   From His Majesty the King of Saxony, addressed to the Queen, by Count de Bunsen, Minister Plenipotentiary of His Majesty the King of Prussia.   From His Majesty the King of Wurtemberg, addressed to the Queen, by Count de Bunsen, Minister Plenipotentiary of His Majesty the King of Prussia.   From His Majesty the King of Hesse, addressed to the Queen, by Count de Bunsen, Minister Plenipotentiary of His Majesty the King of Prussia.   From His Majesty the King of Hesse, addressed to the Queen, by Count de Bunsen, Minister Plenipotentiary of His Majesty the King of Prussia.   From His Majesty the King of Hesse, addressed to the Queen, by Count de Bunsen, Minister Plenipotentiary of His Majesty the King of Prussia.   From His Majesty the King of Hesse, addressed to the Queen, by Count de Bunsen, Minister Plenipotentiary of His Majesty the King of Prussia.   From His Majesty the King of Hesse, addressed to the Queen, by Count de Bunsen, Minister Plenipotentiary of His Majesty the King of Prussia.   From His Majesty the King of Hesse, addressed to the Queen, by Count de Bunsen, Minister",FALSE,FALSE,FALSE,FALSE,,,,
995818,0.288856864,3,1851-11-22,leader,night; although the vessel was trying night; although the vessel was trying night; although the vessel was trying night; although the vessel was trying night; although the vessel was trying night; although the vessel was trying night; although the vessel was trying night; although the vessel was trying night; although the vessel was trying night; although the vessel was trying night; although the vessel was trying night; although the vessel was trying night; although the vessel was trying night; although the vessel was trying night; although the vessel was trying night; although the vessel was trying night; although the vessel was trying night; although the vessel was trying night; although the vessel was trying night; although the vessel was trying night; although the vessel was trying night; although the vessel was trying night; although the vessel was trying night; although the vessel was trying night; although the vessel was trying night; although the vessel was trying night; although the vessel was trying night; although the vessel was trying night; although the vessel was trying night; although the vessel was trying night; although the vessel was trying night; although the vessel was trying night; although the vessel was trying night; although the vessel was trying night; although the vessel was trying night; although the vessel was trying night; although the vessel was trying night; although the vessel was trying night; although the vessel was trying night; although the vessel was trying night; although the vessel was trying night; although the vessel was trying night; although the vessel was trying night; although the vessel was trying night; although the vessel was trying night; although the vessel was trying night; although the vessel was trying night; although the vessel was trying night; although the vessel was trying night; although the vessel was trying night; although the vessel was trying night; although the vessel was trying night; although the vessel was trying night; although the vessel was trying night; although the vessel was,FALSE,FALSE,FALSE,FALSE,,,,
226973,0.29684338,3,1845-07-26,star,"SANTO THE SECOND—MATRIMONY. Now, Mrs. Pringle, once for all, I say I will not such extravagance allow! Bills upon bills, and larger every day, Enough to drive a man to drink, I vow! Bonnets, gloves, frippery and trash—nay, nay Tears, Mrs. Pringle, will not gull me now. I say I won't allow ten pounds a week; I can't afford it—Madam, do not speak! In wedding you, I thought I had a treasure; I find myself most miserably mistaken; You rise at ten, then spend the day in pleasure— In fact, my confidence is slightly shaken. Hal! what's that uproar! This, no'm, is my leisure Sufficient noise the slumbering dead to waken! I seek retirement, and I find—a riot; Confound those children, but I'll make them quiet! 'Tis bid.",FALSE,FALSE,FALSE,FALSE,,,,
1115316,0.296174258,3,1852-07-03,leader,"It has been not so much a duty as a delight to record my impressions of the first season of the Quartett Association. My only difficulty has been to satisfy the jealousy of readers who think euology, however conscientious, a proof of weakness, and criticism nothing if not carping and cruel. We are expected to be ""severe,"" and for a critic to simply thank those whose genius has elevated, refreshed, consoled him, is quite unparadonable. Yet, with all the best (or worst) disposition in the world, I have had nothing but approval to record, nothing but satisfaction to express, in reference to this Association. The names of the artists were rich in promise, and no promise remains unfulfilled. I was prepared to hear the best quartet playing in Europe, and allow me to express my persuasion that I have heard it when M.M. Sainton, Piatti, Hill and Cooper, were the executants. I felt that the fact of their constantly playing together was an immense advantage. Let those who have heard them compare the result with quartets played by any other artists, however eminent, but strangers to each other. My only excuse, then, for language that may have seemed exaggeration, is that I have written as I felt. We have had an original piece at every performance; we have had an eminent pianist at every meeting. Delicious Clans, sparkling and brilliant Emile Prudent; Pleyel, queenly and supreme in finished excellence, have charmed and surprised us by turns; and, bring me what names you may, will you forbid me being content with Piatti, with Sainton, with Cooper, with Hill? whether taken singly or in concert? The sixth and last concert nobly crowned the series. The room was crowded with an audience at once discriminating and enthusiastic; and",FALSE,FALSE,FALSE,FALSE,,,,
250283,0.29059568,3,1849-06-16,star,"(race of coals per ton at the close of the market.) Butes's West Hartley, 13s 9d; Buddle's West Hartley, 14s; East Adair's Main, 12s; Hastings Hartley, 13s 6d; Holywell Main, 14s; New Tanfield, 12s 6d; North Percy Hartley, 13s 9d; Ord's Redheugh, 12s 6d; Tanfield Moor, 12s 6d to 12s 9d; Tanfield Moor Butes, 12s 6d; Townley, 14s; West Hartley, 14s; Wail's-end:-Acorn Close, 14s 6d; Bewicke and Co., 14s 6d; Brown's gas, 12s; Gibson, 14s; Hudley, 14s 3d; Hotspur, 13s 9d; Killingworth, 14s 3d; Eden Main, 14s 9d; Lambton Primrose, 14s 9d; Hetton, 16s 3d; Haswell, 16s 6d; Lutton, 14s 9d; Limbleton 15s 9d; Stewart's, 16s 3d; West Belmont, 15s; Whitwell, 14s 6d; Hartleypool, 16s 3d; Heugh Hall, 14s 6d; Kelloe, 15s 6d; South Hartleypool, 15s; West Hartleypool, 15s; Whitworth, 12s 6d; Cowndon Tees, 14s 3d; Denson, 14s; South Durham, 14s 6d; Tees, 16s 3d; West Cornforth, 14s; Antlracite, 26s; Derwent-water Hartley, 18s 6d; Hartley, 18s; Sidney's Hartley, 13s 6",FALSE,FALSE,FALSE,FALSE,,,,
1197054,0.313126296,3,1887-03-15,circ,The following is a list of the prizes awarded at the Agricultural Show held at the Crystal Palace on Tuesday last:—  ...  The following is a list of the prizes awarded at the Agricultural Show held at the Crystal Palace on Tuesday last:—  ...  The following is a list of the prizes awarded at the Agricultural Show held at the Crystal Palace on Tuesday last:—  ...  The following is a list of the prizes awarded at the Agricultural Show held at the Crystal Palace on Tuesday last:—  ...  The following is a list of the prizes awarded at the Agricultural Show held at the Crystal Palace on Tuesday last:—  ...  The following is a list of the prizes awarded at the Agricultural Show held at the Crystal Palace on Tuesday last:—  ...  The following is a list of the prizes awarded at the Agricultural Show held at the Crystal Palace on Tuesday last:—  ...  The following is a list of the prizes awarded at the Agricultural Show held at the Crystal Palace on Tuesday last:—  ...  The following is a list of the prizes awarded at the Agricultural Show held at the Crystal Palace on Tuesday last:—  ...  The following is a list of the prizes awarded at the Agricultural Show held at the Crystal Palace on Tuesday last:—  ...  The following is a list of the prizes awarded at the Agricultural Show held at the Crystal Palace on Tuesday last:—  ...  The following is a list of the prizes awarded at the Agricultural Show held at the Crystal Palace on Tuesday last:—  ...  The following is a list of the prizes awarded at the Agricultural Show held at the Crystal Palace on Tuesday last:—  ...  The following is a list of the prizes awarded at the Agricultural Show held at the Crystal Palace on Tuesday last:—  ...  The following is a list of the prizes awarded at the Agricultural Show held at the Crystal Palace on Tuesday,FALSE,FALSE,FALSE,FALSE,,,,
1233332,0.272165984,3,1820-03-02,repo,"was of so much utility? or together of some value? I mean the following interesting Collection on the Othervise West Paul, 4to. Bishop Sherlock's Trial of the Witnesses, 8vo.   Most of these works are familiar to the Christian world; there is one, however, which, as it afforded me much instruction and entertainment, on reading it when first published in my youthful days, and as it may be purchased for three half-pence, I cannot help recommending it to young and old, rich and poor, not excepting even learned divines. I mean Bishop Horn's Letter to Dr. Adam Smith on his Life of David Hume. The perusal may not be without its use to those divines who may at any time feel inclined to undertake the arduous task of ""special pleading,"" in the behalf of Unbelievers, and of representing them, if not quite, almost as honest, as sincere, and as excellent characters in the sight of God, as Christians; and this, notwithstanding the very different character given them by our Saviour, so appropriately quoted by one of your Correspondents in your last Number (p. 31). To what he has said on this most important subject, I shall only add my fervent prayer, that those “special pleading” may not, by their unhappy effects on the minds of young persons more particularly, be productive of the bitter fruits of repentance in the mind of the author, whose talents, as generally exerted from the pulpit and the press, in the cause of Christianity, and whose virtues adorn the society, few persons admire more than myself; but who, I fear, has been pulling down, with one hand, part of what he had so nobly built up with the other:  With respect to the Society for Promoting Christian Knowledge, and the numerous list of subscribers, who",FALSE,FALSE,FALSE,FALSE,,,,
5902,0.295078069,3,1862-01-01,ewj,"In a previous number of the Journal, * allusion has been made  * See ""English Woman's Journal,"" Vol. V, p. 204.",FALSE,FALSE,FALSE,FALSE,,,,
1050385,0.312782198,3,1855-12-29,leader,". But there is no lack of MR. PLANCHE'S accustomed wit, humour, and playful fancy; no lack of that extraordinary success achieved by that production. But there is no lack of MR. PLANCHE'S accustomed wit, humour, and playful fancy; no lack of that extraordinary success achieved by that production. But there is no lack of MR. PLANCHE'S accustomed wit, humour, and playful fancy; no lack of that extraordinary success achieved by that production. But there is no lack of MR. PLANCHE'S accustomed wit, humour, and playful fancy; no lack of that extraordinary success achieved by that production. But there is no lack of MR. PLANCHE'S accustomed wit, humour, and playful fancy; no lack of that extraordinary success achieved by that production. But there is no lack of MR. PLANCHE'S accustomed wit, humour, and playful fancy; no lack of that extraordinary success achieved by that production. But there is no lack of MR. PLANCHE'S accustomed wit, humour, and playful fancy; no lack of that extraordinary success achieved by that production. But there is no lack of MR. PLANCHE'S accustomed wit, humour, and playful fancy; no lack of that extraordinary success achieved by that production. But there is no lack of MR. PLANCHE'S accustomed wit, humour, and playful fancy; no lack of that extraordinary success achieved by that production. But there is no lack of MR. PLANCHE'S accustomed wit, humour, and playful fancy; no lack of that extraordinary success achieved by that production. But there is no lack of MR. PLANCHE'S accustomed wit, humour, and playful fancy; no lack of that extraordinary success achieved by that production. But there is no lack of MR. PLANCHE'S accustomed wit, humour, and playful fancy; no lack of that extraordinary success achieved by that production",FALSE,FALSE,FALSE,FALSE,,,,
1168398,0.258477062,2,1888-12-15,circ,"PRICE ONE PENNY.  THE FAMILY CIRCLE.  TUESDAY EDITION OF ""THE CHRISTIAN WORLD.""  Original Tales.  One or more Complete Tales in each Number.  Household-Literature, Pictures, Stories, and Poetry for the Children.  Gems from Transatlantic Journals. Amusing and Instructive. Stray Leaves. Grave and Gay. Question and Answer. Young People's Pastime, &c., &c.",FALSE,FALSE,FALSE,FALSE,,,,
589051,0.26545012,2,1851-03-01,star,"ERASED BY THE EMPEROR OF RUSSIA.  The Consul-General has been ordered to inform Messrs. Dr Barry and Co. that the Revelenta Arabic, they had sent to his Majesty, the Emperor, has, by imperial permission, been forwarded to the Minister of the Imperial Palaces—Russian Consul-General, London, December 2nd, 1847.  From the Right Hon. the Lord Stuart de Decies, Gentlemen—I have derived much benefit from the use of the “Revalenta Food.” It is only due to the public and to yourselves to state, that you are at liberty to make any use of this communication which you may think proper.—I remain, gentlemen, your obedient servant, Stuart de Decies, Dromana, Cappoquin, County Waterford, February 15th, 1848.  Twenty-seven years’ dyspepsia, from which I have suffered great pain and inconvenience, and for which I had consulted the advice of many, has been effectually removed by your excellent Revalenta Arabic Food in six weeks’ time.—Capt. D. B. Bisman, Captain Royal Navy, 4 Park Walk, Little Chelsea, London, October, 1848.  Dear Sir—I will thank you to send me, on receipt of this two ten-pound canisters of your “Revalenta Arabic Food.” I beg to assure you that its beneficial effects have been duly appreciated by, dear sir, yours most respectfully, Tros. Kinc, Major-General, Louis Terrace, Exmouth.  August 17th, 1849.",FALSE,FALSE,FALSE,FALSE,,,,
489750,0.252633482,2,1838-03-03,star,"of March. The sixty-eighth letter appeared in the ""Times"" of the 5th of March, and the sixty-ninth in the ""Times"" of the 7th of March. The seventy-first letter appeared in the ""Times"" of the 9th of March, and the seventy-second in the ""Times"" of the 11th of March. The seventy-third letter appeared in the ""Times"" of the 13th of March, and the seventy-fourth in the ""Times"" of the 15th of March. The seventy-fifth letter appeared in the ""Times"" of the 17th of March, and the seventy-sixth in the ""Times"" of the 19th of March. The seventy-seventh letter appeared in the ""Times"" of the 21st of March, and the seventy-eighth in the ""Times"" of the 23rd of March. The seventy-ninth letter appeared in the ""Times"" of the 25th of March, and the eightieth in the ""Times"" of the 27th of March. The eighty-first letter appeared in the ""Times"" of the 29th of March, and the eighty-second in the ""Times"" of the 31st of March. The eighty-third letter appeared in the ""Times"" of the 2nd of April, and the eighty-fourth in the ""Times"" of the 4th of April. The eighty-fifth letter appeared in the ""Times"" of the 6th of April, and the eighty-sixth in the ""Times"" of the 8th of April. The eighty-seventh letter appeared in the ""Times"" of the 10th of April, and the eighty-eighth in the ""Times"" of the 12th of April. The eighty-ninth letter appeared in the ""Times"" of the 14th of April, and the ninety-first in the ""Times"" of the 16th of April. The ninety-second letter appeared in the ""Times"" of the 18th of April, and",FALSE,FALSE,FALSE,FALSE,,,,
74408,0.270199567,2,1840-10-17,star,"the principle of mutual aid, and which encourages the poor to help each other, instead of being dependent on the charity of others. It is a system which is based on the principle of mutual aid, and which encourages the poor to help each other, instead of being dependent on the charity of others. It is a system which is based on the principle of mutual aid, and which encourages the poor to help each other, instead of being dependent on the charity of others. It is a system which is based on the principle of mutual aid, and which encourages the poor to help each other, instead of being dependent on the charity of others. It is a system which is based on the principle of mutual aid, and which encourages the poor to help each other, instead of being dependent on the charity of others. It is a system which is based on the principle of mutual aid, and which encourages the poor to help each other, instead of being dependent on the charity of others. It is a system which is based on the principle of mutual aid, and which encourages the poor to help each other, instead of being dependent on the charity of others. It is a system which is based on the principle of mutual aid, and which encourages the poor to help each other, instead of being dependent on the charity of others. It is a system which is based on the principle of mutual aid, and which encourages the poor to help each other, instead of being dependent on the charity of others. It is a system which is based on the principle of mutual aid, and which encourages the poor to help each other, instead of being dependent on the charity of others. It is a system which is based on the principle of mutual aid, and which encourages the poor to help each other, instead of being dependent on the charity of others. It is a system which is based on the principle of mutual aid, and which encourages the",FALSE,FALSE,FALSE,FALSE,,,,
749101,0.239642426,2,1848-11-18,star,"The Governor of Venezuela, General Monagas, was assassinated on the 24th ultimo, by a man named Francisco de Paula Concha, who had been a soldier in the army of the late General Paez. The assassin was arrested immediately after the commission of the crime, and has made a full confession of his guilt. He stated that he had been a soldier in the army of General Paez, and that he had been dismissed from the service for some offence which he had committed. He had since been living in poverty, and had become discontented with the government. He had determined to assassinate the Governor, and had been preparing for the deed for some time. He had obtained a pistol, and had concealed himself in a house near the Governor's residence. On the morning of the 24th, the Governor passed by, and the assassin fired at him. The Governor was wounded, but did not fall. He was taken to his house, where he died a few hours afterwards.  The assassination of the Governor of Venezuela is a sad commentary on the state of society in that country. The murder of a public functionary, in the execution of his duty, is a crime which should be punished with the utmost severity. The people of Venezuela have already expressed their abhorrence of the crime, and the assassin has been condemned to death. It is to be hoped that the sentence will be carried out without delay.  The Governor of Venezuela, General Monagas, was assassinated on the 24th ultimo, by a man named Francisco de Paula Concha, who had been a soldier in the army of the late General Paez. The assassin was arrested immediately after the commission of the crime, and has made a full confession of his guilt. He stated that he had been a soldier in the army of General Paez, and that he had been dismissed from the service for some offence which he had committed. He had",FALSE,FALSE,FALSE,FALSE,,,,
456928,0.256789923,2,1839-03-16,star,"THE LONDON GAZETTE.  FRIDAY, DECEMBER 17, 1852.  [Extract from the London Gazette, No. 21,400.]  DECEMBER 15, 1852.  THE EXECUTION OF THE TREATY OF PARIS, 1852.  The Queen having been graciously pleased to signify Her intention to proceed with the execution of the Treaty of Paris, 1852, concluded between Her Majesty and the Emperor of the French, Her Majesty has been pleased to order, and it is hereby notified, that the said Treaty shall take effect on the 1st day of January next.  By Her Majesty's Command,  J. W. SPROTT, Principal Secretary of State for Foreign Affairs.",FALSE,FALSE,FALSE,FALSE,,,,
983934,0.265684336,2,1859-12-24,leader,"August. VILLAGE AND MANSION OF THE MARQUIS OF FLOWERDALE. (Flexmore, J. Beckingham, St. Mary, Doulton (Clown turned footman: Count Extravaganza), and Miss Sharpe.) Pas Castello et Aragon..........Harlequin and Columbine Highdays and holidays: Mirth, merriment, and music. Fashionable arrivals. A French breakfast verse en English dinner. Music help digestion, so Clown volunteers a song— ""Chapter of Clowns.""....Flexmore.",FALSE,FALSE,FALSE,FALSE,,,,
1237581,0.219502568,2,1819-03-02,repo,"“It is an inauspicious definition which is often given of repentance, or conversion, that it is a total change of heart and life. Even to many, to whom that change is necessary in a certain degree, a total change of heart and life would be a change greatly for the worse, because the number of their evil habits may be surpassed by the number of those that are good: virtuous dispositions may prevail to a much greater degree than such as are vicious;",FALSE,FALSE,FALSE,FALSE,,,,
1171046,0.264750332,2,1882-04-01,circ,"From Mr. John Heywood.—' Lancashire Folklore,' illustrative of the superstitions, beliefs and practices, local customs and usages of the people of the County Palatine. Compiled and edited by John Harland, F.S.A., and J. T. Wilkinson, F.R.A.S. A volume of curious and entertaining notes of the traditions of the county which is now more commonly associated with high chimneys and cotton famines than with charms and spells and fairies. The work is divided into chapters treating of superstitious beliefs and practices in general; charms and spells; the devil, demons, &c.; divination; miscellaneous folk-lore; miracles; omens and predications; witches and witchcraft; and local customs and usages. To natives of or residents in the County Palatine the work will have a special interest, but all readers who care to go below the surface and trace out the ways of our ancestors will find much to entertain them, and not a little amusement, in these well-stored pages.",FALSE,FALSE,FALSE,FALSE,,,,
336000,0.221373886,2,1849-01-27,star,"A Slavonic Tragedy.—Four Montenegrins and their sister, aged 21, going on a pilgrimage to the shrine of St. Basilio, were waylaid by seven Turks in a rocky defile, so narrow that they could only thread it one by one; and hardly had they entered, between the precipices that bordered it on either side, when an unexpected discharge of fire-arms killed one brother, and desperately wounded another. To retreat was impossible, without meeting certain and shameful death, since to turn their backs would give their enemy the opportunity of destroying them at pleasure. The two men who were unhurt, therefore, advanced, and returned the fire, killing two Turks, while the wounded one supporting himself against the rock, fired also, and mortally injured two others, but was killed himself in the act. His sister, taking his gun, loaded and fired again simultaneously with her two brothers, but at the same time one of them dropped down dead. The two surviving Turks then rushed furiously at the only remaining Montenegrin, who, however, laid open the skull of one of them with his yatagan before receiving his own death-blow. The hapless sister, who had all the time kept up a constant fire, stood for an instant irresolute, when suddenly assuming an air of terror and supplication, she entreated for mercy; but the Turk, enraged at the death of his comrades, was brutal enough to take advantage of the unhappy girl's seeming agony, and only promised her life at the price of her honour. Hesitating at first she pretended to listen to the villain's proposal, but no sooner did she see him throw off his guard than she buried in his body the knife she carried at her girdle. Although mortally wounded, the Turk endeavoured to make the most of his failing strength, and pl",FALSE,FALSE,FALSE,FALSE,,,,
1174094,0.149140358,1,1883-12-06,circ,"Dec. 6, 1883  I I E I I I I I I I I I I I I I I I I I I I I I I I I I I I I I I I I I I I I I I I I I I I I I I I I I I I I I I I I I I I I I I I I I I I I I I I I I I I I I I I I I I I I I I I I I I I I I I I I I I I I I I I I I I I I I I I I I I I I I I I I I I I I I I I I I I I I I I I I I I I I I I I I I I I I I I I I I I I I I I I I I I I I I I I I I I I I I I I I I I I I I I I I I I I I I I I I I I I I I I I I",FALSE,FALSE,FALSE,FALSE,,,,
1118174,0.210062355,1,1854-10-07,leader,"We must be faithful to our love of beauty. Whatever is not beautiful must be proportionably disregarded. Time certainly brings very little beauty to pictures, which are not to be estimated as works of antiquity; it does infinitely more harm than good, and if there are means of hiding the traces of time, which are in fact decay, they should be adopted in company with every preventive possible. Mr. Merritt is a practical and conscientious restorer of pictures, not a conceited Forger that has neither the eye to detect nor the love to preserve the beauties that linger on the panel. Upon clean ing, he says:—  Is it possible to clean old dirty pictures with beneficial results, and without injury to the original tints and touches? “No,” exclaims “A Tory in Art” in the Times; “it is as idle to talk of restoring a picture to what it was, as to try and push back the iron band of time. We must make up our minds to put up with a certain amount of dirt, and study the works of departed genius through the warm haze of time.” Much may we profit by the contemplation of delicate beauties—as they appear through a dark crust of dirt! We may venture the assertion that the old masters would be the first to object to the present dingy condition of their productions. The questions here to be asked are, “Did the old painters calculate that their pictures would come to need cleaning?” and “Did they make any provision to that end?” Certainly they did. When oil painting first came into use, one of its useful virtues, as noted by the painters of the time, was that it would wash. Long before Italian pictures were remarkable for correct drawing or harmonious colouring, painters had manifested anxiety for the future preservation of their works. Antonio da Messina, about the year",FALSE,FALSE,FALSE,FALSE,,,,
1129913,0.076800428,1,1857-06-27,leader,"the same time, and displays a greater number in the same, and at the same time, and displays a greater number in the same, and at the same time, and displays a greater number in the same, and at the same time, and displays a greater number in the same, and at the same time, and displays a greater number in the same, and at the same time, and displays a greater number in the same, and at the same time, and displays a greater number in the same, and at the same time, and displays a greater number in the same, and at the same time, and displays a greater number in the same, and at the same time, and displays a greater number in the same, and at the same time, and displays a greater number in the same, and at the same time, and displays a greater number in the same, and at the same time, and displays a greater number in the same, and at the same time, and displays a greater number in the same, and at the same time, and displays a greater number in the same, and at the same time, and displays a greater number in the same, and at the same time, and displays a greater number in the same, and at the same time, and displays a greater number in the same, and at the same time, and displays a greater number in the same, and at the same time, and displays a greater number in the same, and at the same time, and displays a greater number in the same, and at the same time, and displays a greater number in the same, and at the same time, and displays a greater number in the same, and at the same time, and displays a greater number in the same, and at the same time, and displays a greater number in the same, and at the same time, and displays a greater number",FALSE,FALSE,FALSE,FALSE,,,,
680157,0.172901198,1,1841-05-29,star,"HAVING devoted their Studies exclusively for many years to the successful treatment of the Venereal Disease, in all its various forms; also, to the frightful consequences resulting from that destructive practice, ""Self Abuse,"" may be Personally Consulted from Nine in the Morning till Ten at Night, and on Sundays till Two. Attendance every Thursday at No. 4, Georgestreet, Bradford, (from Ten till Five.)  In recent cases a perfect Cure is completed within a Week, or no Charge made for Medicine after that period, and Country Patients, by making only one personal visit, will receive such Advice and Medicines that will enable them to obtain a permanent and effectual Cure, when all other means have failed.  They hope that the successful, easy, and expeditious mode they have adopted, of eradicating every symptom of a certain disease, without any material alteration in diet, or hindrance of business, and yet preserving the constitution in full vigour, and free from injury, will establish their claims for support. As this Disease is one which is likely to be contracted whenever exposure takes place, it is not like many other visitors, once in life, but, on the contrary, one infection may scarcely have been removed, when another may unfortunately be imbibed; therefore the practitioner requires real judgment in order to treat each particular case in such a manner as not merely to remove the present attack, but to preserve the constitution unimpaired, in case of a repetition at no distant period. The man of experience can avail himself of the greatest improvements in modern practice, by being able to distinguish between discharges of a specific and of a simple or mild nature, which can only be made by one in daily practice, after due consideration of all circumstances. In the same manner at birth, appearances often take place in children, which call for a proper knowledge and acquaintance with the",FALSE,FALSE,FALSE,FALSE,,,,
1261568,0.167852864,1,1829-06-02,repo,"received opinions are sound or unsound, appear rational, or imply absurdities are Christian, or only handed down to us from Pagans, and schoolmen, in many respects worse than Pagans.""  ""Whatever you neglect, forget not your pensum quotidianum lectionis biblicæ, Psa. i. 2, 3. Be acquainted well with the originals, and authentic editions of the Old and New Testament. I know not how any Christian scholar can have peace, or how a minister can be conscientious about his work, that is ignorant of these, or expect success in dependence upon God, when he sinfully neglects this principal mean of all sound and saving knowledge and practice.""  ""Beware of indiscreet visiting one another at your chambers There are two kinds of visits: one of civility, which need to be only at the time of your gathering, and departing from the University; the other is of familiar friendship and intimacy. In these many exceed in frequency, and thereby much precious time is wasted, and stolen foully from more necessary work; and an excess here may be also in their unseasonableness, when in the forenoon, or after six+ at night.""—Pp. 133, &c.  On another important topic he says,  ""Let there be neither stops nor indecencies of the voice in delivery. Let the voice be whole, equal, and audible. All the foregoing may fall under a suitable pronunciation. That the voice be audible, whole through, and equal, rightly pointed and pathetic. Where these are, affections will break forth generally, love, joy, courage, and a concerning zeal, or zealous seriousness, as being concerned both with the matter spoken, and for the good of the hearers.""  ""A good memory and judgment, with much",FALSE,FALSE,FALSE,FALSE,,,,
1147763,0.192131713,1,1859-02-26,leader,"; fire-irons, with brass ornamented grates, from 21. 11s. to 41. 4s.; fire-irons, with brass ornamented grates, from 21. 11s. to 41. 4s.; fire-irons, with brass ornamented grates, from 21. 11s. to 41. 4s.; fire-irons, with brass ornamented grates, from 21. 11s. to 41. 4s.; fire-irons, with brass ornamented grates, from 21. 11s. to 41. 4s.; fire-irons, with brass ornamented grates, from 21. 11s. to 41. 4s.; fire-irons, with brass ornamented grates, from 21. 11s. to 41. 4s.; fire-irons, with brass ornamented grates, from 21. 11s. to 41. 4s.; fire-irons, with brass ornamented grates, from 21. 11s. to 41. 4s.; fire-irons, with brass ornamented grates, from 21. 11s. to 41. 4s.; fire-irons, with brass ornamented grates, from 21. 11s. to 41. 4s.; fire-irons, with brass ornamented grates, from 21. 11s. to 41. 4s.; fire-irons, with brass ornamented grates, from 21. 11s. to 41. 4s.; fire-irons, with brass ornamented grates, from 21. 11s. to 41. 4s.; fire-irons, with brass ornamented grates, from 21. 11s.",FALSE,FALSE,FALSE,FALSE,,,,
360573,0.197265744,1,1842-12-31,star,"RECENT CASES.  1. William Moss, son of Thomas Moss, Tailor, Northg-te, Huddersfield, has been afflicted with the spinal complaint for nearly two years; and during that time has been under the medical treatment of several of the Medical Profession in the neighbourhood, but received no relief. His back was quite crooked and deformed. After using the Spinal Ointment a short time, he was completely recovered, and is now strong and healthy.  2. Mary Ann Hutchinson, daughter of Mr. Hutchinson, Clock and Watchmaker, 32, King-street, Huddersfield, was severely afflicted with the Spinal Complaint for a long period, so much so as to walk with great difficulty. Her Spine was much distorted. She had been under the treatment of the Faculty for some time, without experiencing any relief. After applying a few boxes of the Spinal Ointment, she was completely restored, and is now enjoying good health.  In addition to the above, the following CASES OF CURE are also given, and reference made to the parties, who, by means of this invaluable boon, have been restored to live a life of health and usefulness.  1.—Joseph Parkin, slubber, Milnes Bridge, near Huddersfield. This was a case of two Yeats' standing. The Patient had had the benefit of the best medical advice that could be procured, but without effect. His finger nails were putrifying, when he began to apply the Spinal Ointment; and in the course of ten weeks he was perfectly cured. He is now in a state of perfect health.  2.—Mrs. James Newton, of Ashton-under-Lyne. A case of very long standing. She had experienced all kinds of treatment, visited spas. &c., without relief; was cured with the Spinal Ointment in about seven months",FALSE,FALSE,FALSE,FALSE,,,,
1168125,0.103979602,1,1880-03-16,circ,"THE ENGLISHMAN'S HEBREW CONCORDANCE, from £3. 13s. 6d. to £2. 2s.  DAVIDSON'S HEBREW CONCORDANCE, from £3. 3s. to £2. 2s.  THE ENGLISHMAN'S GREEK CONCORDANCE, from £2. 2s. to £1. 1s.  JUST PUBLISHED.  ETERNITY, WHAT DOES THE BIBLE SAY OF IT? A Concordance of Texts on the Subject.  The object of the book is simply to bring into a small compass all the information needed for a careful personal study of this great question. Crown 8vo. cloth, 3s. 6d.  'No Bible student's library should lack this valuable manual.'—CHRISTIAN. 'A new and valuable contribution to biblical literature.'—BOOKSELLER.",FALSE,FALSE,FALSE,FALSE,,,,
1289918,0.207892329,1,1808-12-02,repo,"man: nature, the imputed righteousness of Jesus Christ, and the other articles of the Evangelical faith, which, are perhaps more irrational than ridiculous, and (as has been said of devotion,) ""too ponderous for the wings of wit.""  The following passage may serve as a specimen of the work.  ""Let us suppose a robe of righteousness, nay the robe of the righteousness of the blessed Son of God put over us, in consequence of which, God sees no  Art. III.—A more extended Dis- Conscience, recommended by the pp. 22. Second Edition. John",FALSE,FALSE,FALSE,FALSE,,,,
791769,0.142045662,1,1850-10-19,star,"From its properties: in removing all disorders of FEMALES, such as leucorrhea, or ""the whites,"" headache, giddiness, indigestion, palpitation of the heart, dry cough, lowness of spirits, &c., &c. It is admirably adapted to that class of sufferers, as it creates new pure and rich blood, (thereby purifying and strengthening the whole system,) and soon restores the invalid to sound health even after all other remedies (which have usually a depressing tendency) have failed; hence its almost unparalleled success.",FALSE,FALSE,FALSE,FALSE,,,,