corpus_id,score,decile,date,source,article,is-thematically-relevant,has-event,has-named-location,has-space-type,event-mentioned,location-mentioned,space-mentioned,notes
28781,0.571698964,10,1842-03-12,star,"will be the ruin of the middle classes, and, if not directed to universal, instead of class purposes, must ultimately, and that speedily, throw all the producing power into the hands of a few of the most wealthy and successful gamblers.  ""I am, my friends, ""Your faithful servant, ""FRAGUS O'CONNOR.  ""Hammersmith, March 2nd, 1842.""  TO THE EDITOR OF THE NORTHERN STAR.  SIR.—In reference to the statements which appeared under the heading ""Dumfries"" in your last paper, we have to mention that they are essentially false. We have not left the Chartist body, far less have we been seduced, or bought up, by the Anti-Corn Law League.  We are sorry that the gratification, of personal dislike, rather than the spirit of patriotism, or the dictates of charity, should have prompted your correspondent when he penned the paragraph referred to. He has not given his name! Have you, been acting wisely in thus allowing three individuals to be assailed, in your pages, by a cowardly assailant, who dare not show his face!",TRUE,FALSE,FALSE,FALSE,,,,
316046,0.61986351,10,1842-03-12,star,"Gardiner Boggs, William Taylor, and William Shand, Great Winchester-street, merchants, to surrender March 15, April 15, at eleven o'clock, at the Bankrupts' Court: solicitors Messrs. Simpson and Cobb, Austin-friars; official assignee, Mr. Pennell, Basinghall-street.  Samuel Fox Stephens, Old Broad-street, bill-broker, March 11, at half-past eleven o'clock, April 15, at twelve, at the Bankrupts' Court: solicitor, Mr. Cox, Pinner's-hall, Old Broad-street; official assignee, Mr. Belcher.  William Nathan Hunt, Watling-street, stationer, March 14, at two o'clock, April 15, at eleven, at the Bankrupts' Court: solicitor, Mr. Wooller, Bucklersbury; official assignee, Mr. Graham, Basinghall-street.  Richard Walrond Forge, Billingsgate, Lower Thames-street, fish salesman, March 11, at one o'clock, April 15, at eleven, at the Bankrupts' Court: solicitor, Mr. Cox, Sise-lane; official assignee, Mr. Johnson, Basinghall-street.  James Nixon, Great Portland-street, Oxford-street, upholsterer, March 19, at twelve o'clock, April 15, at eleven, at the Bankrupts' Court: solicitor, Mr. Tate, Basinghall-street; official assignee, Mr. Edwards, Frederick's-place, Old Jewry.  John Wright, Birmingham, cabinet-maker, March 18, at two o'clock, April 15, at twelve, at the Water-loo-rooms, Birmingham: solicitor, Mr. Whitehouse, Chancery-lane.  John Orritcheley, Liverpool, bricklayer, March",FALSE,FALSE,FALSE,FALSE,,,,
555833,0.611141086,10,1840-12-05,star,"From our second edition of last week, our friends will have learned the result of Mr. SHARMAN CRAWFORD'S visit to Rochdale, the borough which has distinguished itself by his adoption. It will be in the recollection of our readers that in commenting upon a Reform Association lately established at Belfast, and in the establishment of which Mr. CRAWFORD took a conspicuous part, we dealt, as we thought, fairly and justly with the sentiments attributed to him by the Morning Chronicle, as expressed at the meeting, not supposing that even a Whig journal would dare so completely to misrepresent a speaker most easily followed and reported. We were mistaken, however, as it appears from Mr. CRAWFORD'S word, which we believe in preference to the Chronicle.  In our comment we gave the speech as we stated, at full length. Taking the speech, as reported in the Chronicle, as a whole, we denounced it in no very measured terms, and we are free to confess that our denunciation was the stronger in consequence, not of our dislike of, but in consequence of our regard for, and consequent disappointment in, Mr. CRAWFORD. Mr. CRAWFORD has, however, selected for observation and contradiction, the very passages in his speech, as reported in the",FALSE,FALSE,FALSE,FALSE,,,,
214268,0.615652561,10,1847-03-20,star,"Messrs CLARK and DORLE will visit the following places during the ensuing week: Buckfastleigh, Totnes, Torquay, Newton Abbot, and Teignmouth. Brixham.—Members of the petition committee who did not attend on Sunday last, and other persons holding petition sheets, are requested to attend on Sunday evening, March 21st. Business of the utmost importance will be laid before the meeting. Bradford.—The members will meet in their room, Butterworth-buildings, on Sunday, at two o'clock. Four shillings were collected for Daddy Richards.  BETNAL GREEN.—On Sunday evening Mr Lytle will lecture at the Railway Engine Coffee-house, 122, Brick-lane, at eight o'clock.  DR McDOUGALL'S ROUTE.—Monday, March 22, Newcastle-upon-Tyne, in the Guildhall, Sandhill, at seven o'clock in the evening, for the adoption of the National Petition; Tuesday, March 23, Britley, Durham; Wednesday, March 24, Blyth, Northumberl and.  DISTRESS IN IRELAND.—A public meeting will be held at the City Lecture Theatre, Minton-street, on Wednesday evening, March 24th. T. S. Duncombe, Esq., M.P., will take the chair.",TRUE,TRUE,TRUE,TRUE,meeting; lecture; public meeting,"Butterworth buildings, Bradford; Railway Engine Coffee-house, 122 Brick Lane, Bethnal Green; City Lecture Theatre, Minton Street","Room, coffee house, lecture theatre",
655481,0.629690111,10,1842-05-28,star,"Mr. LUXNEY then rose and said—Mr. Chairman and Men of Shropshire, I say you have proved, in the numbers which we now behold, that you have made up your minds to demand justice—(hear, hear)—I say you have informed the banner of Chartism, and be hanged if they would plant it there where they stood, and never cease until the Charter of their and their children's liberties became the law of the land—(hear, hear.) We have struggled long, and suffered much for our principles; but who could now say that we had not gained much—nay, everything our hopes could anticipate in the time we had already devoted to free our country?—(hear, hear.) He (Mr. L.) had witnessed the distress of the weavers of Lancashire; there, their children were in rags, and perishing for the want of food. Now, could a father look on such a sight without feeling indignation at the wrongs his family were suffering from unjust government: that distress was now becoming universal. What was to be done? Were the people to be doomed to this for ever? He (Mr. L.) would say, without hesitation, that if something was not soon done, the most lamentable consequences might be feared; and yet, said he (Mr. L.), when the people pray to the law-makers that this state of things should be put an end to, the Government talk of their (the people's) ""exemplary patience."" But it cannot be endured, and he hoped the men of that county would, from that day forward, swear before high Heaven never to rest satisfied until poverty was banished from the land—(hear, hear, and clapping of hands.) We (said Mr. L.) will tell Sir R. Peel that if he",TRUE,FALSE,FALSE,FALSE,,,,
55457,0.757438898,10,1841-08-21,star,"FRIENDS AND FELLOW COUNTRYMEN,—Assembled to take measures necessary for the reception of the patriots who, about to emerge from tyranny's cells, have proved, by their unflinching devotion to the people's cause, how vain have been the efforts to crush them by torture and the chain, we briefly address you upon the topics that have engaged our attention. Some misunderstanding appears to have existed in the minds of our Oldham friends as to the objects of our meeting. We met not to thwart the Executive Council, but to assist that talented and patriotic body. In the report of our proceedings this day, it will be seen that while we have respectfully suggested certain things to the Executive, we have ordered nothing it may be their duty to command.  Again, we must set the men of Oldham right with respect to “county demonstrations.” Nothing of the sort was contemplated by those who suggested the meeting, and called the delegates together; nothing of the sort has been proposed by us. The preservation of harmony and unity in the ranks of our party has been the object of our meeting; we trust our exertions will not prove fruitless.  It will be seen that the first of a series of popular demonstrations, or meetings, is arranged to be held at",TRUE,FALSE,FALSE,FALSE,,,,
116954,0.621481776,10,1840-12-05,star,"Majority for the Tory ... ... ... ... 79  THE WEST END FRIENDS, Cheltenham, subscribe 10s. for the support of the wives and families of the imprisoned Chartists, hoping many others will follow our example, and that the glorious work begun will ere long terminate in a total defeat of tyranny and oppression, and that liberty may echo through every Chartist cell, and that Frost, Williams, and Jones, may be speedily returned to their native land.",TRUE,FALSE,FALSE,FALSE,,,,
301784,0.571066082,10,1841-08-21,star,"Campbell then addressed the court in his defence. He went, he said, about seven o'clock, and found Mr. Smith addressing an audience. He remained a quiet spectator and listener for about twenty minutes; but, as Mr. Smith, during his address, stated something which he (Campbell) considered it his duty to the public and himself to reply to, he began to speak; and the audience increased and continued to increase, but they were a quiet and orderly audience. Mr. Neale came, and asked to be allowed to speak to the meeting; but he (Campbell) told him he would finish first. Mr. Neale—Then it was purely accidental your being there. Campbell said, not at all; he had been there for several Sundays to stand the torrent of abuse; there were a number of people went there under the name of Christians; they usually vilified socialism, and he, as an agent of that body, wished the public to be guarded against them. Mr. Neale came, as he had stated; he did not say that he was in authority, and be smelt strong of drink. He (Campbell) left the place some yards; and then his friends asked him if he were going away, allowing this man (Smith) to vilify him in his absence. He returned, and found Mr. Smith addressing the people, and Mr. Neale allowing him. He told Neale that he was not acting fairly; and Neale then ordered him into custody, seized him like a tiger, and kicked him, though he did not offer the least resistance.",FALSE,FALSE,FALSE,FALSE,,,,
872051,0.640051067,10,1846-10-24,star,"Eightly—If it is the intention of the Manchester Committee, to change the policy of the Central Committee, it must be done by a change of officers; and to change the officers at a time like the present, would be utter and irretrievable ruin to the working classes, and to the association; and to attempt to change the line of policy which has hitherto been acted upon with such great success, would be the height of folly.  The object of the association is not so much to encourage strikes, as it is to prevent the necessity for them. Its aim is to raise the working classes gradually from their present degrading position; and should the association diverge from its present course, what will be the result? Shall we not be cast backwards, and sink deeper in the gulf of misery, than we were before?  Brothers, rather than send a firebrand through the country to destroy and mar the good feeling that exists in the society, wave your claims till the proper time, and until the association is in trim to meet all demands. Sooner than destroy all, let us rebut local aggressions, by local force, and local assistance. I trust that the friends in Manchester, will re-read the laws and the preamble, when I feel convinced they will see the difficulty of general legislation, without abolishing all the trades bye laws.  Friends, let peace and concord be our aim, and union our motto; and let us be very careful that we neither muddy the stream, nor poison the waters, in our over anxiety for each others welfare. With these remarks,  I beg leave to subscribe myself,",TRUE,FALSE,FALSE,FALSE,,,,
756033,0.593586743,10,1842-08-06,star,"net referred to the evidence of the police, which clearly established the violent character of the crowd. As the Hon. Member for Finsbury had stated that the evidence ought not to be taken, he (Sir J. Graham) would direct the attention of the House to the evidence of a very respectable person, a Mr. Hugh, a watchmaker. His evidence was to the effect that if the police had not interfered a great disturbance of the public peace would have ensued. That was the opinion of a respectable witness. He (the witness) declared that the riot and alarm were excessive. The police, finding that the crowd completely obstructed the highway, that night was coming on, and that there was little or no chance of the multitude dispersing, interfered. Under these circumstances, he did not consider that the police had exercised an unwise discretion. The Hon. Member for Finsbury had alluded to the character of Dr. McDouall. This was not the first time that Dr. McDouall had been engaged at a riotous meeting. After the magistrate had heard the evidence against the prisoner, and before he entered upon his defence, the magistrate said, instead of committing him for trial, he would only bind him over to keep the peace. Dr. McDouall then willingly acquiesced that the case should close, expressed himself perfectly satisfied with the decision of the Bench, and even thanked Mr. Jeremy, the magistrate, for his leniency. When Dr. McDouall was informed that it was not the intention of the magistrate to commit him for trial he expressed himself satisfied. The Doctor immediately entered into recognizances, himself in £50, and two others in £25 each, to keep the peace. It would appear from the observations of the Hon. Member for Finsbury that a novel course had been taken in this matter. He (Sir",TRUE,TRUE,FALSE,FALSE,Riotous meeting,,,
844214,0.515468359,9,1843-11-18,star,"LONDON CORRESPONDENT FOR THE ""NORTHERN STAR.""—Mr. Edmund Stallwood, having been appointed Correspondent for the Metropolis, requests of the sub-Secretaries and others to forward him timely notice of all forthcoming political, trades, and other meetings; that, where possible, he may attend them. Mr. S. will be obliged for all information touching the Chartist cause, and matters of ""news"" in general. All communications to be addressed to Mr. Stallwood, at No. 6, Little Vale Place, Hammersmith; or at Mr. Wheeler's, 243, Temple Bar.  MR. JOHN WEST.—All communications for Mr. West, must be addressed, No. 20, Lambert-street, Sheffield.  ""STARS"" TO IRELAND.—Mr. Green, Vine Yard, Sheffield, acknowledges the receipt of a number of Stars. They have been forwarded to Ireland.  A. B. C.—If the wife makes oath that she has been ill-treated, that she cannot live with her husband, &c., the law will compel him to keep her. What might be the rate of allowance, we cannot say; that would rest with the magistrates.  THOMAS WEBB, STOCKPORT.—We do not see that the party has any right to interfere. Thos. Webb is surely at liberty to visit his friends when he pleases; and, at their request, to collect from them their subscriptions for the society of which they are members. We hope T. Webb will let us know whether the sergeant of police tries to enforce his threat or not.  THOS. CLARK, late of Stockport, but now member of the Executive Committee, London, writes as follows:—",FALSE,FALSE,FALSE,FALSE,,,,
352715,0.539379299,9,1846-05-16,star,"On Thursday a Public Meeting was held in this town to petition Parliament against the Irish Coercion Bill. The meeting took place in the Market Square, and was very numerously attended. Mr. John Barker, a working man, presided, and excellent speeches were delivered by Mesers. Munday, Hollewell, Kerns, Henly, and Mr. T. Clark of the Executive. It is expected that at least ten thousand signatures will be obtained in this town against the atrocious Curlew Bill.",TRUE,TRUE,TRUE,TRUE,public meeting,Market Square,square,
619847,0.561721146,9,1849-02-24,star,"TRANSLATED BY ERNEST JONES;  At present suffering imprisonment in Tothill Fields Dungeon, under a sentence of Two Years' Incarceration, &c., &c., for the ""crime"" of demanding Justice for the People.  Sons of freedom ! break your slumbers, The day of glory's drawing nigh, Against us Tyranny's red numbers Rear their bloody banner high. Rear their bloody banner high. ""Hark !"" hirelings fierce for brutal strife, Far and near sound war's alarms, And outrage in your very arms The hopes—the partners of your life. To arms ! brave citizens ! Array each gallant band ! March on ! march on ! your tyrants' blood Shall drench the thirsty land ! We'll march ! we'll march ! our tyrants' blood Shall drench the thirsty land ! What demand their banded minions ? What dares each despicable king ? Amid the flap of Freedom's pinions, Hear their rusty fetters ring. Hear their rusty fetters ring, For us ? 'Tis but an insult vain, That shall arouse our hearts the more ; We broke their manacles before, We'll dash them into dust again.",TRUE,FALSE,FALSE,FALSE,,,,
1075180,0.526181042,9,1856-06-28,leader,"SALE OF MR. C. J. MARE'S ESTABLISHMENT.—The whole of the extensive establishment of Mr. C. J. Mare, the shipbuilder of Blackwall, is to be sold by auction next month.  THE MISSES SHEARWOOD.—The Misses Elizabeth and Ann Shearwood, who have been in prison for fourteen years for contempt of the Court of Queen's Bench, have been released, through the intercession of Mr. Haldim, M.P.  RAILWAY ACCIDENT.—One of the fore wheels of an engine on the Tunbridge-Wells and Hastings branch of the South-Eastern Railway flew off last Saturday morning, while the train was in motion. The engine continued its course for a few yards, and then fell across the rails, which were torn up for some distance; the carriages were separated, and dashed in various directions, and the driver was killed. Injuries of a slight nature were sustained by the stoker, and by one of the passengers; the rest escaped unhurt.  PRIME MINISTER OF SWEDEN arrived at Dover last Saturday evening.  COLLIERY ACCIDENT.—Eight persons have been killed in a coal-pit belonging to Lord Ward at the Old Park, Dudley. On the morning of Friday week, about thirty labourers, men and boys, went down into the pit to work, and early in the evening twenty of them left, the other ten still remaining in the colliery. Shortly afterwards, two young men descended the shaft with the intention of working in the mine all night. On their arrival in the pit, eight of the remaining ten labourers prepared to leave. They ascended to the usual manner, and had almost reached the top in safety, when, just as the bankman was about to “land” them, the pit chain broke in two, and the men were precipitated to the bottom of the shaft, forty-six yards below. It seems",FALSE,FALSE,FALSE,FALSE,,,,
869422,0.54790926,9,1849-12-29,star,"sunk in those dungeon vaults, but will rise to heaven demanding justice on their murderers; the rest still wear their chains, and may yet experience the fate of the martyr'd Williams and Sharp—to assist them is almost impossible, to pity them is useless— the only help we can render is to support liberally their wives and families,—to rouse up the scattered elements of the democratic party—to rally public opinion round the principles which they are embalming by their sufferings, and thus convince those of them who may re-appear amongst us (for alas ! years may elapse before the exiles will return,) that we have been active in working, while they have been passive in enduring, and that the war between the oppressed and the oppressor has not, nor ever shall cease, until substantial justice shall be impartially administered to all. Arthur Morton, assisted by the good and true, after many perils escaped to the continent, where he yet resides awaiting the hour when the glorious red banner, the emblem of unity and freedom, shall proudly float on the highest pinnacle of St. Stephen's; then will his woes, and the woes of his compatriots be recompensed; the shadow will then fall from his visage, and the sunlight beam on his countenance. His fate, though hard, hath been a common one; endowed with genius and patriotism, they served only to embitter his lot by setting him at enmity with the world and the world's laws; ardent and sensitive, 'he felt keenly evils which would have passed lightly over a willing slave; he roams an exile in a foreign land, uncheered by the wife of his bosom, or the child of his affections, yet in the far distance he hears the melody of freedom breathing among the green",TRUE,FALSE,FALSE,FALSE,,,,
469720,0.526649654,9,1842-03-19,star,"Was there ever a case (we put it to any one with the common feelings of a man and a Christian to say)—was there ever a case in which charity more imperatively required a liberal and generous measure of relief to be given?  We pass over the delay which occurred previously to their reception into the workhouse. They were told that seven o'clock in the evening (when their application was made) was too late an hour for the admission of casual paupers; but the master of the workhouse says that this statement, which proceeded from the overseer's wife, was incorrect. Be that as it may, they were admitted into the workhouse (out-door relief having been refused) at three o'clock in the afternoon of the 24th ult.  On their admission they were placed ""in a shed, with a brick floor, without a fire or fire-place, and with a tiled roof and no ceiling;"" into which they were locked, and there they were kept, without being once let out, till the morning of the 26th—for two nights and part of three days. They had nothing to sleep upon except some planks on one side of the shed, without any sacking, and only straw for a bed. Their shoes and stockings being wet, they were obliged to take them off, and, as the workhouse people did not dry them, they remained without shoes or stockings during the whole of their stay in the shed, and sat huddled together on the straw, for four of getting cold by treading on the brick pavement. The child's clothing was changed; but the women (who had sold a great part of their clothes upon the road) were left as thinly clad as they came.",FALSE,FALSE,FALSE,FALSE,,,,
138765,0.558738112,9,1842-07-02,star,"Mr. Thomasson followed Mr. Parkes delivering a brief address. The parties then left the grave, and the mass of people forming in procession left the Cemetery, returning to the town by the same line of route taken in coming to the ground. The mourners returned to Atercliffe; the people to Paradise-square, where they almost immediately separated, returning quietly to their homes.  It was ten minutes to seven o'clock when the people reached the Square, the proceedings having thus occupied close upon seven hours. Some fears were entertained that considerable damage would be done to the beautiful walks and graves in the Cemetery by the presence of so large a number of people; happily these fears proved ill-founded; the only damage done was the trampling down of the grass and a few of the flowers in the vicinity of the grave—this was unavoidable. We did not observe a solitary case of drunkenness or disorderly conduct, either going to or returning from the Cemetery.",FALSE,FALSE,FALSE,FALSE,,,,
417680,0.513262749,9,1839-11-09,star,"cit Quartists were always identified in the same cause, and adopting precisely the same means towards the attainment of the common object. But a tale, he has come over their spirit, and why! Let them—Hamer and Sefton answer to themselves: the public have already judged for themselves; but the un-and-outers have merged into perpetual vagabondry. But, Sir, W. H. Sefton sagaciously waxes; the reason why they have denounced the prior: beause of his sense to discriminate between the valuable and worthless classes of society. Well, Mr. Valuable Sefton; and you have discovered that your quondam associates are worthless; but where the difference lies I cannot find out. But how, Sir, does it happen, if you be such a friend to the principles of Radicalism, and profess so much sympathy for the families of the Chartist prisoners, that after the establishment of collecting Committees, one week's subscription has found its way into the general fund, and that these arrangements were speedily afterwards disavowed! How is this? Again, a meeting of the working classes was called the other week in the Association Room, for the purpose of reading the accounts, when your esteemed friend, Hamer, who had been roused by some movements in the anti-Whig arrangements for the ensuing municipal election, attended this meeting as a sort of ""feeler,"" but finding it did not suit or succeed at once, professed a most extravagant sympathy for Mitchell and Davies; grieved at the nominal donation for his ward for want of solicitors, he made great promises of support, and proffered his son to be a collector on the following Sunday morning. Another collector was appointed, and Sunday morning came; but Mr. Hamer's son, by some unfortunate cause,",TRUE,TRUE,FALSE,TRUE,meeting,,association room,
857830,0.534670889,9,1841-09-11,star,"effort been made from time to time by our employers to reduce out wages, until they are so low as to bring us to starvation point? And if they are allowed to bring us lower, must not the consequences be most appalling? Will not the seeds of poverty, hunger, misery, and distress of every description be more prevalent and more deeply rooted amongst the mass of society! Will it not take that from us which should be devoted to the support of ourselves, our wives, and families? Most assuredly. Then, as a natural consequence, will not crime and vice of every description and immorality, stalk forth with unblushing hardihood in the face of open day, showing its foul and democratising character in a country celebrated for Bibles, churches, and Christianity? We ask will not the above and many other fearful circumstances take place if the capitalists continue to prevent us from receiving a proper remuneration for our labour, and goad us on to hunger and destitution?  Fellow working men, about sixteen months ago the cotton masters of this town effected a general reduction, and after they had triumphed over their poorer and unfortunate hands, and being remonstrated with by a few working men as to the very injudicious step they had taken, their feelings appeared to be a little touched. Such was the professed sympathy of the same masters who are now attempting another reduction, that they then declared—nay, further, pledged themselves in the presence of their men—that, considering the very laborious work of spinning, and the many hours which they had to be confined in the dense, noxious, poisonous",TRUE,FALSE,FALSE,FALSE,,,,
653817,0.551465034,9,1845-08-30,star,"Court of Ashton. Last week was what is called Ashton Wakes; and generally that time is held as a merry-making among the working classes. On Thursday afternoon an individual, of the name of John Conner, had got “a drop too much,” and fell into the hands of one of the police of the name of Matthew Maidin, a meddling, officious, would-be great man, who, without any ceremony, dragged him off to the office. Knowing that he had been guilty of no breach of the peace—for he was not quarreling nor fighting, I followed him to the office to make inquiry how he could be got out. At the door of the office I met the aforesaid Maidin, who asked me where I was going? I told him I was going to see about bail for Conner, and was passing him to go into the office, when he seized me by the collar and nearly strangled me. I struggled to release his hold, which he did, and seizing me by the breast dashed me against the wall with such violence that I thought he had broken my breast-bone in altogether. He then locked me up in a cell. Some persons who witnessed the whole transaction immediately went to procure bail for me, while he would not take, saying, I also was drunk. They went to a magistrate, who told them to apply to Mr. Sykes; but Maidin told Mr. Sykes the same story, that I was drunk. They begged hard of Mr. Sykes to see me and judge for himself. He came, and immediately allowed me to go out on bail. After I got home I had a violent pain in my breast, and I found next morning I had been severely injured, for I did nothing but pass blood. I made application to Mr. Sykes next morning to see if there was any doctor attached to the police establishment; for",FALSE,FALSE,FALSE,FALSE,,,,
377681,0.482446432,8,1842-02-19,star,"But the Agricultural Associations had taken infinite pains to circulate reports throughout the country that there was every prospect of an abundant harvest. They had circulated these reports for the purpose of preventing corn from being admitted from abroad, and they had done so at a time when they must have known the crop to have been anything but abundant. (Cheers.) Did not all these facts go to prove the existence of a confederation of the landowners? (Loud cheers.) Was it not most inconsistent on the part of the clergy to get up in their pulpits, and offer prayers for fine weather, and next day give all their energies to support a law which prohibited their countrymen from benefiting by the bounty of Almighty God? The crop during the last season had turned out even worse than the most gloomy anticipators had expected. If it had not been for the distress that had prevailed; and still continued to prevail, and also for the consequence of that distress, the small demand, the price of corn would have risen enormously high. The fact was, the poor had been starved, and the price continued moderate. But for that circumstance corn would have been 15s. or 20s. per quarter dearer than at present. Sir R. Peel in introducing his measure, had admitted the great distress that pervaded the whole country. He also had admitted that distress was borne with the greatest patience by the people; but yet, had he brought in a measure which would alleviate the prevailing distress? No such thing. He brought in a measure which would merely secure something to the revenue and for the benefit of the landed proprietor maintain corn at almost its usually high price. Sir R. Peel had no right to take credit on his measure. He had been by no means happy in the comparison which he had thought proper to institute between the Prussian people and the inhabitants of this country. (Cheers.) Amongst",TRUE,FALSE,FALSE,FALSE,,,,
507585,0.508154809,8,1840-05-23,star,"machines as he could to supply it. But it must be remembered that there were a large number of isolated speculators, without any proper understanding between them, each trying to supply as much of the demand as he could, so that he might have as much of the profit as possible. Thus each made more than he should. A glut took place, the active demand ceased, and the labourer was again thrown out of employment, with a new mechanical power, as well as his fellow labourer, to compete with. And, no matter how low the price of provisions might be, the competition existing amongst the masters, as well as amongst the men, would cause labour to sell at as low a price as it was possible for the labourer to subsist on. (Hear, hear, hear.) Away, then, with such miserable patching, and let them at once come to the consideration of a proper remedy for the cause of the disease, which was competition. (Cheers.) As the physical condition of the people was affected by competition amongst commercial speculators, so the mental condition of the people was injured by competition amongst clerical speculators. Take a simple and recent case, £80,000 was offered for the purposes of education, it was a paltry sum, but the conduct of the priesthood in relation to it shewed how they would act if the sum were larger. The very moment it was thrown amongst them a most violent and unseemly quarrel ensued. They could not agree upon what kind of religion should accompany the education, and if the people were to wait until their priesthood settled the dispute they were likely to wait a long time. Thus while the multitude was thirsting for knowledge and crying out for assistance instead of rendering such assistance, they were endeavouring to put out the little light which was beginning to dawn upon them. (Loud cheers.)",TRUE,FALSE,FALSE,FALSE,,,,
859299,0.491798103,8,1847-12-11,star,"HOUSE OF COMMONS.—The only important business of the evening, was the continuation of the adjourned debate on the appointment of the committee on the currency question. The discussion was opened by Mr Urquhart, who was followed by Mr Ellice, Mr Newdegate, Mr Mitchell, Mr H. Drummond, Mr Macgregor, Mr Sanders, Sir W. Clay, Mr Masterman, and Mr Blewitt; again the debate was adjourned.  (From Our Third Edition of last week.)  FRIDAY, December 3.  HOUSE OF LORDS.—The select committee of their lordships, to inquire into the causes of the recent commercial distress, and how far it has been effected by the laws for regulating the issue of bank-notes payable on demand, was nominated.—Some observations from the Duke of Richmond and the Marquess of Lansdowne, on the state of crime in Ireland, concluded the business of the sitting.  HOUSE OF COMMONS.—The Railway Bill went through committee, with the compensation clauses postponed, Mr A. Starford giving notice, that at the next stage of the bill, he should call the attention of the house to the interests of a class materially affected by the bill—viz., the labourers employed on railways.  The adjourned debate on commercial distress and the currency was resumed by the Marquess of Granby, followed by Mr F. Baring, Mr Herries, Lord John Russell, Mr J. Reynolds, and Sir Robert Peel. Mr J. Wilson then withdrew his amendment for limiting the inquiry; and the original motion proposed by the Chancellor of the Exchequer, for the appointment of a committee, was agreed to.",FALSE,FALSE,FALSE,FALSE,,,,
63622,0.492354274,8,1849-06-02,star,"So long, however, as the land is held to be the private property of a few, to the exclusion of the many, no such plan, nor any similar plan, can be adopted. There can be no way of guaranteeing to each industrious Englishman his interest in the soil he is born unto; equitable distribution of English produce cannot be secured;—and this country must still remain, glittering in its heights and pining in its plains with untold riches and brilliancy, but within all poverty and pauperdom, the wonder and disgrace of civilisation, the richest and wretchedest nation in Europe.  This pamphlet will recommend itself to the friends of real reform; it is hardly necess-",FALSE,FALSE,FALSE,FALSE,,,,
877067,0.504825592,8,1852-08-21,star,"At Bow Street, yesterday, Viscount Frankfort de Montmorency, commonly called Lord Frankfort, of 14, Buckingham-street, Strand, appeared before Mr. Henry, upon a summons charging him with having ""unlawfully composed, printed, and published a foul, malicious, and defamatory libel of and concerning Lord Henry Lennox. The libel was contained in the following disgusting circular:—  ""Mr. Macbeath presents his duty to the peeresses and the daughters of the nobility and gentry, and informs them that he continues to arrange assignations with the most perfect impunity and safety. Having been trained by Mr. Harris, he now acts directly under President and Director-General of assignations, Phipps.  ""Mr. M. begs to call the attention of the ladies to his long-established mode of transacting business: He himself waits upon them at dusk, sending up his card in a tissue envelope; always seeing the parties himself, and arranging personally with them for the reception of the Lothario of the evening at 1 o'clock at night; when he is enabled by his peculiar system to keep the husband insensibly asleep, while the parties are amourously engaged in the drawing-room.  ""P.S.—He guarantees to married women half their husband's fortune, or more, if they are found out; and will put him in the Ecclesiastical Courts, which are an appendage to his establishment. To spinsters he promises husbands, whom he puts in madhouses, and gets all the fortune for the wives. His predecessor broke one baronet's neck, for his wife's sake; and having got rid of another, is now endeavouring to destroy his will. 'Those ladies who will turn up with the parties sent may be satisfied they will be 'looked at;' but those who refuse to do so will not be looked at",FALSE,FALSE,FALSE,FALSE,,,,
824899,0.484656006,8,1844-11-30,star,"You are probably not aware, sir, that in the session of Parliament of 1843 the Independent Order of Rechabites applied for an Act to confer upon their association all the privileges possessed by isolated societies under the Act relating to friendly societies. At this time the laws of the order were before the present Government, and although communications were received from them, they gave no intimation of the unlawful character of the institution; and it is my firm conviction that the order would now have been protected by an Act of Parliament of its own had not some persons surreptitiously corresponded with Government, stating that the Rechabites were not unanimous in their desire for an Act of Parliament.  That the order of Rechabites is not under the law, I admit, but that does not make it an unlawful society. There are many hundreds of benefit societies, trade societies, and others, in a similar position, and yet their acts are perfectly lawful.  An unlawful society, whose members are liable to be transported for uniting together, cannot by any existing Act of Parliament without being remodelled, be made a lawful society. Now the order of Rechabites can at any time when they choose have the protection of the law. They can enrol each tent singly, or each district, or they could enrol the executive council, and thus have the protection of the law for the whole order, which I take to be a demonstrative proof that the society of Rechabites is not unlawful in its character.",FALSE,FALSE,FALSE,FALSE,,,,
792069,0.500431478,8,1850-10-19,star,"GUILDFORD, FRIDAY.—Levi Harwood, James Jones, Samuel Harwood, and Hiram Smith, were brought up for re-examination this day. So little suspicion had three of them of the fact of the fourth having confessed, that one of the former, Jones, during a temporary adjournment of the proceedings, actually joked with a bystander on the subject of his confinement in the gaol. The evidence of the witnesses did not differ from that already given. Superintendent Hollingston said, by the desire of Smith I had an interview with him on Sunday last.  —[Levi Harwood here directed a piercing glance towards Smith, who kept his eyes fixed upon the ground, and appeared anxious to avoid observation.]—Mr. Hollington: Smith asked to see one of the reward bills. As I had not got one with me, Mr. Keene produced the “Hue and Cry.” I afterwards sent for a bill, which the prisoner read him self. After doing so he asked me to explain the meaning of the word “accomplice,” and what was meant by a free pardon for any person who did not actually fire the shot? I told him he must use his own judgment as to what it meant. He asked me whether the terms of the bill would be acted up to if he was to “peach?” Mr. Keene and myself both told him that he had got the bill before him, and he must use his own judgment. He then said he knew it was plain enough in the bill, and he had made up his mind to make a statement.  Levi Harwood and the other prisoners exhibited much unconcern at this juncture, and looked fiercely towards Smith.",FALSE,FALSE,FALSE,FALSE,,,,
1134826,0.488900244,8,1858-02-27,leader,"An application was made on Monday to the Marlbororough-street magistrate, for advice, by a tradesman who stated that he had applied to the Town and Country Loan and Discount Bank, Orange-street, for a loan of 100l. on leasehold property; that he had filled up the required printed form, given references, and paid 17. 2s. 6d.; but that, notwithstanding this, his application had been refused. The magistrate said the only course for the applicant to take was to try the County Court, which he said he would certainly do. Several applications of a similar kind, having reference to the same society, have been recently made at the Marlborough-street court.  THE ROYAL BRITISH BANK TRIAL.  The trial of the Royal British Bank Directors has continued, during the whole of the present week, to drag its wearisome details through the daily papers, and it is not yet completed. The speeches for the defence commenced on Wednesday, when Lord Campbell, after commencing Sir Fitzroy Kelly (counsel for Mr Stapleton) on his elevation to the office of Attorney-General in the new Ministry, directed him to take precedence of the other counsel. Sir Fitzroy proceeded to argue that there was not one tithe of evidence to implicate his client. Mr Stapleton became a depositor and director on the 1st of July, 1825. ""If"" argued Sir Fitzroy, ""the bank were sound on the 1st of December, 1825, it was also sound at the time when Mr Stapleton joined it; and if it were true that the balance-sheet was wrong at one time, it was clear, and had been proved, it was false at any other period; and Mr Stapleton, in the hour when he became a shareholder of the Royal British Bank, in July, 1825, became a ruined man. He was the decalved, and not the decei",FALSE,FALSE,FALSE,FALSE,,,,
686682,0.493397176,8,1847-10-30,star,"Daughter' in security of the money I had on loan from him, which I wish to be settled, and intended to do so as soon as I get settled with D. Walker; but Mr Sheard says he will try and claim the statute of limitations. This will show that he is a villain at heart if he does, and ought to be exposed to the world at large. There are debts owing to me much greater than I owe, which can be collected and every one paid that I justly owe, and there will be a sum plus which will belong to you both. The disgrace which has been brought on me by that villain Crawley is from my not consenting with him and Cremer to get possession of the Bull Inn, which could not do, and I saw that there was something underhand going on between him and Bond. When Cremer requested me to allow some articles to be sent to the Bull Inn, he said they might come to £30, but him and Crawley made a very different affair of it, but it will end in no good to either of them. One must go for an example to deter such wretches from doing the like again. Death is far more preferable than the disgraceful situation that villain Crawley has placed me in, and he has driven me to do that which I never contemplated. This action will no doubt cause great grief to you all, but you must forgive it, as you could never expect that I could ever know happiness again in this world, after this vilian Crawley's conduct towards me; and to see me pine away day after day I know would break your hearts. Therefore, console yourselves in the best way you can, and I trust you will meet with kindhearted friends who will assist and console you in your affliction, and that time will wear smooth that which now appears so rough and rugged to your views and feelings",FALSE,FALSE,FALSE,FALSE,,,,
711199,0.474162966,8,1841-03-20,star,"abominably detested by the people, for whose benefit it was said to exist; and he had actually sold the very operatives, in whose cause he enlisted; and had surrendered to the Lords upon the question of English Corporate Reform. But yet, O'Malley, believing himself true to Ireland, and loving Ireland, and wishing to see her once more resume her proper rank amongst the nations of the earth, they pardoned and absolved all transgressions against themselves, and actually placed him, in the autumn of 1835, in a position to dictate to Europe; aye, to Europe; he might have opened the session of 1836, by proclaiming Universal Suffrage, and neither King, Lords, or Commons would have dared to resist it; but he wanted the moral courage, aye, and the personal courage too, to use his power for general good against an organized faction.",FALSE,FALSE,FALSE,FALSE,,,,
524524,0.455584496,7,1845-11-15,star,"J. B. Perry, jun. and Andrew Searle, of Fleet-street, David Morgan and Jabez Thomas, of Pont-y-c-prid, near Cardiff, coal merchants—Ralph Clark and Robert Foreman, of Sunderland, house builders—Joseph Dawes and James John Hance, of Liverpool, wool brokers— George Joseph Jackson and William Calveley Davies, Liverpool, commission merchants—Thomas Grendel Daweswell and Charles Undawell, of Tipton, Staffordshire, grocers—B. Sacker, Richard Greenwell, Smith Greenwell, William Cook, John Gidston and T. Richardson, Castle Eden, Durham, coal owners (so far as regard Bailey Sacker)—John Tully and William Thompson, Monk Wearmouth-shore, Durham, sail makers—John Tully, Wm. Thompson, and John Tully, jun., of Monk Wearmouth-shore, Durham, sail makers—James Tarle and John Taylor, of Cheltenham and Bath, tea dealers— John Cairns, jun., and William Strickland, of New-mill, Derby, Turkey-red dyers—Joseph Holroyd, William Holroyd, and Benjamin Holroyd, of Stone in Frizle, Lancs., cloth dressers—Thomas Macartney and Patrick Kelly, of Liverpool, surgeons—James Sands and Joseph Blackett, of Hartlepool, Durham, grocers—Willy Lmmond and Edward William Goday, of Gray's-inn, electricians—Joseph Cellinson and Edward Cellinson, of Linto, Yorkshire, worsted spinners—Algernon Sydney Wiliam and Edward Russell Williams, of Derby, letter-press printers.",FALSE,FALSE,FALSE,FALSE,,,,
716760,0.464551985,7,1841-01-02,star,"Oh MONDAY next at the same place, the question for discussion is to be ""Can the Chartists obtain the Charter, without the aid of the middle classes?""",TRUE,FALSE,FALSE,FALSE,,,,
372730,0.455212682,7,1841-05-29,star,"L. PITKEKTHLY, Morg. WILLIAMS, M. CULLEN.  TO THE EDITOR OF THE NORTHERN STAR.  DEAR SIR,—By inserting the following address in this week's publication, you will greatly oblige those friends to O'Connor whose names are attached thereto, and likewise your humble servant,  THOMAS CLARKE.  Temperance Yard, Hillgate, Stockport, May 19th, 1841.",FALSE,FALSE,FALSE,FALSE,,,,
165667,0.433078378,7,1847-02-06,star,"THERE are some men and non-men. In fine years, they will address you simply, ""to smoke to every man a vale,"" (sail) ""gannach,"" says he. Now, Michael Davitt, in his first visit here has his people, and at my first visit others and a thousand others of every kind he has seen, and heard, and long to know. Pay have each a farm.  FARMERS. I will see as I can to state.  He may go the length, and never shall be enraptured, very numerous, country, customs, fashions, fashions, that had been and harmed, and directory, and all the rest of it. But the farmer, and the farmer's friend, and the farmer's friend, and the farmer's friend, and the farmer's friend, and the farmer's friend, and the farmer's friend, and the farmer's friend, and the farmer's friend, and the farmer's friend, and the farmer's friend, and the farmer's friend, and the farmer's friend, and the farmer's friend, and the farmer's friend, and the farmer's friend, and the farmer's friend, and the farmer's friend, and the farmer's friend, and the farmer's friend, and the farmer's friend, and the farmer's friend, and the farmer's friend, and the farmer's friend, and the farmer's friend, and the farmer's friend, and the farmer's friend, and the farmer's friend, and the farmer's friend, and the farmer's friend, and the farmer's friend, and the farmer's friend, and the farmer's friend, and the farmer's friend, and the farmer's friend",FALSE,FALSE,FALSE,FALSE,,,,
64100,0.437165171,7,1841-07-03,star,"The nomination for the Montgomery Borough took place this day at Newtown. Hugh Cholmondeley, Esq. (Tory) was proposed by Major Pugh, of Llanerchydol, and seconded by Major Harrison, of Caerbowell. Sir J. Edwards, the Whig candidate, was proposed and seconded by Dr. Jones, of Garthweil, near Montgomery, and Mr. Davies, flannel manufacturer, Newtown.  The show of hands was in favour of Mr. Cholmondeley. A poll was demanded by the other side, which was fixed for to-morrow.",FALSE,FALSE,FALSE,FALSE,,,,
471497,0.436098009,7,1852-01-10,star,"Loss of a STEAMER.—Intelligence was received on Monday at Lloyd’s, of the loss of the Town of Wexford steamship, off the Sherries, near Holyhead, during the violent north-westerly gale on Sunday morning. She left Wexford for Liverpool in the course of Saturday, with several passengers and a general live and dead cargo. During the night she laboured severely in consequence of the tempestuous state of the weather, and on the following morning she was observed off the Sherries, under canvass, her machinery apparently having broken down or in some way disabled. After beating off for about two hours, she dropped her anchor and brought too in the hope of the weather moderating and being able to clear the lee shore. However, the gale continued with but little intermission, and about two o’clock in the afternoon she parted from her anchor, and was driven ashore near Trafadog, some three or four miles to the eastward of the bay. Her perilous position having been noticed, the life-boats put off to the rescue of the passengers and crew, and, with the aid of their own boats, every one of them were preserved. Little, however, was saved of the cargo, as many dead cattle and pigs were seen floating about the bay. The last accounts from the wreck announce her to be bilged, and in the event of the weather continuing violent there is little doubt as to her proving a total loss.  EGYPTIAN RAILWAY.—Our accounts from Alexandria mention that great commercial activity prevails in that city, and throughout the whole of Egypt. A large quantity of native produce of every kind had been received from Arabia. Preparations have already been made to commence the works of the railway. Abdallah Bey, who is charged with the general inspection of the works, is an Englishman by birth. Persons were arriving in Egypt from every part of the world",FALSE,FALSE,FALSE,FALSE,,,,
605888,0.431499451,7,1841-04-03,star,"Would declare them an irresponsible government, who had proved by their conduct that they hated and detested the poor. They had in this country Lords Spiritual and Lords Temporal; one took care of their bodies and the other took care of their souls. The Lords Spiritual kept them in mental blindness, and the Lords Temporal kept them hungry and naked. He that proceeded in an able manner to prove the irresponsibility of the government, and concluded his address by moving the resolution.  Crime and punishment for fraud and embezzlement.",FALSE,FALSE,FALSE,FALSE,,,,
20541,0.455293059,7,1842-01-01,star,"He was pursued to Liverpool, and apprehended on Wednesday morning in a vessel which had just cleared the port for Philadelphia.  SCENE IN A CHURCH.—The following ludicrous scene occurred a few weeks ago, at a village church not a hundred miles from Stallingborough. The clergyman, observing a boy in the gallery behaving in an unbecoming manner, reproved him. An old and worthy member of the church, in the plenitude of his zeal for order and decorum, instantly jumped up, and called out, “Bring the rascal down, and I’ll kick him a—a.” No sooner was the threat uttered, than the young urchin was dragged down, and handed over to the tender mercies of the old zealot for the honour of “God’s house,” who, having come out of his pew to meet him, took him by the collar, and very plentifully applied his foot to the boy’s posteriors, to the no small amusement of the congregation, and the moral benefit of the offender, whom he told to “go in peace, and sin no more.”—Lincoln Mercury.  BARBAROUS MURDER IN HANTS.—SOUTHAMPTON, Dec. 28.—Intelligence has just been received here of a most barbarous murder, committed on a servant girl, by a party of three excavators, on the road between Winchester and Southampton. It appears that the young woman was walking towards Southampton, rather late last evening, having been engaged as a servant to a family in this neighbourhood. She was accompanied for some distance on the road by her father, and when he separated from her she gave him a shilling to go into a public house on the roadside to refresh himself. While he was sitting there, three excavators walked in, one carrying a bundle",FALSE,FALSE,FALSE,FALSE,,,,
1181701,0.433992237,7,1885-04-01,circ,"GOS OF THE BY MEN & WOMEN  The following men and women of the Lady BENEDICT; PERCY Betts; E. Rev. Sir G. W. Cox, Bart.; CATHER Hooper; LOUISE JOPLING; WALTER E. RADFORD; Rev. J. G. Wood, &c.  The Names of other Popular Wri 'GOSSIP' will be ILLUSTRATED by  No. 1 will  OUR 'AT HOME' THE W ART  MORE LITTLE  Music and PARISIAN LIFE. AMONG BY THE CARDS. By Mrs. PHIL COMICAL CUTTINGS. SUPPLIES READY FOR",FALSE,FALSE,FALSE,FALSE,,,,
306333,0.457129449,7,1850-09-14,star,"and Tuesday. The wind blew chiefly from the west and north, and passed over Greenwich at an average rate of 59 miles a day.  BRUTAL TREATMENT OF AN INSANE PAUPER.—  On Monday an adjourned inquest was taken by Mr. H. M. Wakley, deputy-coroner, at the Elephant and Castle, Camden-town, on the body of Louisa Grey, aged forty-two, an insane pauper in St. Pancras workhouse, whose death was alleged to have resulted from the ill-treatment she had undergone whilst an inmate in the above workhouse. The evidence of a daughter of the deceased went to prove that her mother had been in the workhouse near twelve months, and that in March last she was placed in the insane ward by the surgeon, on the ground that she was not right in her intellect. Deceased made frequent complaints of ill-usage from the nurse of the ward, and a patient named Ann Bryan. On one occasion, on visiting her mother, she said she was a murdered woman, and that Bryan had brutally struck her over the body and legs with a large stick; she was covered with bruises all over; deceased also said she had been repeatedly kicked by two of the male pauper assistants who came to remove her from one ward to another. On one occasion she took deceased some food, when the nurse threw it, and other things belonging to her mother, on the sanded floor. She appeared to be under the influence of liquor, and it was remarked by persons visiting the ward that she was constantly drunk. Deceased was not right in her mind, but after the ill-usage she received from the nurse and Birran she became very much worse.  —Mr. J. Erichson, surgeon to University College Hospital said, he had made an examination of the body of deceased. There were bruises on the shoulder, back, and legs, together",FALSE,FALSE,FALSE,FALSE,,,,
1001694,0.40032503,6,1855-05-05,leader,"The crack of Pianori's pistol, answering ominously to the hallelujah of our aristocracy and mob, has revealed to the conspirators of the coup d'état the abyss beneath their feet. To England, also, it has revealed an abyss, into which our politicians of course will plunge. Much style commonplace has been talked about the threads on which the destinies of nations hang; but it is the business of statesmen and diplomats to prevent the destinies of nations from hanging on threads. The flash of that same pistol has discovered the pregnant fact that the most beloved of monarchs rides about the streets of his capital alone, guarded by the affection of his subjects—and by a select corps of guards in various disguises armed with daggers. ALEXANDER was one of them. They are called the Corsican guard. Eye-witnesses assert that it was not only ""civilisation"" that started and turned pale—deadly pale—at the sudden vision of retribution. All Frenchmen unite in rejecting that Pianori missed his aim: the Bonapartists for courtesy reasons, others for reasons less courtesy. The speech of Louis Napoleon to his Senate on the occasion is that of a moral monomaniac, who imagines that",FALSE,FALSE,FALSE,FALSE,,,,
84595,0.409308821,6,1843-02-04,star,"We have received in reference to this sufferer under the oppressive system the following communications, which we publish both in justice to the generous parties from whom they emanate, and that if Mrs. Ellis be disposed to accept the offer, her friends may have opportunity for making the arrangements :—  "" Alcott House, Ham Common, "" 26th Jan. 1843.  "" MY DEAR MR. HILL—On reading the Northern Star of the 21st, the Spirit moved me almost to tears for the fate of our brother Ellis and his forlorn family. After some time reflecting on what could be done to save the children of the expatriated patriot from the still consequences of their present position, I was moved by the Spirit to recommend their case to the attention of our Pater, and suggest that we might take ONE of the children into our Concordium, to receive its main-tances and education at an adopted child. Mr Oldham however, suggested that an offer might be made for more than one of the children. His proposition you will find recorded in the accompanying note.",FALSE,FALSE,FALSE,FALSE,,,,
834115,0.405475944,6,1840-07-25,star,"Mr. John Lumley, commission-agent, said the prisoner obtained canvas to the value of £6 from him.  Mr. Hodgson, cloth merchant, was applied to by Compton for cloth. Finding he issued different cards, witness sent for Mr. Child, the police-officer, who directed him to take the cloth applied for to Compton's, and accompanied witness in plain clothes. Hodgson required payment on the spot, and West finding he would not wait until Saturday, said he had better take the cloth away than make any disturbance about it. Child opened some packages, which appeared to contain tea, and found they were filled with sawdust.  Mr. Cowling, clerk to Mr. James Holling, stuff merchant, proved that Compson agreed with his employer for a quantity of Orleans cloth. West came for it, with a note from Compson, and took it away. The witness followed him, and found he did not go to the alleged warehouse in Land's-lane, but to the White Bear, where West was joined by Compson, and they together went to the Turk's Head. The prisoners left the cloth in the bar of the latter house, and witness desired the landlady not to let it go out of the premises.  Several other similar cases were proved by other witnesses.  George Linsley, assistant to Coxon and Johnson, pawnbrokers, proved that on the 17th of June, the prisoner Compson pledged several pieces of Orleans cloth for £2 2s., in the name of James Smith, clogger, 14, York-street. Compson had been at the shop pawning various goods about ten times before. Some other goods had been pawned in the same name, or in the name of Ann West, by a young woman.  Cross-examined—The goods pawned by the latter were a watch and",FALSE,FALSE,FALSE,FALSE,,,,
90255,0.428735822,6,1840-12-12,star,"NEVER has it fallen to our lot to notice so anomalous, so unexpected and decisive a triumph, as the temporary victory just achieved by Col. Bruen over everything Christian, moral, and even human. We have not room for the speeches made by the candidates, their proposers, seconders, or backers; therefore our readers must rest satisfied with an outline of the whole affair.",FALSE,FALSE,FALSE,FALSE,,,,
395660,0.411135167,6,1852-01-03,star,"A CLOSE SHAVE.—The ""Cape Town Mail"" has an account of an engagement with the Kaffirs, in which Major Horne, of the 12th regiment, had half of his whisker cut off by a ball. The officer observed, with the greatest sang froid, that ""it was a very close shave.""  VIRTUE.—Wealth, honour, and favour, may come upon a man by chance; nay! they may be cast upon him without so much as looking after them; but virtue is the work of industry and labour; and certainly 'tis worth the while to purchase that good which brings all others along with it.—SENECA.  FEES TO WAITERS.—The practice of extorting pence ostensibly as fees and remuneration for the services of waiters, is now prominently under public consideration at some of the City dining-rooms. The obnoxious tax has already been abolished at one of the largest establishments in Bucklersbury.",FALSE,FALSE,FALSE,FALSE,,,,
995854,0.407269001,6,1851-11-22,leader,"We learn on authority, which we know to be worthy of perfect trust, that, probably for his own purposes, Louis Napoleon has exaggerated the effect of Lord Palmerston’s communication. It is possible that Lord Palmerston may have written an indiscreet letter; we are not in a position to deny that he has done so; but we are inclined to believe that he did not take up a position so irretrievable as the Prince President, for his own purposes no doubt, would have his Austrian and Russian patrons believe. We are glad to retain this conviction; because our apprehension that the President’s Message would provoke a feeling of indignation and rage in the United States is confirmed by those whose judgment must be received as the highest possible authority. “The impulsive Republicans will be all abuse against “France” and “England.” Luckily, however, the Message will be accompanied across the Atlantic, or speedily followed, by an explanation of the purpose which is understood to have actuated the French protégé of Russia.",FALSE,FALSE,FALSE,FALSE,,,,
893143,0.393764436,6,1847-02-06,star,"Be wise in time. The only methods that can be really useful are, as far as may be, to diminish the general consumption of bread stuffs.  The consumption of bread stuffs in our distilleries, starch manufactories, and cotton mills, should be instantly prohibited by law, and speculation in those articles should be interdicted.  The Queen should issue her royal proclamation that it is necessary in every family to limit the use of bread stuffs in the kitchens, stables, and kennels—to absolute necessaries. Her Majesty should set the example by rigourously prohibiting the use of any kind of bread stuff in the royal household than can possibly be dispensed with: her royal favour should be withdrawn from all who refuse to make this sacrifice.  When we have survived this storm it will be wise always to hold a Government stock of at least 20,000,000 quarters of wheat. The union workhouses (which will be useless for their original purposes, if we wisely appreciate the lesson we are now taught) will make good national storehouses; they will then cease to be a national disgrace—they will be our glory.  Do not despise these hints—if the famine be real, the sacrifice must be universal—better to make that sacrifice while it is bearable than suffer it to work its own universal devastation.",FALSE,FALSE,FALSE,FALSE,,,,
635496,0.42820242,6,1840-02-29,star,"The Rev. W. Hill, Editor of the Northern Star.  We are sure that all we can say will add nothing to the simple, touching story of oppression told by this letter. We have sent Mr. Vincent whatever money we have received for him, and we must repeat our expectation that the country will not disgrace its name and character by failing in duty to this self-devoted man.",FALSE,FALSE,FALSE,FALSE,,,,
1085595,0.403988242,6,1853-04-16,leader,"* This is the policy adopted, at a respectful distance, by Mr. Archdeacon Denison and his co-obstructives.—R.D",FALSE,FALSE,FALSE,FALSE,,,,
1059334,0.427468181,6,1851-10-11,leader,"CHEAPER EDITIONS OF POPULAR WORKS.  TALES AND STORIES FROM HISTORY. By AGNES STRICKLAND. Sixth Edition. 1 vol. with Illustrations. 6s.  LIGHT IN DARKNESS: or, the RECORDS of a VILLAGE RECTORY. Fifth Edition, 2s. 6d.  POPULAR POEMS. Selected by B. PARKER. Third Edition, 2s. 6d.  London: John W. Parker and Son, West Strand.",FALSE,FALSE,FALSE,FALSE,,,,
233433,0.389515698,5,1850-03-23,star,"is aware that the present is a period of great excitement, and that the public mind is agitated by the most diverse and conflicting interests. Every one is aware that the present is a period of great excitement, and that the public mind is agitated by the most diverse and conflicting interests. Every one is aware that the present is a period of great excitement, and that the public mind is agitated by the most diverse and conflicting interests. Every one is aware that the present is a period of great excitement, and that the public mind is agitated by the most diverse and conflicting interests. Every one is aware that the present is a period of great excitement, and that the public mind is agitated by the most diverse and conflicting interests. Every one is aware that the present is a period of great excitement, and that the public mind is agitated by the most diverse and conflicting interests. Every one is aware that the present is a period of great excitement, and that the public mind is agitated by the most diverse and conflicting interests. Every one is aware that the present is a period of great excitement, and that the public mind is agitated by the most diverse and conflicting interests. Every one is aware that the present is a period of great excitement, and that the public mind is agitated by the most diverse and conflicting interests. Every one is aware that the present is a period of great excitement, and that the public mind is agitated by the most diverse and conflicting interests. Every one is aware that the present is a period of great excitement, and that the public mind is agitated by the most diverse and conflicting interests. Every one is aware that the present is a period of great excitement, and that the public mind is agitated by the most diverse and conflicting interests. Every one is aware that the present is a period of great excitement, and that the public mind is agitated by the most diverse and conflicting interests. Every one is aware that the present is a",FALSE,FALSE,FALSE,FALSE,,,,
1294796,0.370877296,5,1837-07-01,repo,"very midst of a certain elevation of neckcloth and powdered head, that it was impossible not to sympathise with his satisfaction, and be prepared to relish whatever taste he should be pleased to give us of his critical nicety. He had no rostrum, or desk, before him. All in that respect was open and above board; undisguised as his good faith; and as he walked to and fro, his shoes creaked a little.",FALSE,FALSE,FALSE,FALSE,,,,
138495,0.374188334,5,1843-05-13,star,"LEONI is a very small but neat place, with very fine high rolling land in the neighbourhood; there are also some clearings.  JACKSON has a population of 400. It has a large State prison. Here the mail was terminated. I made a short stay, then mounted a mule, which, taking my seat by the side of the driver. The day was very hot, and when we started the road was very steep, with dry sand; and as we proceeded up a hill we were all but stopped, particularly on the summit, by the immense quantity of dust. We then descended a precipice at a most alarming speed. The road was generally of this description in this neighbourhood, without form, but by no means void of stumps of trees. Brushwood very often touched the traces; while large blocks of stone and hills of earth bound together by roots were frequently met with. The ruts for the wheels were uneven and deep, while the trail for the horses was a most uneven affair. The full excellencies of this road, however, we did not discover until we came to the Corduroy Bridges, which often occur, when a creek, a river, or a marsh has to be crossed. They are formed by driving large trunks of trees into the ground at stated places, on the top of which they affix other large trees, transversely; and on these are rolled other trunks of trees to form the road. No regard is paid to the relative size of these trees; here you have one some eighteen inches in diameter, and the next some nine or twelve, and this too without a hatchet being put to them to flatten them. This sort of way we sometimes had for hundreds of yards together. The unevenness, the jolting, and the slipping of the horses' feet from want of secure footing caused me involuntarily to say",FALSE,FALSE,FALSE,FALSE,,,,
869768,0.370639652,5,1851-06-14,star,"the death of Gustave was the result of a chime I indeed suspected as much.—In what state were the mouth of Gustave and his face when you washed them? The mouth was half open, the lips The witness further stated that the Count was seized with vomitings which lasted throughout the night. A doctor was sent for. He came twice to go and see Gustave, to give him medical assistance, knowing all the while that he was dead.—President: You took out what was in the pockets of Gustave? Yes.—What did you find in them? A pocketbook, a purse, and some money.—Do you know whether Emerance carried any of these things to Madame? The pocketbook.—You were requested to scour the cruelties of Gustave with hot water? Yes; Madame told me, and she afterwards told me to burn them.—Why did she tell you to burn them? Madame said that she could not bear the sight of anything that had belonged to her unfortunate brother, Gustave Forgnie, because it was too painful to her.—And when you give her the other articles, the knife, the studs, the watch, the purse, and the pocketbook, did she say the same thing—did she say anything about removing them from her sight? She wished to throw the knife into the fire, but as to the other things, she took care to keep them. (Sensation in the court.) The witness added, that on the day after the death the Count had a quantity of papers burnt—a large box full.",FALSE,FALSE,FALSE,FALSE,,,,
1049632,0.363236606,5,1855-01-20,leader,"In a recent case, Sergeant Wilkins called on the jury, most touching terms, by their verdict to restore a soner to the bosom of his wife and family, and dwelt in great pathos on the effect the result of the trial would have for happiness or misery on those who are so near to him. When the learned sergeant sat down, bringing his forehead after his great effort, he was a little surprised to learn this touching allusion to wife and children had been made on behalf of a bachelor.—Sherne Mercury.",FALSE,FALSE,FALSE,FALSE,,,,
556257,0.360727966,5,1844-11-02,star,"without danger. I have been deputy for a twelvemonth to that part where the accident took place. There was always a strong current of air in those parts, as well as through the goaf; and it was considered quite safe to work with candles. There was a remarkably strong current of uninterrupted air, which enabled us to penetrate thirty or forty yards into the goaf. The air was still good, as I had ever known it. I suspect that no gas could come from the goaf into the headway. On further examination I discovered fissures in the bottom of the coal where the explosion had taken place. A body of gas was hanging over those fissures: next the roof. I cannot say the fissures had been caused by the explosion. I think they were caused by the “working” in the goaf. If a greater lapse of time had ensued before the explosion took place, the accident would have been far more serious as no doubt the gas was accumulating every moment. When Brown found symptoms of gas at the goaf, he did right in retreating to get into a good current of air. I should not, had I been in Brown’s situation, have thought it necessary to have put my candle out, when I expected, by retreating, to come into a purer current of air. Very strict orders are constantly given to the men, should the least danger appear, to put out their lighted candles, and take their lamps. I cannot form no opinion, nor can the most experienced man in the trade, how the late accident took place. Not the slightest reason whatever to expect gas where the accident took place; that is, any quantity sufficient to cause an explosion. The injury to the pit was very trifling; indeed, which shows that no great accumulation of gas had taken place. It is suspected that the fire had",FALSE,FALSE,FALSE,FALSE,,,,
274524,0.374201745,5,1838-07-21,star,"William Seller, 47, was indicted for the wilful murder of Francis Seller, on the 7th June, at Old Malton.  Messrs. Duxpas and Bluss were for the prosecution; Mr. Temple for the prisoner.  The facts of the case were these:—On the day in question, the prisoner, who lived with his grandmother and aunt, at a place called Rainbow House, wanted a razor to shave himself. His grandmother refused to let him have one, thinking he was not qualified to use it properly. The prisoner insisted upon having it, and became very violent. His grandmother still resisted, knowing that he was out of his mind; but he got it and commenced shaving. He then turned out his niece, who left her grandmother near him, struggling to obtain the razor; when she returned, her grandmother was sitting in a chair, with her clothes burning. Prisoner was then strolling about the lanes, near the house, saying he should be cursed and d——d for ever. Mr. Davy, a surgeon, was immediately sent for, who found the unfortunate woman burnt about the head and upper part of the back, and severely bruised on the breast and left side. In a few hours she died from the treatment she had received. When the surgeon was there, he was roaring out lustily, ""Lord help me,"" and seemed greatly distressed. Until within a few weeks of this time, the prisoner had shown the greatest affection and attention to his grandmother.  Mr. Davy gave it as his decided opinion that the prisoner was insane.  The Learned Judge then stopped the case, observing to the jury that there could be no doubt the man was at that time a maniac, and not responsible for his actions.",FALSE,FALSE,FALSE,FALSE,,,,
973734,0.356996983,5,1851-09-06,leader,"Lynch law is organized in California. The famous ""Committee of Vigilance"" have established themselves in San Francisco, and arrogated to themselves a power which has become formidable to the citizens. They passed a resolution signed ""No. 67 Secretary,"" of great significance, on July 5:—  ""Resolved.—That we, the Vigilance Committee, do claim to ourselves the right to enter any person or person's premises where we have good reason to believe that we shall find evidence to substantiate and carry out the object of this body; and further deeming ourselves engaged in good and just cause, we intend to maintain it.""  This Committee are 700 in number; they sit day and night; and their proceedings are as secret as those of the Vehmegericht of the Rhine some four hundred years ago. They summon citizens by the tolling of a fire-bell, and hang their victims without public trial. They forbid suits to be carried on. In the latter respect their power has been resisted, and the next mail will probably show whether successfully or not.",FALSE,FALSE,FALSE,FALSE,,,,
372294,0.362012118,5,1852-08-07,star,"A small association of sixteen persons left New York a week or two since for Wisconsin, with a view of carrying on agriculture and mechanic arts in some part of that State, probably in Washington County, upon co-operative principles. The members of this little band were mostly of French and German origin; and they go out to make a beginning, with the idea that others will join them as they advance. Of the sixteen, eight were men, four women, and four children; they carried with them a good supply of tools, and a small capital; each will retain his private property; and they hope by combining their efforts and by the greater economy of living as one family, to show something handsome as the product of the first year's exertions. The profits they will divide equally, and the care of the sick will be borne by the community at large, which they call, La Grande famille [The Great Family.]",FALSE,FALSE,FALSE,FALSE,,,,
921129,0.388755083,5,1856-05-03,leader,", the Earl of Lucan, not only by his position, but by his character. Thus, the late General of Cavalry, the Earl of Lucan, not only by his position, but by his character. Thus, the late General of Cavalry, the Earl of Lucan, not only by his position, but by his character. Thus, the late General of Cavalry, the Earl of Lucan, not only by his position, but by his character. Thus, the late General of Cavalry, the Earl of Lucan, not only by his position, but by his character. Thus, the late General of Cavalry, the Earl of Lucan, not only by his position, but by his character. Thus, the late General of Cavalry, the Earl of Lucan, not only by his position, but by his character. Thus, the late General of Cavalry, the Earl of Lucan, not only by his position, but by his character. Thus, the late General of Cavalry, the Earl of Lucan, not only by his position, but by his character. Thus, the late General of Cavalry, the Earl of Lucan, not only by his position, but by his character. Thus, the late General of Cavalry, the Earl of Lucan, not only by his position, but by his character. Thus, the late General of Cavalry, the Earl of Lucan, not only by his position, but by his character. Thus, the late General of Cavalry, the Earl of Lucan, not only by his position, but by his character. Thus, the late General of Cavalry, the Earl of Lucan, not only by his position, but by his character. Thus, the late General of Cavalry, the Earl of Lucan, not only by his position, but by his character. Thus, the late General of Cavalry, the Earl of Lucan, not only by his position, but by his character. Thus, the late General of Cavalry",FALSE,FALSE,FALSE,FALSE,,,,
50230,0.352755517,4,1846-10-10,star,"Lynbs.—Rather more business has been done in the Cloth-halls this week than last, but there is no material",FALSE,FALSE,FALSE,FALSE,,,,
1254714,0.319654584,4,1816-08-02,repo,"It was in contemplation at the last Anniversary to authorize Messrs. Wright and Cooper to derote the spring and summer of the present year to a mission into Ireland, recommended by a respectable subscriber at Dublin. Upon mature consideration however and further correspondence with the gentleman referred to, it was deemed expedient to drop the design for the present. As the Committee never doubt of the sanctions of the Society to any scheme which requires or indicates equal, so neither do they question their concurrence in any measure of prudence.",FALSE,FALSE,FALSE,FALSE,,,,
6274,0.341127396,4,1863-03-02,ewj,"LONDON:  THE TIMES.  TUESDAY, JANUARY 1, 1805.  (PRINTED AT LONDON, BY WILLIAM STOWE, NEW COURT, SNOW-HILL.)  THE LONDON GAZETTE.  EXTRAORDINARY.  [Extract of a Letter from the Commander of the Fleet.]  ...",FALSE,FALSE,FALSE,FALSE,,,,
82862,0.347331136,4,1845-05-10,star,"done to it in a whole page of description. Around the entire circuit are recesses occupied by equestrian and other groups of sculpture, colossal figures, historical and allegorical subjects, busts, &c., all of them the production of contemporary artists, Laily, Carew, the Wyatts, Ter-nouth, and others. Many of these productions are in marble. The rich velvet couches in the rotunda are resplendent in gold and embroidery; the most refined and luxurious taste everywhere presiding. And then, from the park vestibule, passing the fountain to the south of the lodge, we wander through a maze of conservatories, abounding in rare plants, trees, and choice exotics; with birds of song in cages, gold and silver fish in globes and vases, and innumerable other objects to claim the eye. The decorations are in the richest style of arabesque—the whole vividly recalling to our imagination the euclanted gardens of Armida, or those not less fascinating of the Alhambra. Another of the wonders of the scene, setting at defiance all powers of description, is the "" Aviary,"" with its magical mirrors, its birds, its fish, and a thousand other charms. Hence we proceed to notice the ruins, the awful grandeur of which constitutes a scene of romantic sublimity such as Byron alone could adequately describe. Amongst the ruins may be particularly mentioned those of the Temple of Venus, the Parthenon, a Roman Fountain, the Arch of Titus, the Temple of Vesta, the Temple of Theseus, some portions of the Parthenon, and the Temple of the Sibyls at Terni. There is an air of antiquity, a semblance of truth, about these ruins which cannot be imagined without ocular demonstration. The remains of the fresco paintings on the",FALSE,FALSE,FALSE,FALSE,,,,
1016004,0.317905694,4,1856-05-31,leader,"solves to be confounded with the assassin who seeks in the poniard the sole enforcement of responsibility which the slave possesses against the despot; the other, that to carry out the emancipation of Italy the Italian people demand rally round that Italian Government which has ruled its own people in cooperation with that people, and which has appealed to the whole Italian race by its acts as well as by its words.",FALSE,FALSE,FALSE,FALSE,,,,
1198914,0.330888718,4,1884-03-15,circ,"To the Proprietors of Newspapers and Weekly and Monthly Periodicals.  MESSRS. W. H. & L. COLLINGRIDGE possess unusual facilities for the production of the best class of Newspaper and Periodical work—the several Departments of Composing, Machining, Rolling, Folding, Stereotyping, &c., being carried on in their New Premises, thus ensuring both SPEED and ECONOMY.  A large stock of high-class Engravings, suitable for Periodical Illustration, is available for the use of their customers upon very advantageous terms.  City Press, 148 & 149 Aldersgate Street, and New Street Works, Cloth Fair, London, E.C.  Important to Bookbinders, Account Book Manufacturers, and Fancy Stationers.  R. C. MACKAY  Begs to announce that he has just completed his New and Much Improved  GOLD LETTERING MACHINE,  For Lettering of all kinds, upon any Material, without the use of Glaire.  Great Reduction of Heat; Brass Type superseded by the ordinary Letterpress Type, thereby ensuring greater accuracy and a much better style of Lettering. The Work of Two Days by the Old Process accomplished in Four Hours by the New with this Machine. This new Machine is specially adapted for Stamping Name and Address of Purchaser upon Pares, Pocket Books, &c., and Initials upon Albums, Prayer Books, Bibles, &c.",FALSE,FALSE,FALSE,FALSE,,,,
16302,0.326409459,4,1850-03-23,star,THE LIBRARY AND SCIENTIFIC INSTITUTION JOHN STREET BRISTOL,FALSE,FALSE,FALSE,FALSE,,,,
194812,0.34585157,4,1843-02-25,star,"Hannah Newhill and Betsey Wrathmell, of Bradford, Yorkshire, tea-dealers. John Smith and John Smithwaite, of Leeds, coppersmiths. James Wake and Jonathan Sissons, of Sutton and Goole, Yorkshire, ship-builders. Joseph Williamson and Isaac Worthington, of Manchester, card-makers. John Bancroft Bayley and Edwin Bancroft Bayley, of Pendleton, Lancashire, woollen stuff printers. William Wilson, and Charles Wilson, of Wakefield, Yorkshire, painters. John Schofield and Joseph McCartney, of Manchester, tea-dealers. James Dalglish and Robert Wm. Dalglish, of Liverpool, merchants. Matthew Pennington and Richard Pennington, of Huddersfield, joiners. John Harrison and John Pearson, of Liverpool, merchants.",FALSE,FALSE,FALSE,FALSE,,,,
209216,0.331184357,4,1851-11-15,star,"The death of Mr. Matthias Attwood, the celebrated banker, which took place on Tuesday at the lamented gentleman's residence, on Dulwich-hill, will be received with deep regret by monetary reformers of all classes throughout the length and breadth of the land.",FALSE,FALSE,FALSE,FALSE,,,,
756872,0.354602605,4,1845-11-22,star,"Mr. Smith had no sooner read the letter addressed to himself and the address upon the other, than he proceeded with all possible expedition to the King's-land-road, with great misgivings as to the fate of his passenger, whom he never expected to see alive again, supposing that he had been liberated by the policeman, and that he had sought his death some other way. On reaching the house No. 3, Beauvoir-terrace, he made known his errand as delicately as possible to Mrs. Palmer, who at first denied that he had been there.",FALSE,FALSE,FALSE,FALSE,,,,
209315,0.298003256,3,1839-08-17,star,"in no instance will it be delayed. [blotted the Government]. Here is the plain English of the matter. The paper is to be sold at the lowest price, and in no instance will it be delayed. [blotted the Government]. Here is the plain English of the matter. The paper is to be sold at the lowest price, and in no instance will it be delayed. [blotted the Government]. Here is the plain English of the matter. The paper is to be sold at the lowest price, and in no instance will it be delayed. [blotted the Government]. Here is the plain English of the matter. The paper is to be sold at the lowest price, and in no instance will it be delayed. [blotted the Government]. Here is the plain English of the matter. The paper is to be sold at the lowest price, and in no instance will it be delayed. [blotted the Government]. Here is the plain English of the matter. The paper is to be sold at the lowest price, and in no instance will it be delayed. [blotted the Government]. Here is the plain English of the matter. The paper is to be sold at the lowest price, and in no instance will it be delayed. [blotted the Government]. Here is the plain English of the matter. The paper is to be sold at the lowest price, and in no instance will it be delayed. [blotted the Government]. Here is the plain English of the matter. The paper is to be sold at the lowest price, and in no instance will it be delayed. [blotted the Government]. Here is the plain English of the matter. The paper is to be sold at the lowest price, and in no instance will it be delayed. [blotted the Government",FALSE,FALSE,FALSE,FALSE,,,,
1040136,0.287636757,3,1858-05-29,leader,"While Stoicism passed away the Stoical spirit has continued, and still continues to reproduce itself in the world. This spirit, in its extremest form, animates the various religious ascetics—Falkirs, Trappists, and the like. The Society of Jesus, like the school of the stoics, was founded by those the intensity of whose moral will was more prominent than the fineness of their intellect. The parallel presented by Calvinism in its external gloom and its high necessitarianism, to the Stoical system, has been already hinted at, and might be followed out at length. The Puritans stood to the Cavaliers much as the Stoics to the Epicureans. We might say that changing sites, the same spirit manifested itself in the recurring austerities of the High-church party, only here the attention to ceremonial showed a susceptibility to what is external alien from the Stoical tendency. Stoicism is essentially abstract; hence it is ungenial to the imagination and unfavourable to poetry. While the Epicurean school could boast of Lucretius as their poet, the ancient Stoics had only the crabbed satires of Persius, and the rhetorical verses of Lucan to set against him. In modern times two great works of the imagination have been claimed for the Stoical side, that is, for the Puritans; namely, Bunyan's Pilgrim's Progress, and Milton's Paradise Lost. These works coming from such a source must be said to be exceptional; though in the last resort no form of our religion is to be treated as if absolutely the Stoicism, or absolutely wanting in the objective element. However, in each of the works in question, traces of the spirit to which we refer can be readily traced: in Bunyan",FALSE,FALSE,FALSE,FALSE,,,,
1050109,0.285394609,3,1855-06-02,leader,"Respecting the rights of property, a Zouave's ideas are not quite correct: he would steal anything to eat or drink, in an impudent, dashing sort of way, without the smallest compunction; but then he would walk twenty miles through a bog in a snow-storm to return it, if he found out afterwards that he had stolen it from any-body entitled to his peculiar sympathy, or if his feelings became subsequently interested about them—or, perhaps, even for a whim. He likes brigandage more from the danger and bravado of it, than from any substantial advantages which he may hope to reap; for if you meet him with his hands full of no matter what, that he may just have become possessed of at the most dreadful risk, his first object and anxiety appears to be how he shall get rid of his burden, to set out again immediately in chase of something else. If any one has ever shown him the smallest kindness, he will pay it with the most surprising magnificence. For a pipe of tobacco supplied to him at some forgotten time of need, or for a drop out of a brandy-flask, he would return a casket of jewels snatched from a general's baggage in a town given over to plunder. When he has conferred a benefit on anybody, he is apt to disappear with great agility, or even perhaps to do or say something offensive, in his anxiety to avoid thanks; and he would never thrive with such determined perseverance as when foraging for a sick Englishman: ""Car ces Jean Boule, voyez vous, ça ne sait rien ça ne sait pas s'arranger comme nous autres; ça ne sont que des zingains, puis ça nous zaine! c'est nom de chien comme ça",FALSE,FALSE,FALSE,FALSE,,,,
600982,0.29357776,3,1849-05-26,star,"H A T S I H A T S I H A T S I  [ Books, in all branches of Literature, or Publication, No. 8. ]  [ Printed and Published by C. L. F. H. ]  [ In 3M48, to exceed the QUADRUPLED of a [ memorandum with the particulars of those H S  [ Books, in all branches of Literature, or Publication, No. 8. ]  [ Printed and Published by C. L. F. H. ]  [ In 3M48, to exceed the QUADRUPLED of a [ memorandum with the particulars of those H S  [ Books, in all branches of Literature, or Publication, No. 8. ]  [ Printed and Published by C. L. F. H. ]  [ In 3M48, to exceed the QUADRUPLED of a [ memorandum with the particulars of those H S",FALSE,FALSE,FALSE,FALSE,,,,
39276,0.292928785,3,1841-01-30,star,"We can abstain from all intoxicating drinks with ease and benefit, even at those critical times when they have hitherto been considered most needful and supposedly necessary. Some of us have proved it by actual experience; therefore you may safely rely upon our testimony.  Surely, we have been hitherto considered inferior to men in powers of intellect, and truly the want of proper education has made us appear so; but we much doubt whether this would have been the case had we possessed the same opportunities of acquiring a proper education which the other sex has enjoyed. Let us attempt to remove this reproach, by embracing every opportunity of cultivating and improving our minds, and we trust you will not be too easily entrapped by this, that you may be able to impart a sound education to your offspring, and train their minds in the way of truth and virtue.  Be not discouraged at your want of ability and knowledge; close application and perseverance will achieve under difficulties. The one-half of mankind acquire their knowledge under difficulties. Perhaps at no former period has the female character exhibited so much brilliancy of talent, as in the present day. The press teems with valuable writings, productions of women. Remember, if we bestir ourselves in these matters, our husbands cannot keep us in the background; pride will stimulate them to excel us. Then how delightful it will be to see a happy strife between husband and wife, trying to outdo each other in knowledge and morality!  It is a folly for men to complain of misery and misery, who make no effort to remove it. Let us urge husbands, sons, and brothers to throw off their burden, the heavy tax on that filthy weed, tobacco, by abstaining from it.  We trust the printers of this paper will class them with the sons of liberty, and give them a place in the list of patriots.",FALSE,FALSE,FALSE,FALSE,,,,
382853,0.287244827,3,1839-12-21,star,"Some of the necessary consequences of this marketless clause have already made their appearance. A very eminent distiller in Cork, who, this time last year, was obliged to borrow some puncheons of whisky from his brother distiller, in order to meet the demands of his customers, had actually last week sold a hundred puncheons of spirits in his stores, for which he saw no requirement, and which he had been obliged to buy at a price of a penny per barrel. The trade was very lively, and the distiller was determined with all his might to make the most of the opportunity. He sold his stock in advance in order to have the pre-emption to withdraw their capital in the event of the market falling. He was so successful in his efforts that he sold the whole of his stock at a profit of £100.",FALSE,FALSE,FALSE,FALSE,,,,
585311,0.309835821,3,1852-03-06,star,"Such being the man, he resolved now to hurl Louis Philippe from his throne, and occupy it himself. For his period of assault he chose the 30th of October, 1836. He has himself, in a long letter to his mother, (to be found in these volumes, and worthy of perusal,) narrated the event. How he addressed the soldiers—how he displayed ""the eagle of Austerlitz""—how he proclaimed, ""Frenchmen, everything that is established without your authority is illegitimate""—how a few soldiers cried ""Vive l'Empereur""—how, after wavering, the troops obeyed their officers, and took Louis Napoleon prisoner, after some of them had desired to bayonet him—are narrated at full length, with the garrulity of self-importance.—This escapade of his was visited with singular clemency. Its gravest obloquy was the ridicule of Paris. Louis Philippe displayed great forbearance and magnanimity under the circumstances. The young adventurer was sent off at once to the United States:—where we enter on the next period of his eventful story.",FALSE,FALSE,FALSE,FALSE,,,,
68595,0.268684953,3,1848-11-18,star,"Dropsy Dysentery Erythema Fever of all kinds Sold at the establishment of Professor Holloway, 241. Strand, near Temple Bar, London, and by all respectable Drugists and Dealers in Medicines throughout the civilized world, at the following prices:—1s. 1d., 2s. 9d., 4s. 5d., 11d., 22s., and 33s. each box. There is a considerable saving by taking the larger sizes.  N.B.—Directions for the guidance of patients in every disorder are affixed to each box.  Files Rheumatism Retention of Urine Stone and Gravel  Worms, all kinds Weakness, from whatever cause &c., &c.",FALSE,FALSE,FALSE,FALSE,,,,
993839,0.291805297,3,1853-08-20,leader,"As the Russian Court has attacked the system of provinces in the point which immediately affects the power possessed of Sovereignty in them—in a word, in its very foundations—the Sublime Porte sees clearly, that in this state of things the exercise of rightful authority in a manner due to its holy and uncontroverted rights, is impossible in the Principalities of Moldavia and Wallachia. The Sublime Porte has therefore determined that your Highness, as well as his Highness the Prince of Moldavia, shall for the present quit the provinces, and this order has also been officially communicated to the Great Powers. You must, therefore, as is due to commands issuing from the Imperial throne, quit the provinces immediately; and should it happen that you act contrary to these orders, the Sublime Porte will adopt such measures as shall appear suitable and conducive to its interest on the occasion.  I gladly embrace this opportunity, &c.",FALSE,FALSE,FALSE,FALSE,,,,
196635,0.309512198,3,1843-03-04,star,"with much kindness. The Duke has also been presented to the Prince Royal, and has been received by him with great courtesy. The Duke has been received by the Emperor with great distinction, and the Emperor has shown him every attention. The Duke has been presented to the Empress, and has been received by her with much kindness. The Duke has also been presented to the Prince Royal, and has been received by him with great courtesy. The Duke has been received by the Emperor with great distinction, and the Emperor has shown him every attention. The Duke has been presented to the Empress, and has been received by her with much kindness. The Duke has also been presented to the Prince Royal, and has been received by him with great courtesy. The Duke has been received by the Emperor with great distinction, and the Emperor has shown him every attention. The Duke has been presented to the Empress, and has been received by her with much kindness. The Duke has also been presented to the Prince Royal, and has been received by him with great courtesy. The Duke has been received by the Emperor with great distinction, and the Emperor has shown him every attention. The Duke has been presented to the Empress, and has been received by her with much kindness. The Duke has also been presented to the Prince Royal, and has been received by him with great courtesy. The Duke has been received by the Emperor with great distinction, and the Emperor has shown him every attention. The Duke has been presented to the Empress, and has been received by her with much kindness. The Duke has also been presented to the Prince Royal, and has been received by him with great courtesy. The Duke has been received by the Emperor with great distinction, and the Emperor has shown him every attention. The Duke has been presented to the Empress, and has been received by her with much kindness. The Duke has also been presented to the Prince Royal, and has been",FALSE,FALSE,FALSE,FALSE,,,,
1157489,0.254893273,2,1880-12-15,circ,"From John Murray.—'Duty: with Illustrations of Courage, Patience, and Endurance,' by Samuel Smiles, L.L.D. The distinguishing feature of Mr. Smiles's authorship is that he gives us good books, full of the wisest lessons of experience. For more than twenty years his 'Self-Help' has been exerting a most beneficial influence upon the minds of those who have to make their way in the world. Then followed 'Character,' then 'Thrift,' and now we have 'Duty,' which is announced as the last book of the series. Mr. Smiles's plan in each of these books is to draw, from that vast range of biographical literature with which he is so thoroughly and usefully acquainted, the most entertaining anecdotes and bits of information, weaving these together under their respective general subjects with pleasant twining of his own thought, and introducing each chapter with a readable essay of advice in forcible style. The great lesson which Mr. Smiles inculcates in 'Duty' is that it demands courage, but it also teaches us to be kind and good. He does this with a combination of simplicity and earnestness that commands the warmest admiration.  From Messrs. O. Kegan Paul & Co.—'The New Werther.' We think that many of those to whom Goethe's Werther is interesting as an expression of the Sturm und Drang of its time, will be tempted into reading the 'New Werther,' if only for the kinship implied by the name. We put",FALSE,FALSE,FALSE,FALSE,,,,
996124,0.261927843,2,1855-06-16,leader,"Neroonian works in the Bois de Boulogne. But when all these works are finished, or when money runs short, what will be done then?  Literature and publishers are doing indifferently well. The Academy, living on its laurels, has just given a prize of 3000 francs to an able treatise on the works of Laviy. The author is a young man of twenty-seven, a resigned professor, M. Taine, a man of large and liberal intelligence. The Société des Gens de Lettres has divided into four prizes a sum of 10,000 francs offered by an ""Anon."" This ""Anon."" is M. Louis Véron, who pays his welcome to the Society in this form. It is to be feared, however, that the eminent apothecary's 10,000 francs will scarcely provide bread for all the men of letters who are starving in the Bois de Boulogne.  The artists have remarked that the Emperor, after having opened in person the Industrial Exposition, had not honoured with his presence the opening of the Exposition of Fine Arts: it",FALSE,FALSE,FALSE,FALSE,,,,
900066,0.24915351,2,1839-05-25,star,"of the [2. Directory, Miseries] and all the agencies of the [2. Directory, Miseries] and all the agencies of the [2. Directory, Miseries] and all the agencies of the [2. Directory, Miseries] and all the agencies of the [2. Directory, Miseries] and all the agencies of the [2. Directory, Miseries] and all the agencies of the [2. Directory, Miseries] and all the agencies of the [2. Directory, Miseries] and all the agencies of the [2. Directory, Miseries] and all the agencies of the [2. Directory, Miseries] and all the agencies of the [2. Directory, Miseries] and all the agencies of the [2. Directory, Miseries] and all the agencies of the [2. Directory, Miseries] and all the agencies of the [2. Directory, Miseries] and all the agencies of the [2. Directory, Miseries] and all the agencies of the [2. Directory, Miseries] and all the agencies of the [2. Directory, Miseries] and all the agencies of the [2. Directory, Miseries] and all the agencies of the [2. Directory, Miseries] and all the agencies of the [2. Directory, Miseries] and all the agencies of the [2. Directory, Miseries] and all the agencies of the [2. Directory, Miseries] and all the agencies of the [2. Directory, Miseries] and all the agencies of the [2. Directory, Miseries] and all the agencies of the [2. Directory, Miseries] and all the agencies of the [2. Directory, Miseries] and all the agencies of the [2. Directory, Miseries] and all the agencies of the [2. Directory",FALSE,FALSE,FALSE,FALSE,,,,
701729,0.266745955,2,1848-04-01,star,"very apt pupil, I soon became a very good bookseller. The next step was to learn the rudiments of the bookseller's trade, and, as I was a very apt pupil, I soon became a very good bookseller. The next step was to learn the rudiments of the bookseller's trade, and, as I was a very apt pupil, I soon became a very good bookseller. The next step was to learn the rudiments of the bookseller's trade, and, as I was a very apt pupil, I soon became a very good bookseller. The next step was to learn the rudiments of the bookseller's trade, and, as I was a very apt pupil, I soon became a very good bookseller. The next step was to learn the rudiments of the bookseller's trade, and, as I was a very apt pupil, I soon became a very good bookseller. The next step was to learn the rudiments of the bookseller's trade, and, as I was a very apt pupil, I soon became a very good bookseller. The next step was to learn the rudiments of the bookseller's trade, and, as I was a very apt pupil, I soon became a very good bookseller. The next step was to learn the rudiments of the bookseller's trade, and, as I was a very apt pupil, I soon became a very good bookseller. The next step was to learn the rudiments of the bookseller's trade, and, as I was a very apt pupil, I soon became a very good bookseller. The next step was to learn the rudiments of the bookseller's trade, and, as I was a very apt pupil, I soon became a very good bookseller. The",FALSE,FALSE,FALSE,FALSE,,,,
921109,0.235693112,2,1856-05-03,leader,"VOL. VII. No. 319. SATURDAY, MAY 3, 1856. PRICE UNSTAMPED...FIVEPENCE. STAMPED........SKIPPENCE.",FALSE,FALSE,FALSE,FALSE,,,,
68486,0.253240705,2,1848-04-29,star,"the stomach of the deceased, and who had found no trace of poison in it. The Coroner also stated that he had received a letter from Dr. Bronte, of Bradford, who had examined the stomach of the deceased, and who had found no trace of poison in it. The Coroner also stated that he had received a letter from Dr. Bronte, of Bradford, who had examined the stomach of the deceased, and who had found no trace of poison in it. The Coroner also stated that he had received a letter from Dr. Bronte, of Bradford, who had examined the stomach of the deceased, and who had found no trace of poison in it. The Coroner also stated that he had received a letter from Dr. Bronte, of Bradford, who had examined the stomach of the deceased, and who had found no trace of poison in it. The Coroner also stated that he had received a letter from Dr. Bronte, of Bradford, who had examined the stomach of the deceased, and who had found no trace of poison in it. The Coroner also stated that he had received a letter from Dr. Bronte, of Bradford, who had examined the stomach of the deceased, and who had found no trace of poison in it. The Coroner also stated that he had received a letter from Dr. Bronte, of Bradford, who had examined the stomach of the deceased, and who had found no trace of poison in it. The Coroner also stated that he had received a letter from Dr. Bronte, of Bradford, who had examined the stomach of the deceased, and who had found no trace of poison in it. The Coroner also stated that he had received a letter from Dr. Bronte, of Bradford, who had examined the stomach of the deceased, and who had found no trace of poison in it. The Coroner also stated that he had received a letter from Dr. Bronte,",FALSE,FALSE,FALSE,FALSE,,,,
504229,0.262155175,2,1843-04-29,star,"Malton, Jan. 30, 1843.  Gentlemen,—Though it is but a very short time since I last wrote for a supply of Parr’s Life Pills, I find that owing to an astonishing increase in the sale of them, I am again compelled to request you to send me twenty dozen of the small, as also a supply of the large size. I should wish you to forward them by railway to York, thence by carrier, as early as possible, as I am afraid my present stock will be exhausted before they reach me. I enclose you the case of a person who resides in Malton, and whose testimony may be relied upon as being strictly correct. This is but one case selected from an almost incredible number of others, which have come under my notice, in which cures have been effected by the use of Parr’s Life Pills. Many highly respectable persons in this neighbourhood, who previously to the introduction of Parr’s Life Pills had a decided dislike to Patent Medicines, are now thankful that they are able to add their testimonials to the beneficial effects of these pills. By forwarding me, without delay, the quantity of pills as ordered above, you will oblige,  Gentlemen, yours, respectfully,  J. WRANGHAM.",FALSE,FALSE,FALSE,FALSE,,,,
391492,0.214841172,2,1843-03-18,star,"price 4s. 6d. can be had of any of the following agents, with printed directions so plain, that they may cure themselves without even the knowledge of a bed-fellow.  They are, particularly recommended to be taken before persons enter into the matrimonial state, lest the indiscretions of a parent are the source of vexation to him the remainder of his existence, by afflicting his innocent but unfortunate offspring with the evil eruptions of the malignant tendency, and a variety of other complaints, that are most assuredly introduced by the same neglect and imprudence.",FALSE,FALSE,FALSE,FALSE,,,,
21218,0.261218816,2,1845-05-24,star,"THE LONDON GAZETTE.  FRIDAY, JUNE 15, 1849.  THE LONDON GAZETTE.  FRIDAY, JUNE 15, 1849.  THE LONDON GAZETTE.  FRIDAY, JUNE 15, 1849.  THE LONDON GAZETTE.  FRIDAY, JUNE 15, 1849.  THE LONDON GAZETTE.  FRIDAY, JUNE 15, 1849.  THE LONDON GAZETTE.  FRIDAY, JUNE 15, 1849.  THE LONDON GAZETTE.  FRIDAY, JUNE 15, 1849.  THE LONDON GAZETTE.  FRIDAY, JUNE 15, 1849.  THE LONDON GAZETTE.  FRIDAY, JUNE 15, 1849.  THE LONDON GAZETTE.  FRIDAY, JUNE 15, 1849.  THE LONDON GAZETTE.  FRIDAY, JUNE 15, 1849.  THE LONDON GAZETTE.  FRIDAY, JUNE 15, 1849.  THE LONDON GAZETTE.  FRIDAY, JUNE 15, 1849.  THE LONDON GAZETTE.  FRIDAY, JUNE 15, 1849.  THE LONDON GAZETTE.  FRIDAY, JUNE 15, 1849.",FALSE,FALSE,FALSE,FALSE,,,,
1287330,0.216747835,2,1825-07-02,repo,"You must have heard of Infidel doctrines and books, but I do not know any Antichristian creed, which has been so deceitfully introduced, and so systematically taught, as that which is contained in a work called “Hours of Devotion;” first published in 1807, in eight volumes, in German, and which has gone through ten editions, and been translated into French and Danish. It is with many their Bible—the instrument to promote true Christianity! I will give only one sentence as a specimen.",FALSE,FALSE,FALSE,FALSE,,,,
387106,0.143367067,1,1848-07-29,star,"Bristol, Bristol, and Bristol), Bristol (via Taunton, Bristol, Bristol, Bristol, Bristol, Bristol, Bristol, Bristol, Bristol, and Bristol), Bristol (via Wells, Bristol, Bristol, Bristol, Bristol, Bristol, Bristol, Bristol, Bristol, and Bristol), Bristol (via Exeter, Bristol, Bristol, Bristol, Bristol, Bristol, Bristol, Bristol, Bristol, and Bristol), Bristol (via Bridgwater, Bristol, Bristol, Bristol, Bristol, Bristol, Bristol, Bristol, Bristol, and Bristol), Bristol (via Salisbury, Bristol, Bristol, Bristol, Bristol, Bristol, Bristol, Bristol, Bristol, and Bristol), Bristol (via Bath, Bristol, Bristol, Bristol, Bristol, Bristol, Bristol, Bristol, Bristol, Bristol, and Bristol), Bristol (via Taunton, Bristol, Bristol, Bristol, Bristol, Bristol, Bristol, Bristol, Bristol, Bristol, and Bristol), Bristol (via Wells, Bristol, Bristol, Bristol, Bristol, Bristol, Bristol, Bristol, Bristol, Bristol, and Bristol), Bristol (via Exeter, Bristol, Bristol, Bristol, Bristol, Bristol, Bristol, Bristol, Bristol, Bristol, and Bristol), Bristol (via Bridgwater, Bristol, Bristol, Bristol, Bristol, Bristol, Bristol, Bristol, Bristol, Bristol, and Bristol), Bristol (via Salisbury, Bristol, Bristol, Bristol, Bristol, Bristol, Bristol, Bristol, Bristol, Bristol, and Bristol), Bristol (via Bath, Bristol, Bristol, Bristol, Bristol, Bristol, Bristol, Bristol, Bristol, Bristol, Bristol, and Bristol), Bristol (via Taunton, Bristol, Bristol, Bristol, Bristol, Bristol, Bristol, Bristol, Bristol, Bristol, Bristol, and Bristol), Bristol (via Wells, Bristol, Bristol, Bristol, Bristol, Bristol, Bristol, Bristol, Bristol, Bristol, Bristol,",FALSE,FALSE,FALSE,FALSE,,,,
175179,0.205102637,1,1843-11-11,star,"Although a newspaper is not the ordinary channel for the expression of opinion upon the merits of a medical work, this remark is open to exception in any instance where the public, and not the isolated and exclusive members of the profession, are the parties addressed. Upon that which is directed to men indiscriminately, the world will form its own opinion, and will demand that medical works for popular study should be devoid of that mysterious technicality in which the science of medicine has hitherto shrouded its own ignorance. The work before us treats of subjects we believe generally, yet very strangely, neglected by the medical attendant, and requiring doubtlessly (as in operative midwifery and the surgery of the eye) an entire devotedness to a deeply important branch of study. The tone of this book is highly moral, and it abounds in well-written, harrowing, yet correct displays of the suffering consequent upon unbridled sensualism. No human being can be the worse for its perusal; to multiply it must prove a warning beacon, a well-told appeal to reason, a permanent blessing. It is written in a clear intelligible style, and is evidently the production of a mind long and practically conversant with the diseases of the most delicate division of the human organization.”—The Magnet.  “The security of happiness in the marriage state is the chief anxiety of all; but many dread entering upon wedded union, through a secret fear of unfitness for the discharge of matrimonial obligations. This essay is most particularly addressed to all suffering under a dependency of the character alluded to; and advice will be found calculated to cheer the drooping heart, and point the way to renovated health.",FALSE,FALSE,FALSE,FALSE,,,,
236383,0.07148578,1,1851-07-12,star,"., J. B. Angerstein, jun., jun., jun., J. B. Angerstein, jun., jun., jun., J. B. Angerstein, jun., jun., jun., J. B. Angerstein, jun., jun., jun., J. B. Angerstein, jun., jun., jun., J. B. Angerstein, jun., jun., jun., J. B. Angerstein, jun., jun., jun., J. B. Angerstein, jun., jun., jun., J. B. Angerstein, jun., jun., jun., J. B. Angerstein, jun., jun., jun., J. B. Angerstein, jun., jun., jun., J. B. Angerstein, jun., jun., jun., J. B. Angerstein, jun., jun., jun., J. B. Angerstein, jun., jun., jun., J. B. Angerstein, jun., jun., jun., J. B. Angerstein, jun., jun., jun., J. B. Angerstein, jun., jun., jun., J. B. Angerstein, jun., jun., jun., J. B. Angerstein, jun., jun., jun., J. B. Angerstein, jun., jun., jun., J. B. Angerstein, jun., jun., jun., J. B. Angerstein, jun., jun., jun., J. B. Angerstein, jun., jun., jun., J. B. Angerstein, jun., jun., jun",FALSE,FALSE,FALSE,FALSE,,,,
10125,0.16735135,1,1861-02-01,ewj,"When it pleased God to frame this world to be the dwelling place of man, He ordained laws for its government and preservation; and at the dawn of that day, when man first drew into his nostrils the breath of life, became a living soul, and walked in the garden of Eden, his happiness only equalled by his innocence, God acknowledged the perfection of the completed creation, and ""Behold, it was very good."" Though man fell, nevertheless the law remained, and the inequality produced by sin was occasioned, not by the corruption of the law but of the individual; as sin caused and causes spiritual declension, so physical suffering is the sign of moral degradation. There is a meaning and a deep one in the permission of evil to affect man. Thus, insanity, in common with other diseases, is always the consequence of deflection. The victim may be innocent, and the error may be in his progenitor, yet the cause can be always traced to a source. Profane writers dimly acknowledged this truth; and Fate, which was even superior to the will of the gods, is synonymous with what Revelation teaches of that Divine justice, which must be satisfied, though Deity Himself descended to do so. OEdipus, innocent and unconscious of crime, was yet condemned to suffer. Wherefore? Because the guilt of his mother was heinous in its intensity, and transmitted to her child a heritage of woe. Ancient writers further taught that retribution extended beyond this life. OEdipus endured in Tartarus the torments due to crimes such as his, unintentional though they were, and bequeathed to his offspring the legacy of misery. Two of his children, Polynices and Eteocles, were mutual fratricides; and his daughters Ismene and Antigone were condemned to die a violent death on the specious pretext",FALSE,FALSE,FALSE,FALSE,,,,
139014,0.162238941,1,1838-08-11,star,"MRS. YOUNG'S FEMALE PILLS happily adapted for those peculiar complaints incident to females at particular periods of life. Price is 1d. per box, duty included, and large boxes containing six of the smaller, at 4s. 6d.  Sold wholesale also by Messrs. Newbery & Sons, 45, St. Paul's Church Yard; Messrs. Barclay and Sons, 95, Farringdon-street; Mr. E. Edwards, 67, St. Paul's Church Yard; Messrs. Sutton and Co., Bow Church Yard; and Mr. T. Butler, 4, Cheapside, London.",FALSE,FALSE,FALSE,FALSE,,,,
116581,0.186892241,1,1840-12-05,star,"THE LONDON GAZETTE  OF  THE PATENT OFFICE.  No. 1739. SATURDAY, JUNE 19, 1852.  PATENTS RECEIVED THIS DAY.  BEER. John Smith, of the City of London, brewer, for improvements in the manufacture of beer.  BOTTLES. John Smith, of the City of London, brewer, for improvements in the manufacture of beer.  CIGAR LIGHTERS. John Smith, of the City of London, brewer, for improvements in the manufacture of beer.  CIGARS. John Smith, of the City of London, brewer, for improvements in the manufacture of beer.  COAL. John Smith, of the City of London, brewer, for improvements in the manufacture of beer.  COAL GAS. John Smith, of the City of London, brewer, for improvements in the manufacture of beer.  COAL TAR. John Smith, of the City of London, brewer, for improvements in the manufacture of beer.  COAL TAR DYES. John Smith, of the City of London, brewer, for improvements in the manufacture of beer.  COAL TAR PRODUCTS. John Smith, of the City of London, brewer, for improvements in the manufacture of beer.  COAL TAR PRODUCTS. John Smith, of the City of London, brewer, for improvements in the manufacture of beer.  COAL TAR PRODUCTS. John Smith, of the City of London, brewer, for improvements in the manufacture of beer.  COAL TAR PRODUCTS. John Smith, of the City of London, brewer, for improvements in the manufacture of beer.  COAL TAR PRODUCTS. John Smith, of the City of London, brewer, for improvements in the manufacture of beer.  COAL TAR PRODUCTS. John Smith, of the City of London, brewer, for improvements in the manufacture of beer.  COAL TAR PRODUCTS. John Smith, of the City of London, brewer, for improvements in the manufacture of beer.  COAL TAR PRODUCTS. John Smith, of the City of London, brewer, for improvements in the manufacture of beer",FALSE,FALSE,FALSE,FALSE,,,,
1260309,0.19207786,1,1826-05-02,repo,"the latest posterity, he seems to share the immortality of the Great Being who inspired them.  -- ἐκ τῆς ἐπωδῆς, ἥτις ἐστὶν ἐν τῇ ἐκκλησίᾳ Οὐρὰ Σέκης, ἡ καλουμένη δὲ ἐκ τῆς ἐκκλησίας.  No higher glory men or angels know, Than in accordant strains to hymn for ever God's everlasting, universal law.  We shall close these observations with an imitation of the ""Song of Deborah,"" on the defeat of Sisera, chief captain of the hosts of Jabin, King of Canaan, by the army of Israel: not so much with the hope of transposing its beauties into English verse as of exciting in persons of greater talent the desire to give a more perfect imitation of it, and also of other passages in the Scriptures, which, though highly poetical, we have not yet seen either imitated or translated, in verse. Bishop Lowth in his elegant and instructive work, ""De Sacra Poesi Hebraeorum,"" (Praef. xxviii.), mentions this triumphal song as a specimen of the perfectly sublime ode, and divides it into three parts; first, the exordium; next, a recital of the circumstances which preceded, and of those which accompanied the victory: lastly, a fuller description of the concluding event—the death of Sisera, and the disappointed hopes of his mother. The catastrophe of this sublime composition he represents as adorned with all the colours of poetry—""omnibus ornata namus Poeseos luminibus,"" but confesses that some obscurities occur about the middle of the poem, which scarcely admit of elucidation. The difficulty",FALSE,FALSE,FALSE,FALSE,,,,
30459,0.097890623,1,1841-03-13,star,... 1 1 1 1 1 1 1 1 1 1 1 1 1 1 1 1 1 1 1 1 1 1 1 1 1 1 1 1 1 1 1 1 1 1 1 1 1 1 1 1 1 1 1 1 1 1 1 1 1 1 1 1 1 1 1 1 1 1 1 1 1 1 1 1 1 1 1 1 1 1 1 1 1 1 1 1 1 1 1 1 1 1 1 1 1 1 1 1 1 1 1 1 1 1 1 1 1 1 1 1 1 1,FALSE,FALSE,FALSE,FALSE,,,,
1280815,0.20288378,1,1830-12-02,repo,"This is a consideration peculiarly awakening and alarming to those mixed and imperfect characters, so numerous in the world, who may be styled almost Christians; and in this description may be included a very large proportion of those to whom the discoveries of the gospel have been addressed. Notwithstanding the prevalence of vice in the world, it may yet be true that the number of the utterly depraved and profligate is but small when compared with those to whom the above designation may be not improperly applied. As for the former, if they are not altogether hardened and unimpressible, it is conceivable enough that at the awful moment when the concerns of an eternal scene are brought immediately into view, the notion of an eternity of punishment must fill them with horror unspeakable; but the latter are too apt to sooth themselves with the persuasion that their offences are of too light a cast to call for so severe an infliction, or at least that they may expiate them by the efficacy of a death-bed repentance, or by flying in their utmost need to the merits of Christ’s atoning blood. Now if such are the views they take of their future prospects, whatever terrific ideas they may have formed of the eternal woe reserved for the wicked, will be coupled with the belief that it is a subject in which they can never have any personal concern; so that they will be apt, I should fear, to make themselves fatally easy about their present state, and their conduct during the continuance of health and strength. If, however, the doctrine we have been recommending should appear to be correct, there is an end to all such delusive expectations. Sinful habits contracted here will necessarily diminish our fitness for the heavenly state. Even though we should be admitted to it, they will prevent us from deriving from it the happiness",FALSE,FALSE,FALSE,FALSE,,,,
930148,0.136238873,1,1857-11-14,leader,"most generous and hospitable, but they are also the most industrious and thrifty. They are not only the most industrious and thrifty, but they are also the most honest and upright. They are not only the most honest and upright, but they are also the most brave and courageous. They are not only the most brave and courageous, but they are also the most loyal and true. They are not only the most loyal and true, but they are also the most united and harmonious. They are not only the most united and harmonious, but they are also the most peaceful and contented. They are not only the most peaceful and contented, but they are also the most religious and moral. They are not only the most religious and moral, but they are also the most intelligent and cultivated. They are not only the most intelligent and cultivated, but they are also the most refined and polished. They are not only the most refined and polished, but they are also the most civilized and enlightened. They are not only the most civilized and enlightened, but they are also the most free and independent. They are not only the most free and independent, but they are also the most prosperous and happy. They are not only the most prosperous and happy, but they are also the most virtuous and patriotic. They are not only the most virtuous and patriotic, but they are also the most generous and hospitable. They are not only the most generous and hospitable, but they are also the most industrious and thrifty. They are not only the most industrious and thrifty, but they are also the most honest and upright. They are not only the most honest and upright, but they are also the most brave and courageous. They are not only the most brave and courageous, but they",FALSE,FALSE,FALSE,FALSE,,,,