corpus_id,score,decile,date,source,article,is-thematically-relevant,has-event,has-named-location,has-space-type,event-mentioned,location-mentioned,space-mentioned,notes
197953,0.618986726,10,1842-01-29,star,"address to her Majesty. After a few words from Mr. M'atin, of Belper the meeting broke up.  HOLMFIRTH.—PROGRESS OF CHARITIES.—According to arrangements previously made, Mr. Campbell attended at the Rose and Crown Inn, Holmfirth, on Thursday, the 29th inst., to defend his pamphlet entitled “an examination on the Corn and Provision Laws,” against the assertions of Mr. G. Tinkery who thus said that the work was false. Soon after eight o'clock, the hour appointed, the room was crowded to excess, and such was the anxiety to hear the discussion, that hundreds had to go away unable to gain admittance. Mr. Tinkery failing to attend, Mr. Campbell delivered for about an hour on the Corn Laws, after which Mr. James-Beardsell, of Holm, addressed the meeting in favour of repeal; the chairman (Mr. Cunningham), and the meeting gave him the greatest fair play. Mr. Campbell replied to the satisfaction of the meeting after a vote of thanks to the chairman and lecturer; the meeting broke up. Mr. Campbell addressed the Charitists of Holmfirth, in their room, on Friday night, on the principles of the Charter; he handled the subject in an excellent manner; at the conclusion of his lecture, the following resolution was passed unanimously:—“That the National Charter Association, located in Holmfirth, repose the utmost confidence in the Executive for their unwavering, consistent, and patriotic efforts in the cause of universal liberty, since that body has been, elected to their present honorable and responsible office, and are resolved to use every effort in our power to support them for the future."" A vote of thanks being given to the chairman and lecturer, the meeting broke up. Eight new members joined the association.  HYDE.—There will be a delegate",TRUE,TRUE,TRUE,TRUE,meeting,"Rose and Crown Inn, Holmfirth",pub/inn,
73955,0.654118955,10,1842-12-10,star,"toast. He enquired who were the people? Many of the aristocracy toasted the people—the middle classes did the same, and also the working classes, and in too many instances each considered themselves to be the whole people. He considered the people not to be any one of these classes singly, but the whole family of the nation. It was a mistake to suppose that the working classes alone had rights to obtain. If they imagined so they were greatly mistaken. The Crown had lost all power and was a mere empty show; there was no longer a particle of monarchical power in the state. The middle classes imagined they were possessed of political power; but they did not possess a particle. They could certainly go to the poll and vote for a representative, but the wealth and influence of the aristocracy was such that it always secured them a working majority in the House of Commons, so that eventually the whole power in the country was rested in the hands of the aristocracy. The middle classes were as directly interested in obtaining the whole Six Points as themselves, and it ought to be their business to secure the co-operation of every honest-hearted man of that class. If they who had stepped forward to aid in the good work, only faithfully and fearlessly perform their duty, the work would progress more speedily than it had done. Dr. Black then in a philosophical manner dwelt on the causes which had produced disunion amongst the Chartist party, and the necessity of cultivating a good understanding with each other, to promote the success of those principles for which they were all striving. He then alluded to the Birmingham Conference as a means of producing this desirable result, and concluded amid much applause.",TRUE,FALSE,FALSE,FALSE,,,,
568997,0.65246129,10,1851-06-21,star,"Now, we ask, is not this a gross and flagrant conspiracy against Labour, on the part of these masters? A conspiracy far more dangerous to society, and far more deadly in its consequences, than any conspiracy of workmen against masters can ever be ! Property and life are hedged round—and properly so— with every imaginable security; and the slightest violation of the law is followed by sure and severe punishment. The masters have besides this, in all cases, their capital and an overstocked labour market to fall back upon, in the case of a dispute with their workmen. At the worst it can only be an inconvenience to them, and the loss of profits which they would otherwise have made. Very different it is with the working men hunted and proscribed as these Silk Dressers are. The conspiracy against them touches their very means of existence, and is calculated to drive them either into the workhouse or the gaol. Charity or crime are the sole resources which such an infamous and disgraceful prosecution leaves them. Yet for this deadly and vindictive conspiracy the law has no penalties. The masterclass may brand men with a mark which leaves them no alternative, save starvation or disgrace, with impunity, while for the labour-class, the assertion even of their admitted and acknowledged rights in an open, moderate, and studiously-pacific spirit, is beset by such legal traps, pitfalls, and snares, as to give revengeful and malicious employers the power of instituting prosecutions, meant only to harass and to impoverish those opposed to them!",TRUE,FALSE,FALSE,FALSE,,,,
405093,0.62154156,10,1850-10-05,star,"before, has a greater chance of securing a just and amicable settlement of the difference. In the second place, it brings to bear upon the minds of employers a powerful public opinion, which has a marked and wholesome influence upon their conduct; and in the third, instead of having to deal with their own ""hands,"" or the workmen of their own town, whom they may intimidate, cajole, set by the ears, or overreach, they have to negotiate with men accustomed to such matters, and possessed of the knowledge, experience, tact, and independence which naturally grow out of such position.  The past career of the Association has fully borne out the expectations of its promoters, as to the effecacy of this mode of action. During the five years that it has been in existence, it has won by mediation alone, a series of victories for the trades connected with it, unparalleled in the history of any other industrial union. Large reductions, and inconvenient and irritating alterations, have been prevented; wages have been raised, and disputes amicably settled in hundreds of cases, and in almost every branch of industry, at a cost of money—outlay far less than has often been fruitlessly thrown away upon a single month's strike of one trade.  When strikes and turn-outs have been absolutely necessary they have been conducted with order and discipline, under the best legal advice, and with every advantage that could be derived from a thorough knowledge of the industrial condition of the country at large. Whenever the law has been perverted or stretched by ignorant or partial magistrates, the Association has stepped in to fight the oppressor with its own weapons, and to throw, for the first time, the shield of the law between the struggling workman, and those who have hitherto made it but ""the instrument of some new ty",TRUE,FALSE,FALSE,FALSE,,,,
666473,0.664503217,10,1841-01-16,star,"The rich being predisposed to believe the poor ignorant and corrupt, and having good reason to believe it, as they have always striven to make or to keep them so, and not without general effect, it follows, as a natural consequence, that they should be ready to impute all manner of evil to them. The Chartist out-breaks, which a Machiavelian Government cunningly excited by exasperating the long-suffering people beyond the powers of endurance—those vengeful outrages were greedily exaggerated and joyfully repeated, as confirmations of the ill designs which the working classes were charged with entertaining. ""See,"" says Lord John, in one House, ""these fellows want to burn and plunder all before them."" ""I never,"" says the Duke, in the other—""I never saw nor heard such horrors as those perpetrated in Birmingham."" Now before we concur in these strong stigmas of the hunting Duke and the shooting Lord, let us recollect that Government had refused to redress the grievances which it had caused—had insulted the petitioners, and imprisoned their friends—had sent police to maltreat the people when peaceably met; and, while taking excellent care of the Royal horses, which have little else to do but eat their corn, had refused to feed, clothe, house, or educate the poor; nay, more, were preventing themselves from doing it. Let us take all these things into our calm consideration, and we must didly avow that it is unfair to blame the common people for acts which, as the Government forced them on, it ought to bear the blame, and to be punished for them.",TRUE,FALSE,FALSE,FALSE,,,,
84956,0.781766415,10,1848-04-01,star,"On Monday, April 10th, a Monster Petition for the enfranchisement of labour, by the enactment of the People's Charter, will be presented to the House of Commons; this petition, it is contemplated, will receive five millions of signatures and be conveyed to the house, supported by a procession of 500,000 persons. Let, then, the traders of London do their duty on this occasion, and swell the train of Labour's sons, headed by their officers, with the banners and signatures of each trade. Let them prove, by their intelligence, that they are worthy of liberty—by their order, that they are deserving of it—and by their firmness that they are determined to obtain it. Let 'Peace, Law, and Order' be the motto—'Onward and we Conquer' be the motto—bearing in mind, that, for a nation to be free, it is sufficient that she wills it. Your own interests—your children's benefit—and the nation's weal demands this small sacrifice at your hands. In the meantime, sign, sign, sign.  'England expects that every man will do his duty.' The time and place of meeting will be given in the Star, and unnecessary expense need not be incurred by those trades who have no banners.  (Signed on behalf of the Trades' Demonstration Committee.)  Thomas Hawson, President. W. H. Nicholson, Secretary.  12, Curtain-road, Shoreditch.",TRUE,TRUE,TRUE,TRUE,presenting of People's Charter petition,House of Commons,House of Commons/parliamentary space,
508231,0.619309723,10,1849-05-26,star,"What has become of our great regenerator, PEEP? Where are his healing measures? Tell me not that he is out of office, that he is powerless. Were he an honest man, and a statesman worthy of the name, he would never rest until he had forced upon Parliament the adoption of measures calculated to put an end to the horrors above detailed.  But suffering is not confined to the people of Ireland. On Tuesday evening last, Mr. SLANEY brought, or, rather, attempted to bring, under the notice of the House of Commons the condition of the working classes of this Island, in support of a motion for ""the appointment of a Standing Committee or unpaid Commission, to consider and report, from time to time, on practical measures (unconnected with political changes) likely to improve the condition of the working classes, to encourage their industry, and increase their contentment."" The motion was moderate enough in all conscience. But then ""he wished to show the House that whilst the rich and middle classes of this country had been going on improving, the condition of the humblest and most numerous orders of the population had undergone no corresponding amelioration."" Mr. SLANEY was proceeding to develop the facts on which he founded his motion—facts illustrative of the miserable condition of large masses of the industrious classes— when he was suddenly interrupted by ""an Honourable Member,"" who moved that the House be counted. The counting took place, and of six hundred and fifty-six members it was found that only thirty-four were present. The House was thereupon adjourned till Thursday.",FALSE,FALSE,FALSE,FALSE,,,,
269295,0.637448788,10,1845-12-27,star,"Mr. Bairstow, on presenting himself to move the second resolution was loudly cheered. He said, the present is an evenful crisis, to be made valuable or disastrous, according to the use we make of those events which faction has created—(cheers)—the factions are like figures in a panorama or a dissolving view. (Cheers.) Russell finds that he cannot get all to agree with him in his free trade views because he won't go the whole hog, and so he cannot form an administration, and dissolves in the view. (Laughter.) Sir Robert Peel will have to throw the Duke over the left before he can form a cabinet, as he won't bulge, so we must have another dissolution. We, the people, it appears, arcat length to constitute the panorama, so we ought to feel as if we were responsible, even for their blunders, and try to prepare ourselves manfully for that responsibility, and press onward to action. (Cheers.) However they may all conclude for a repeal of the Corn Laws, they are all from enemies to the predomining classes, because they are deprived of the franchise, and with them poverty is the curse of the world, and property is the God of their adoration. (Cheers.) So we must maintain a movement distinct and separate, which will put down their unjust god and place our just God, equable distribution, upon its throne. (Loud cheers.) Labour must depend solely upon itself and, therefore, to the labourers alone he looked to make the struggle effective, and it was, therefore, he cordially moved the resolution. (Loud cheers.)",TRUE,FALSE,FALSE,FALSE,,,,
771787,0.675278544,10,1843-09-02,star,"Lecture.—Mr. George Julian Harney lectured here on Friday evening, 25th inst., on “The state of the country, the necessity of a change, and the necessity of a thorough organisation of the people to effect that change.” After a few introductory remarks, he entered into the financial distress of the Government, and showed in a very humorous and instructive manner what both Whigs and Tories had done to bring the country to its present state. He also dwelt on the advantages which every day was becoming more apparent from the Pro-Tory Policy adopted by the Chartists at the last general election; particularly as it had given us but one faction to contend with. Mr. Harney then went on to show the workings of the New Tariff and Corn Bill, exhibiting to view the ruinous effects it had produced, both on the agriculturalist and mechanic. He also entered at great length into the necessity of a thorough National Organisation of the people, in order to enable them to effect the changes which were required for the people’s benefit, and concluded a lecture of three hours and a half duration, amidst the hearty plaudits of the meeting. The chairman John Macren intimated that as a new enrolment of the members of the Association had been commenced, it was requested they would come forward on Tuesday evenings and take out cards; and concluded by calling upon all who valued the future prosperity of themselves and fellow men to come forward and join the Association, so that as soon as the National Organisation was agreed upon they would have nothing to do than to join under it boldly at once. A vote of thanks was then given to Mr. Harney and the Chairman.",TRUE,TRUE,FALSE,FALSE,lecture,,,
297003,0.625390768,10,1838-10-16,star,"""The Great Northern Liar."" REVERSE.  ""The Leeds Mercury, on the Besom of Destruction.""  There was a large flag from Sourhowram bearing the Inscription,  ""Rise Brims from your Slumber, Be United and Free; The Cause of our Distress It's for Want of Liberty.""  ALMONDBURY. Band and Banner; the Banner bearing the following Inscription.  ""Universal Suffrage, Vote by Ballot, Annual Parliaments, No Property Qualification, and Payment of Members.""  ""We will never rest until we obtain them !""  REVERSE.  ""He that oppresseth the poor, reproacheth l Maker.""  ""Remember, Heaven has an avenging rod; To smite the poor is treason against God.""  CHICKENLEY. A Green Flag. INSCRIPTION, ""Chickenley Radical Association.""  REVERSE, ""Universal Suffrage, and the Ballot.""  EARLSHEATON, A Green Silk Flag.  DEVICE, ""Justice and Unity, and Cap of Liberty.""  INSCRIPTIONS,  ""Labour shall be represented; who would be free, knock off your Chains.""  ""United we stand; Divided, we Fall.""  White Flag, green edges,  INSCRIPTION, ""Labour, the source of all Wealth.""  DEWSbury DISTRICT. Large Green Merino Flag.  Emblematical - ""Justice, with the People's Charter in her hand.""",TRUE,FALSE,FALSE,FALSE,,,,
477582,0.550049007,9,1842-03-05,star,"eight years—ignominious, great, and eternal was that fall—(Loud applause.) He did it: to force out the treacherous Whigs once more upon the 'vantage ground of Radical principles; and had he not succeeded !—(lethouts of 'Yes, yes,' and tremendous cheering.) Aye, to Nottingham he 'went, fought, and conquered"" (renewed cheering.) Now, was that enough for the snarling Whigling below him, who yelped out Nottingham !—(laughter.) Now, look at our altered, but proud position. Be fore, we were Jack Cades, Wat Tylers, Robespierres, and levellers: the Whig press teemed with the most virulent vituperation that ink of gall, a poisoned pen, and hireling, perjured penny-a-liners could scribble, ensconced behind the editorial 'We.' They (the Chartists) were misrepresented, maligned; the foul fiend of persecution was invoked: 500 of the bravest men who ever inhaled the light of heaven were immured in damp and putrid graves, and the noble chieftain at his right hand (O'Connor), was choked in the suffocating 'Hell' at York—(loud applause.) Look now at Whiggery, and its counterpart, Chartism. 'Plain John,' after smacking his lips, after the spicy wines of a Whig feast in the 'Modern Athens,' had boasted that Chartism was dead, and the sentence had been re-echoed through the realm; but that night, before 10,000 people, he would stand upon its obsequies, and ringing his voice through its death caverns, he would shout—'Chartism ! come forth !'—(thunders of applause,",TRUE,FALSE,FALSE,FALSE,,,,
251621,0.538733721,9,1843-01-07,star,"SIR,—I have now included in my prepre'sed ""Plan,"" all the emendations which seem to me desirable, after having the advantage of my brethren's opinions of this important matter. Among the delegates who surveyed my scheme last Saturday morning, were comprised some of the soundest heads and most energetic minds in the movement; and in addition to the authority which their names affords me, I might, once more, add, that in private conversation I have, long ago, received for my proposed scheme, or for the major part of it, approval on the part of Mr. O'Connor, Dr. McDonald, Mr. Hill, my friends Bairstow and Harney, and many other well-known advocates of our cause.  On the advice of my brother delegates, and to avoid entirely the great difficulty of a Convention leaving an Executive behind it—the word ""Executive"" is entirely left out of the Plan. The five chief officers of the Annual Convention, it will be seen, exercise all the necessary functions of an Executive body—but do not lie under the illegality of being specially appointed for such a purpose when the Convention breaks up: the functions of each member of the Annual Convention, officers included, remain in them throughout the year—so that they can fill up vacancies, etc., or give other counsel for the welfare of the general body.  Praying my brethren to take up the subject earnestly, and instantly,  I subscribe myself, Sir, Yours respectfully, THOMAS COOPER.  Leicester, January 2nd, 1843.  MINUTES OF A MEETING OF CHARTIST DELEGATES, HELD IN BIRMINGHAM, ON THE LAST DAY OF THE YEAR, 1842.",TRUE,TRUE,TRUE,FALSE,Chartist meeting,Birmingham,,
489371,0.583887577,9,1841-09-11,star,"Igrabant to be entrusted with the Suffrage,"" this charge was, in my opinion, fully disproved by Mr. Watson, who read several passages from Mr. Lovett's book, expressly directed against, and pointedly condemning such a doctrine.  2nd. Because, Mr. Watkins having charged Mr. Lovett with entering into a compact to sell the people, instancing as proof an interview of Mr. Lovett with Mr. Hume and others, respecting a proposal of the latter to effect a union between the middle classes and the Chartists; this charge was also directly refuted by the testimony of Mr. Vincent who was present, to the effect that Mr. Lovett refused to accept the proposals of Mr. Hume, stating his determination not to connect himself with an agitation for any object short of the People's Charter.  Soc. conI must accextimopFriletsperwhiinscop-",TRUE,FALSE,FALSE,FALSE,,,,
789557,0.546035707,9,1843-05-06,star,"MR. VERNON SMITH quoted Sir Robert Peel's sentiments uttered on the occasion of voting the thanks of the House to the officers and men employed in the Chinese war, when he assigned precedent for not including Sir Henry Pottinger, he being a diplomatic agent. He was therefore surprised when he found that the Right Honourable Gentleman tended to support the present motion. The best that could be said, even by the Noble Lord's most darling friends, of the minister of Lord Ashburton, was that we were all out of the scrape. Under the treaty, we had surrendered territory, and the question of the right of search was left unsettled; and flow ground had been taken on the subject of slavery in jurious to a question which the people of this country had deeply at heart. Mr. Hume was paronised, on this occasion, by the ministerial side of the House; but how was it that the Government followed his leading, instead of having anticipated him, as they ought to have done, if the vote of thanks was usual, or deserved?",FALSE,FALSE,FALSE,FALSE,,,,
272513,0.572053909,9,1842-06-25,star,"BUCK'S HEAD, BETHNAL GREEN.—A general meeting will be held here on Sunday evening next, when it is requested that every member will attend. Mr. Mariyn will lecture here on Sunday next.  NOTICE.—A lecture will be delivered at the Feathers, Warren-street, on Monday evening next, to commence at eight o'clock.  FINSBURY.—The Chartists are requested to attend at the Aylesbury Coffee House, on Monday evening next.  STOCKPORT.—Mr. Lane from Manchester, will lecture here on Sunday evening next.  OLDHAM.—Mr. D. Donavan of Manchester, will lecture here on Sunday next.  WATERHEAD MILL.—Mr. D. Donavan of Manchester, will lecture here at half-past two o'clock on Sunday next.  PITFIELD, near Morley.—We had the Rev. W. V. Jack-on here on Tuesday last, giving a lecture. The number attended to hear him is stated to be 2,000 at least. The distress in this neighbourhood is great.  LEEDS DISTRICT.—Mr. T. B. Smith will visit the places in this district as follows: Leeds, to mowrow night (Sunday); Hunslet, on Tuesday, the 28th; Woolsheese, on Wednesday, the 29th; Wortley, on Thursday, the 30th; Morley, on Friday, July the 1st; Churwell, on Monday, the 4th of July; Armley, on Tuesday, the 5th; and Holbeck, on Wednesday, the 6th.",TRUE,TRUE,TRUE,TRUE,general meeting; lecture,"the Buck's Head, Bethnal Green; Aylesbury Coffee House, Finsbury; Stockport; Oldham; Pitfield",pub; coffee house,
343011,0.538150787,9,1849-07-14,star,"government hesitate to give any measure of relief. It is true, that whenever any questions were put to them, which was frequently the case, especially after an explosion had occurred, the invariable answer was, that they were preparing a measure: that parties had been sent to the Continent, where supervision of mines was practised, that the order and economy of such might be understood, with a view to its introduction here. They also frequently intimated their desire to legislate upon this important matter, but as invariably begged time to perfect their inquiries and investigations. Early in the present year the public mind was aroused by an explosion of fire damp at the Darley Main Colliery. The manifest want of proper care on the part of the managers, and the recommendation of the jury, that government interference was necessary and proper, led to a resumption of the debate in the House and out of it, as to some immediate steps being taken to protect the miners from these casualties. Again, did the government claim delay, as their measure was not perfected.  The colliers feeling that such delays were only caused by the unwillingness of those in power to incur the displeasure of the Northern coal owners, (who were suddenly against positive power being given to inspectors to stop the working of a pit, which they considered dangerous, until proper ventilation was restored,) urged Mr. Duncombe, who had so far recovered as to be able to attend his place in Parliament, to again introduce the bill, or a similar one, that he had, at the instance of Sir George Grey, withdrawn. This duty, however, was ably taken up by Mr. Aglionby, Mr. Hume, and others, who had made certain progress with the bill, when the Secretary of State announced that he was prepared to lay before Parliament certain papers and propositions advised by the government to meet the urgency of the case, and those",TRUE,FALSE,FALSE,FALSE,,,,
303175,0.576915979,9,1842-06-25,star,"Monday Evening.—The usual weekly meeting was held at the room in Aston-street, on Monday evening last, Mr. Charles Ashton in the chair. The minutes of the council were then read over, from which it appeared that the council had passed a resolution of resigning their offices. Mr. Bough moved and Mr. Lynell seconded a motion, to rescind that part of the minutes, on the grounds of the whole council not being unanimous on the subject. Mr. White supported the motion, and affirmed that they had no right to proceed in that manner; he moved an addition to the motion, that each member of the council who wished to resign, should tender his resignation to the meeting. After a long discussion in which the retiring members, Messrs. Williamson, Saunders, White, and others took part, the motion was carried almost unanimously. Messrs. Lindon, Fussell, Newhouse, Welsford, and Stewart, then resigned, and Messrs. White, Talbot, Yardley, Ryan, Bough, and others, were nominated in their places. Mr. White then gave a report of the proceedings of the directing council, and afterwards moved a vote of confidence with regard to the political honesty and integrity of the retiring councillors, which was unanimously agreed to. The case of Messrs. Mason, Chance, and others, who have to appear at the Stafford and Worcester Sessions in a few days, was then brought forward by Mr. White, when a defence committee consisting of several most active females, in addition to the other members, was appointed, and a resolution agreed to, that the other localities in Birmingham be requested to act likewise. The committee will meet at Aston Street, at twelve o'clock on Sunday next. Notice was then given, that Mr. Geo. Julian Harney would address a meeting at Aston Street on the following Sunday, after which",TRUE,TRUE,TRUE,TRUE,meeting,Aston-street,room,
62524,0.543169737,9,1843-11-04,star,"BUNDERLAND.—Mr. Thomas Dickinson lectured here on Sunday morning, to a very attentive audience, in the Chartist Room, and gave general satisfaction. On Monday evening, Mr. D. delivered a lecture in the Arcade, Long Room, on trade and wages. He spoke for two hours, and was loudly applauded throughout.",TRUE,TRUE,TRUE,TRUE,lecture,"Chartist Room, Bunderland; Arcade, Long Room, Bunderland",room,
1031797,0.529321909,9,1859-01-22,leader,"It is no less interesting to observe, in the article on the ""History and Prospects of Parliamentary Reform,"" the chameleon-esque property of party opinion. This paper professes to furnish Parliament men of Liberal opinions with the standards by which they should try the forthcoming ministerial measure of Reform before certifying its adequacy to those conditions which a Reform Bill of 1859 ought to fulfil. With this view the writer digests the history of Parliamentary Reform from the time of Lord Chatham, whom he points to as the father of the movement. Then we have a plan for the finality of the measure of 1832 as having placed ""a definitive boundary against the encroachments of aristocratic power, and placed the real representation of the people on an immovable basis."" Having thus narrowed the circle of admissible change to ""popular progress"" and ""future exten-",TRUE,FALSE,FALSE,FALSE,,,,
963624,0.57131964,9,1854-09-30,leader,"A correspondent has forwarded a bill, which is largely circulated at Dover, which he urges is more likely to cause breaches of the Sabbath, by the propagation of informers, than by the doing of the acts which it condemns in penalties. The magistrates might at least state the statute under which they issue their proclamation.  ""Lord's Day.—Sunday Trading.—Borough of Dover, in the County of Kent.—No tradesman, artificer, workman, labourer, or other person, shall do or exercise any wretched labour, business, or work of their ordinary callings, upon the Lord's Day, or any part thereof (works of necessity and charity only excepted). And every person being of the age of fourteen years or upwards, offending in the premises shall, for every such offence, forfeit the sum of five shillings.  And no person shall publicly cry, show forth, or expose for sale, any wares, merchandise, fruit, herbs, goods, or chattels whatsoever, upon the Lord's Day, or any part thereof, upon pain of forfeiting the same. N.B. A portion of penalties may be paid to informers. This edict is put out by order of the mayor and magistrates.—MATTHEW KENNETT, Clerk to the Magistrates.""",FALSE,FALSE,FALSE,FALSE,,,,
1057263,0.480237246,8,1858-04-17,leader,"being flat on the failure of the attempt at mediation between the two parties. Mr. B. Donkin, M.P., refusing to consent to the vital point of tariff and renter—proposing to raise that question to the people, and to submit the whole question to the people, and to submit the whole question to the people, and to submit the whole question to the people, and to submit the whole question to the people, and to submit the whole question to the people, and to submit the whole question to the people, and to submit the whole question to the people, and to submit the whole question to the people, and to submit the whole question to the people, and to submit the whole question to the people, and to submit the whole question to the people, and to submit the whole question to the people, and to submit the whole question to the people, and to submit the whole question to the people, and to submit the whole question to the people, and to submit the whole question to the people, and to submit the whole question to the people, and to submit the whole question to the people, and to submit the whole question to the people, and to submit the whole question to the people, and to submit the whole question to the people, and to submit the whole question to the people, and to submit the whole question to the people, and to submit the whole question to the people, and to submit the whole question to the people, and to submit the whole question to the people, and to submit the whole question to the people, and to submit the whole question to the people, and to submit the whole question to the people, and to submit the whole question to the people, and to submit the whole question to the people, and to submit the whole question to the people, and to submit the whole question to the people, and to submit the",FALSE,FALSE,FALSE,FALSE,,,,
768149,0.488248527,8,1844-06-15,star,"""A fair day in Brittany"" is far too briefly described. Of a country and people so little known, fuller information than what is contained in this account is highly desirable and would, we doubt not, be found as highly entertaining. In her ""Sketches of Parisian Life,"" Mrs. Postans introduces us this month to the ""National Guard."" We consider it not so entertaining as some of the previous sketches. ""The Broken-hearted Club"" gives us a laughable tale of the scrapes and misfortunes of a poor fellow who was always getting into trouble through an inveterate habit of speaking the truth! ""The Sisters of South Walsham"" is a passable tale. ""My Quarter's Salary"" is poor rubbish. ""Cleanliness next to Godliness,"" may be read with profit by all over-nice and extra-particular housewives. ""The Two Windows,"" by the Editor, is a fragment replete with those kindly feelings for the oppressed and manly indignation against the oppressor, which ever distinguish the writings of Douglas Jerrold, and which have made his name a household word with all who can honour talent when found, as in this case, championizing virtue and right. We give the following extracts:—",FALSE,FALSE,FALSE,FALSE,,,,
17814,0.50812453,8,1849-06-16,star,"Gubbins, the plaintiff, swore to the payment of the money—had received no benefit—never had notice of a ballot. He first became dissatisfied at the time that the Ballot was given up, about November last. He attended the meeting on the return of the Delegate from Birmingham in November last. Made no opposition or complaint of what had been done at the Conference there. He about the same time became convinced that a man could not get a living upon four acres, and he did not see any prospect of being located. These were his only complaints. Had he been successful in the ballot, he should have sold his share, and would have taken £30. (Most of this was got out, and with much difficulty, by cross-examination.) He had paid his money to be put with the money of the other shareholders—the whole to be expended in the purchase of land, which was to be divided and allotted amongst those fortunate in the ballot; these were not to be absolute owners, but were to pay a rent of £5, (he did not understand “five per cent.”) for their allotments. He admitted having attended two meetings, and never having made any complaint or opposition. (It was sworn by Munday, that the plaintiff attended all the meetings, certainly as many as ten, and made no complaint.) He (plaintiff) knew that Driver had been fortunate in getting an allotment, and had “been forced to leave—could not make a living of it.” Did not know that Driver had sold his allotment.",FALSE,FALSE,FALSE,FALSE,,,,
1246897,0.503094196,8,1825-04-02,repo,"""Our crafty and selfish foes, your foes as well as ours, would fain persuade you, that that for which we pray would do no good; and they ask, with a degree of simplicity which would not have detracted from the cunning of the seducer of the primitive parents of mankind, how the allowing of Catholic merchants to become Mayors, Aldermen and Common Councilmen of towns and cities; how the permitting Catholic gentlemen to be Sheriffs; how the making of Catholics occasionally King's Counsel, and Law Officers of the Crown; how the putting of Catholic Judges on the Bench; how the making of Catholics sometimes Judges in Equity; how the putting of a few Catholics into the Privy Council; how the placing of fifty or sixty of them, perhaps, in Parliament—they ask, with all imaginable simplicity, how this could tend to clothe the backs and appease the hunger of the ragged and half-famished people of Ireland? But, Englishmen, make but for a moment our case your own. Suppose that some strange combination of circumstances were to give the small sect of Unitarians, for instance, a mastery over you—supposing this sect, not forming more than a sixteenth part of the population of England, held all the civil offices of importance; that they, and they alone, nominated juries in causes of property, and of life and death; sat on the bench, administered justice in equity; were alone the advisers of the King; alone were Mayors and Aldermen, and Common Councilmen of towns and cities; kept wholly to themselves the power of making laws; appointed all the Justices of the Peace; disposed of every civic",FALSE,FALSE,FALSE,FALSE,,,,
1030841,0.496631473,8,1855-09-29,leader,"an iron foundry at Cambridge, upset a ""cradle"" containing about six and a half hundred-weight of molten metal, which, surrounding his feet, burnt off his shoes and stockings, and seriously injured him. He lies in a very precarious state. Another workman was also injured.  A MAN BURNT ALIVE.—An inquest has been held at Clay Cross on the body of John Wildgoose, labourer. The deceased was working in a cutting near a coal pit; one side of the hole fell in, and it was an hour and a half before he could be extricated, when life was quite extinct. A verdict of ""Accidental death"" was returned.  ACCIDENT AT OXFORD.—A man was knocked down a few days ago by a vehicle in which Lord Dillon was driving, and was killed. His lordship gave information at a neighbouring public-house, and also to the police, and the man was found dead on the road.  THREE QUARRYMEN at the Linneris Slate Quarry have been suffocated by the smoke from an extensive blast had been discharged. Remaining after an  POPULAR VENGEANCE.—An attack was made a few days ago on the premises of a large potato-dealer in Paisley, who was supposed to be the author of a rise in the price of potatoes. A great deal of damage was done, and the loss of property on the part of the unhappy potato-merchant must be very great.  SUICIDE IN BIRMINGHAM GAOL.—A boy lately confined in Birmingham Gaol for picking pockets, has hung himself in his cell. He had been previously heard to say to his mother that, if she fretted, he would destroy himself. A slate on the wall of the cell was found to be scratched over with three pictures of hanging. A verdict of ""Insanity"" was returned.",FALSE,FALSE,FALSE,FALSE,,,,
640942,0.504655123,8,1848-09-16,star,"RURAL LABOUR AND INFIRMITY. For the abolition of country labourers can be obtained by better, perhaps, as well as more effectual means than those which have been adopted by Mr. Thomas William Berry, rural sanitary commissioner, in his pamphlet entitled ""The Labouring Poor,"" from which the following extracts are made:—  ""Louis Blanc has not only to contend against the demons of the ""Times,"" gathered from every quarter, but he holds the defence of those who may be supposed to supply the strongest arguments; but, as usual, he has the best of the field. He holds the defence of the poor, and he holds the defence of the poor, and he holds the defence of the poor, and he holds the defence of the poor, and he holds the defence of the poor, and he holds the defence of the poor, and he holds the defence of the poor, and he holds the defence of the poor, and he holds the defence of the poor, and he holds the defence of the poor, and he holds the defence of the poor, and he holds the defence of the poor, and he holds the defence of the poor, and he holds the defence of the poor, and he holds the defence of the poor, and he holds the defence of the poor, and he holds the defence of the poor, and he holds the defence of the poor, and he holds the defence of the poor, and he holds the defence of the poor, and he holds the defence of the poor, and he holds the defence of the poor, and he holds the defence of the poor, and he holds the defence of the poor, and he holds the defence of the poor, and he holds the defence of the poor, and he holds the defence of the poor, and he holds the defence of the poor, and he holds the defence of the poor, and he holds the defence of",FALSE,FALSE,FALSE,FALSE,,,,
808421,0.515009403,8,1841-07-24,star,"he was prepared, and would denounce Mr. Blewitt as a supporter of a base Government. On Wednesday morning, very early, the Secretary of the Newport Association, arrived with a letter from Mr. Price, stating that he was coming unprovided—that he should not arrive at Monmouth in due time—that they were at full liberty to make use of his name on every requisite occasion. This caused the Chartists of Monmouth to fear that if Mr. Price should not arrive in due time, he should not have the majority by the show of hands. Edwards stated if Mr. Price should come, that he would propose him, and that Dickinson would second him. These were the last words I heard at the Angel. We went out together, but Edwards, Dickinson, and others went to the Mayor on some business unknown to me; I proceeded to the Hall, the place of nomination. Soon afterwards I saw Edwards there; I sat not far from the place where he stood. Before the business commenced, a note was delivered to Edwards, the contents of which I know not; but soon afterwards I saw one of the hand bills, (calling on Mr. Price to come forward,) delivered into the Mayor's hands, and another note delivered to Edwards, the contents of which also I knew not then. I heard a voice calling Mr. Buttery out, when Edwards rose up his arm and said, ""Buttery, stop where you are, don't move."" I have seen the last note which Edwards received, which stated that Mr. Price had arrived and desired him to resign and propose Mr. Price, as he had proposed in the morning, which he refused to do, and wrote with a pencil the following reply, ""You must do your own work yourselves when the time comes."" The last words that he spoke at the Hall were, that he had",TRUE,FALSE,FALSE,FALSE,,,,
358515,0.516864836,8,1841-09-18,star,"James Savage, 27, Mape-street. Charles Henry Neesom, 08, Hare-street, Bethnal-green. James Williams, 58, Stanhope-street, Clare-market. James Hoppey, 4, Cleveland-street, Fitzroy-square. John Rogers, 8, Herford-place. H. E. Marley, 31, Charles-street, Hampstead-road. Joseph Turner, 42, Store-street, Bedford-square. William Hodgson, Hemming's-road, Charing-cross. George T. Wood, 4, Stepney-green. W. Burton, 6, Finsbury-square. E. Mariner, 10, Ruddock's-buildings, Finsbury. John Halford, 14, Dugget-court. Arthur Dyson, Kingsland-road. William Watson, 1, Bedford-court. R. T. Webb, surgeon, 18, Wyndham-street, Bryanston-square. Charles Savage, 4, Chapel-street. W. T. Walker, 1, Cornwall-row. Joseph Thorkham, 1, Cornwall-row. John Elger, 26, Philip-street, King-land-road. Thomas Wade, 29, Red Lion-street, Hoxton. G. Bennet, 4, Compton-street, Clerkenwell. R. W. Woodward, 9, Lock's-gardens, Clerkenwell. Robert Cubitt, 18, Cromer-street.",FALSE,FALSE,FALSE,FALSE,,,,
766270,0.517591178,8,1841-12-11,star,"What evidence of stupendous folly! We pursue a system which makes the people poor—then vicious. “Crime” is the result: then we screw more money out of the poor to keep the “criminals” in idleness in large expensive establishments, called Prisons and Hulks, where the old hands have every opportunity of teaching the young ones to become adepts in the art and mystery of thieving! Then we “punish” them by sending them out of the country at an enormous cost, and have to keep them abroad at an annual expense of £265,000! Verily, we are a wise people! One-half of the annual sum expended in keeping “crime” in the land, would, if judiciously applied, speedily extirpate it.—But if that were done, what would become of the Judges, Sheriffs, Criers, Barristers, Lawyers, Hangmen, Gaolers, Turnkeys, Policemen, Constables, Prisons, Jails, Convict Establishments, and all the other machinery relating to crime! What could the officials do! The new machinery would supersede them! They would have to take their stand with the hand-loom weavers. And O! think of the ornaments of the bench coming to such a pass! Think too of what would become of those saintly men, the prison Chaplains, who so assiduously attend upon the poor wretches whose ""crimes"" have been such as to preclude all hope of mercy from their erring fellow-men, and who, therefore, are taught to look for and expect mercy from Him who has promised to ""forgive us our trespasses as we forgive them that trespass against us."" Think what would become of the Parsons thus employed, if ""crime"" were extirpated! They would be out of work—and",TRUE,FALSE,FALSE,FALSE,,,,
879668,0.511278331,8,1844-04-27,star,is to be hoped the British nation will not be found wanting in the resolution to resist the encroachments of the Executive and to maintain the Constitution. It is to be hoped the British nation will not be found wanting in the resolution to resist the encroachments of the Executive and to maintain the Constitution. It is to be hoped the British nation will not be found wanting in the resolution to resist the encroachments of the Executive and to maintain the Constitution. It is to be hoped the British nation will not be found wanting in the resolution to resist the encroachments of the Executive and to maintain the Constitution. It is to be hoped the British nation will not be found wanting in the resolution to resist the encroachments of the Executive and to maintain the Constitution. It is to be hoped the British nation will not be found wanting in the resolution to resist the encroachments of the Executive and to maintain the Constitution. It is to be hoped the British nation will not be found wanting in the resolution to resist the encroachments of the Executive and to maintain the Constitution. It is to be hoped the British nation will not be found wanting in the resolution to resist the encroachments of the Executive and to maintain the Constitution. It is to be hoped the British nation will not be found wanting in the resolution to resist the encroachments of the Executive and to maintain the Constitution. It is to be hoped the British nation will not be found wanting in the resolution to resist the encroachments of the Executive and to maintain the Constitution. It is to be hoped the British nation will not be found wanting in the resolution to resist the encroachments of the Executive and to maintain the Constitution. It is to be hoped the British nation will not be found wanting in the resolution to resist the encroa,FALSE,FALSE,FALSE,FALSE,,,,
164233,0.468856066,7,1844-12-07,star,"THE LONDON GAZETTE  FRIDAY, JUNE 17, 1881  THE QUEEN'S ILLNESS.  We regret to have to announce that the Queen's illness has taken a serious turn. Her Majesty was confined to her room yesterday, and the physicians have expressed their apprehensions as to the result. The Queen has been suffering from a severe cold for some days, and the physicians have been in attendance upon her. The Court is in deep anxiety, and the public share the feelings of the Royal Family.  THE WEATHER.  The weather continues fine, and the temperature is gradually rising. The thermometer in the shade stood at 65 degrees in the forenoon, and at 70 degrees in the afternoon. The wind is from the south-west, and the barometer stands at 29.80.  THE MARKETS.  The money market was dull yesterday, and the rates of discount were high. The Bank of England was not open for business, and the Bank Rate was not quoted. The Stock Exchange was dull, and the prices of securities were low. The prices of the raw cotton and other produce were high.  THE SHIPPING.  The shipping news is good. A large number of vessels have arrived in the port, and a number of vessels have sailed. The vessels which have arrived are from various parts of the world, and the vessels which have sailed are bound for various parts of the world.  THE RAILWAYS.  The railway news is good. A large number of trains have arrived in the city, and a number of trains have started. The trains which have arrived are from various parts of the country, and the trains which have started are bound for various parts of the country.  THE NEWSPAPERS.  The newspapers contain a great deal of interesting matter. The leading articles are well written, and the news items are well reported. The advertisements are numerous and varied.",FALSE,FALSE,FALSE,FALSE,,,,
838386,0.457857043,7,1849-07-07,star,"THE LONDON GAZETTE.  FRIDAY, DECEMBER 28, 1889.  [CONTINUED FROM PAGE 4899]  THE LONDON GAZETTE.  FRIDAY, DECEMBER 28, 1889.  [CONTINUED FROM PAGE 4899]  PUBLIC NOTICES.  IN THE HIGH COURT OF JUSTICE.  IN BANKRUPTCY.  In the Matter of the Estate of William Henry Bennett, late of 10, Great Russell-street, Bloomsbury, in the county of Middlesex, Tailor, a Bankrupt.  NOTICE IS HEREBY GIVEN, that a Meeting of the Creditors of the above-named Bankrupt will be held at the Office of the Official Receiver, 18, King-street, Bloomsbury, on Tuesday, the 31st day of December, 1889, at Twelve o'clock at Noon precisely, for the purpose of receiving the Report of the Official Receiver, and of taking such action as may appear to them expedient, and that proof of debts will be taken at the same time.  Dated this 27th day of December, 1889.  W. H. BENNETT, Official Receiver.  IN THE HIGH COURT OF JUSTICE.  IN BANKRUPTCY.  In the Matter of the Estate of John Smith, late of 12, Oxford-street, Marylebone, in the county of Middlesex, Tailor, a Bankrupt.  NOTICE IS HEREBY GIVEN, that a Meeting of the Creditors of the above-named Bankrupt will be held at the Office of the Official Receiver, 18, King-street, Bloomsbury, on Tuesday, the 31st day of December, 1889, at Twelve o'clock at Noon precisely, for the purpose of receiving the Report of the Official Receiver, and of taking such action as may appear to them expedient, and that proof of debts will be taken at the same time.  Dated this 27th day of December, 1889.  JOHN SMITH, Official Receiver.  IN THE HIGH COURT OF JUSTICE.  IN BANKRUPTCY.  In the Matter of the Estate of Thomas Jones, late of 14, Regent-street, Portman",FALSE,FALSE,FALSE,FALSE,,,,
764841,0.449192256,7,1850-03-02,star,"LARKS LAKE, Monday, February 25.—The arrival of English wheat was small this morning, and of foreign the chief part was from Odessa. Fine English sold rather at last Monday's prices; but in foreign we cannot note any change, though prices are firm. Foreign flour is per sack and barrel cheaper. Barley slow sale and malt dull and 2s cheaper. In rye nothing doing. Beans met with little inquiry. Peas went off heavily at last reduction. The supply of oats was moderate, and good Irish corn fully as dear; other descriptions without alteration. Linseed cakes ready sale at previous rates. For red clottseed there was more demand at last week's prices, but white dull and cheaper.  BARROW.—Wheat.—Essex, Suffolk, and Kent, red, new 44s to 41s, ditto white 40s to 41s, Lincoln, Norfolk, and Yorkshire, red 32s to 37s, ditto white 32s to 36s, Northumberland and Scotch, with 12s to 18s, ditto red 32s to 34s, ditto white 30s to 34s, rye, 21s to 23s, barley, 23s to 24s, Scotch 24s to 25s, Angus—8s to 9s, malt ordinary,—8s to 9s, pale 48s to 51s, peas, grey, new 21s to 23s, maple 23s to 25s, white 23s to 24s, beans new 24s to 26s, hemp, large, new 22s to 23s, ticks 24s to 26s, harrow, 25s to 26s, pigeon, 26s to 28s, oats, Lincoln and Yorkshire feed, 18s to 18s, ditto Poland and potato, 17s to 20s, Berwick and Scotch, 17s to 21",FALSE,FALSE,FALSE,FALSE,,,,
30723,0.445063829,7,1841-05-08,star,"Sir Richard SHELLEY, the celebrated author of The Rider, who represented Boroughbridge, in 1714, carried his election against a powerful opposition by the laughable expedient of sticking two apples full of gunpowder, and declaring to the electors, before whom he held them up, that the largest should be the prize of that man whose wife should be the first to bring forth a boy after that day nine months, and that the other should belong to him who should become the father of a girl within the same period. This finesse procured him the interest of the women, who are said to commemorate Sir Richard's bounty to this day. They once made a very strenuous effort to procure a resolution that no man should ever be received as a candidate who did not offer himself to their consideration upon the same terms.  The MINISTER and his MAN.—""Well, John,"" said the minister, on being called upon by his beadle one of the late stormy evenings, ""where have you been this windy night?"" ""Oh, Sir!"" replied the lacquey, ""I was awa', seein' gif I could catch a stipend."" ""Catch a stipend!"" rejoined his reverence in surprise; ""what do you mean, John?"" ""Oh, Sir!"" was the answer, ""ye ken our nonintrusion ministers tell us they throw their stipends to the wind, and I was just out to see gif the wind wad blaw ane my way."" ""Ah! John,"" was the advice of the minister—""Moderate, we opine—""don't believe the half you hear in these times; you would sooner catch a butterfly in December, than a stipend in the wind.""—Dundee Advertiser.",FALSE,FALSE,FALSE,FALSE,,,,
228321,0.468182504,7,1844-12-07,star,"In passing, I may venture a single comment on the constitution of the present Executive: I offer it by way of rebuke to those who do nothing, or less than nothing, or sometimes worse than nothing, while they are loud in denunciation of the only body that has sustained the Movement through its perilous period of calm. The Executive consists of an unpaid Tresurer, who, as appeared by a letter of the General Secretary recently published in the Northern Star, is not unfrequently called on to add the duty of paymaster to that of unpaid Treasurer: a General Secretary, who receives £2 a-week for the discharge of very onerous and responsible duties, and as to whose efficiency I have never heard a single murmur. These, with a President and two other Executive officers, each receiving £1 10s. per week, constitute your governing board: and if I may learn their value from public opinion, or judge of their worth by the amount of duty performed by them respectively, I think I may come to the conclusion that “they earn their bread by the sweat of their brow,” and that their labour is fully worth the remuneration they receive.",FALSE,FALSE,FALSE,FALSE,,,,
764934,0.442347795,7,1852-10-09,star,"which was furnished with a long list of signatures, and contained a moving appeal to the benevolence on behalf of his wife and numerous family, who were represented to be houseless and destitute. Before she received the letter she gave private directions to the servant to proceed to her master's study and apprise him of the transaction, and while she was occupied in the perusal of the document her husband made his appearance, and the prisoner was given into custody, when several articles, the property of Mr. Westfield, was found on him.—The prisoner was remanded. ENPROVOKED ASSAULT.—John Wells was charged with committing an assault upon Matthew Gamble. The prosecutor, who appeared with a dreadfully lacerated nose, and his arm strapped to his side, said he was returning home on Monday night, and while talking and laughing with a friend in Little Bell-alley the prisoner came up, and thinking they were laughing at him, after sundry and divers threats of personal violence towards them, he struck prosecutor's friend, knocked him down, and while insensible, on the ground commenced kicking him about the head and body. Prosecutor, having remained inactive up to that moment, then proceeded to assist his friend in rising, when the prisoner struck him on the nose, and, seizing him round the waist, threw him with great force on the ground, and grasping his hair with both hands was about to inflict further punishment, when the officer interfered and took prisoner away. Prosecutor was taken to the hospital, and on being examined by the surgeon it was found that his collar bone had been fractured.—This evidence was confirmed. The prisoner was fined 40s., and in default committed for twenty-one days to the new House of Correction at Holloway.",FALSE,FALSE,FALSE,FALSE,,,,
584220,0.466530174,7,1841-08-28,star,"WAKEFIELD ADJOURNED SESSIONS.  NOTICE IS HEREBY GIVEN, That the Midsummer General Quarter Sessions of the Peace, for the West Riding of the County of York, will be held by Adjournment at the Court House, in Wakefield, on Wednesday, the 8th Day of September next, at Eleven o'Clock in the Forenoon, for the purpose of inspecting the Riding Prison, (the House of Correction,) and for examining the Accounts of the Keeper of the said House of Correction, making enquiry into the conduct of the Officers and Servants belonging to the same; and also into the behaviour of the Prisoners and their earnings.  And Notice is also hereby given, that at this Sessions the Report of the Committee appointed to select a Site for the proposed New Gaol, or House of Correction, will be presented and taken into consideration.  C. H. ELSLEY, Clerk of the Peace.  Clerk of the Peace's Office, Wakekfield, 26th August, 1841.",FALSE,FALSE,FALSE,FALSE,,,,
690774,0.467039824,7,1852-05-08,star,"Coupling the reception of Rosas with the Prime Minister's denunciation of the Press, for its strictures upon the French usurper, it is impossible to come to any other conclusion than that our Tory Ministers have a natural sympathy with savage and truculent tyranny, all the world over. Such men should have a Rosas to rule them. It is reported, as a verified fact, that on the tyrant's flight from Buenos Ayres, there was discovered at his 'quinta,' or country seat, a collection of human skulls, labelled with the names of their former owners! The addition of certain heads of departments to the ex-Dictator's collection, would be a fitting and right worthy sequel to the Plymouth reception.",TRUE,FALSE,FALSE,FALSE,,,,
867291,0.474441618,7,1848-03-04,star,"Lord J. Russell deprecated a discussion of the budget when the question was adjourned, as most unfair. With respect to Mr Cobden's unsuccessful prophecy, Lord J. Russell said—The hon. member has tried to excite a suspicion that I was not sincere in the declaration I made this evening, and that I would be induced by some coteries and clubs to assume a hostile attitude towards France; but I reiterate my declaration that it is not the intention of the government to interfere in any way whatever with the settlement that France may think it to make with respect to her own government. We, as close and friendly neighbours, only wish that the institutions France may adopt shall tend to her own prosperity. England did not hesitate to perform those duties of hospitality and friendship which have gained for her the title of asylum of the unfortunate; and these duties I for one will never consent that England should refuse to perform. (The noble lord's declaration was loudly cheered.)",FALSE,FALSE,FALSE,FALSE,,,,
523976,0.442619979,7,1845-06-14,star,"that happened might to excite some uneasiness in a few persons, but to others, and the majority, it will be a matter of perfect indifference. The question of the right of the people to bear arms, has been much discussed, and the arguments for and against are well known. The right of the people to bear arms, is a right which has been enjoyed by the people of this country from time immemorial, and which has been recognized by the laws of the land. The right of the people to bear arms, is a right which has been enjoyed by the people of this country from time immemorial, and which has been recognized by the laws of the land. The right of the people to bear arms, is a right which has been enjoyed by the people of this country from time immemorial, and which has been recognized by the laws of the land.  The right of the people to bear arms, is a right which has been enjoyed by the people of this country from time immemorial, and which has been recognized by the laws of the land. The right of the people to bear arms, is a right which has been enjoyed by the people of this country from time immemorial, and which has been recognized by the laws of the land. The right of the people to bear arms, is a right which has been enjoyed by the people of this country from time immemorial, and which has been recognized by the laws of the land.  The right of the people to bear arms, is a right which has been enjoyed by the people of this country from time immemorial, and which has been recognized by the laws of the land. The right of the people to bear arms, is a right which has been enjoyed by the people of this country from time immemorial, and which has been recognized by the laws",FALSE,FALSE,FALSE,FALSE,,,,
914384,0.412263662,6,1853-05-28,leader,"MONEY AND MORALS: This day is published, price 2s. containing 18 sheets of Letterpress, and Illustrated with nearly 200 engravings on Wood.",FALSE,FALSE,FALSE,FALSE,,,,
255184,0.414853126,6,1847-07-17,star,"LAMBETH.—HURRIANTLY OUTRAGE AND CHARGE OF MAN-SLAUGHTER.—James Bruce was charged with manslaughter, in causing the death of an aged female named Mary Allworthy; and also with committing an unprovoked and savage assault on James Blake, 19 years of age. On Saturday night the prisoner, in a state of intoxication, entered the shop of a grocer in High-street, Lambeth, to purchase some coffee; and on approaching the counter he made a most savage attack upon Blake. He caught him by the hair of the head, without the slightest provocation, dragged him about the shop, and ultimately into the street; and while the youth was struggling to disengage himself they both rolled against the woman Allworthy, and knocked her down. She was taken up insensible, and removed to her dwelling, when, after a partial recovery, she became delirious, and died in less than six hours after. The medical gentleman on examining her found a deep incision on the back part of the head, and a fracture of the skull, occasioned no doubt by her falling on one of the large stones which were lying about, through the sewer being under repair. The prisoner in reply to the serious charge, said that he had received a serious wound on the head some years ago, and when he took the least drink he became so much excited as to be perfectly unconscious of what he did; and in the present instance he had not the slightest recollection of the circumstances stated by the witnesses.—The prisoner was remanded,",FALSE,FALSE,FALSE,FALSE,,,,
384246,0.421601802,6,1842-01-15,star,"The testimonial which we now present for your acceptance, we beg of you to regard as a proof of our gratitude, and in presenting it we trust the intercession of your prayers in our behalf. Long as we inhale the breath of life, shall your name live enshrined in our hearts, and the recollection of you be connected with every affectionate association of which we are susceptible. Daily shall the united voice of the thousands of Leeds be raised to the throne of the Almighty to implore benedictions upon your head, and to pray that you may long be a labourer in the vineyard of the Lord, and that when you shall be gathered to your fathers, you may shine like a star to all eternity.  EDINBURGH.—Awful Warning.—No less than three men lost their lives in this city, through drunkenness, during the New Year's revels! One by fighting with a sailor, received a blow which knocked him down, and he never stirred afterwards; the second was a man employed to light and put out the gas lamps in front of the Theatre Royal; he had got intoxicated, when he went to put out the lamps, and he fell from the ladder upon the pavement upon his head, and was killed upon the spot; the third was a young man who had been drinking whisky until he could drink no longer, and the landlord employed a man to carry him home on his back; he did so; but he would not suffer the man to take him up the stairs, so the man left him. In the morning, on his family getting up, he was found dead by his own brother at the door!",FALSE,FALSE,FALSE,FALSE,,,,
107084,0.41908741,6,1842-01-01,star,"As the body of man is not a marketable commodity, neither is his patrimony, therefore be it enacted, that every house inhabited by human beings be provided with 1690 acres of land, or more, according to its relative value or powers of production; that each such endowment be as nearly equal as possible, and upon the whole, calculating on all the advantages derivable from the different sources connected therewith; that each be equal to 1000 acres of good land, that all born within the precincts of such endowments, are members of that commonwealth, holding equal privileges, and in every respect on an equal footing, to cultivate, hold, and defend this their patrimony, as their natural mother, from whom they receive the necessaries of life, without money or price, to be preserved in endless tenure, as a guarantee against poverty and want; which privileges are in no way a marketable commodity, nor transferable, nor in any case to be changed, nullified, abrogated, or got rid of, otherwise than by breach of these laws.  SECTION III.—LAW OF DEFENCE—DISTRIBUTION OF POWER. Be it enacted, that none hold commission or trust of any kind whatsoever, who has not been duly elected and constituted through the suffrages of the adult population of the commonwealth or commonwealths, whose business such are to be intrusted with; those who act for one community to be a ""bone fide"" member of that community; those who do business for more to be a",FALSE,FALSE,FALSE,FALSE,,,,
995129,0.425078362,6,1858-05-01,leader,"| MAULLAND POLYBLANK, 66, Grapechurch-street, and 187A, Piccadilly; and W. Kent and Co., Fleet-street.",FALSE,FALSE,FALSE,FALSE,,,,
469583,0.432944566,6,1851-02-15,star,"that he never left town at all. I gave him £10 for the articles and the fixtures. There was no stock, and he was unable to go on a day longer for the want of money. He told me that he had not more towards his passage-money to Port Natal than £5, and he could not take his wife with him on account of the expense.—The Lord Mayor: How did he know that you had all this money? Witness: He had seen forty-five or forty-six sovereigns with me, and he knew that I had nearly a hundred pounds in sovereigns. I had got sovereigns at the bank but a short time before for a £100 note. As soon as I missed the money I called out to my wife that it was all gone, and she immediately suspected Scolfield, and advised me to go after him. He knew the name of the vessel in which he was going was the John Bright, and I took down an officer to the East India Dock, which the vessel was at the moment leaving. When he saw me he said “Oh, is it you Mr. Hawley?” “Yes,” said I, “I have come about the ninety-eight sovereigns you robbed me of.” “Oh, could you suspect me, Mr. Hawley, of such a thing?” “Yes,” said I, “you are the only person I do suspect, for you are the only person that knew of the money."" He made no reply, and the officer took him into custody. We found that he had on board eight or nine new suits of clothes, and new articles of various kinds, although he had just before scarcely any money. We then brought him here, and your lordship detained him, and we went down to the vessel, which had gone to Gravesend, to make further search. We there found some sovereign",FALSE,FALSE,FALSE,FALSE,,,,
5503,0.410742193,6,1859-04-01,ewj,"A few of the rules are as follow:—  “1. Each lady is expected to select some one branch of useful occupation connected with the objects of the Institution, and to employ herself therein at the time allotted for such occupation.  “2. Absence from prayers, unless occasioned by illness, will be considered a departure from the rules of the house. The bell will ring five minutes before the commencement of prayers; and also before every meal, to allow time for the inmates to assemble.  “3. The hours are thus arranged: Prayers, morning, nine a.m.; evening, nine p.m. Breakfast, immediately after morning prayers. Dinner, two p.m. in summer; six p.m. in winter. Tea, half-past six in summer; eight p.m. in winter. The post comes in at nine a.m. and four p.m., and goes out at half-past six p.m.”  This is merely a very hasty and rough sketch of the general plan of the Institution, but surely it is enough to show what a blessing it will be to England, if, besides all the inestimable benefits conferred on orphan children of all ranks, there is here a home in the truest and best sense of the word, to that large class of single or widowed ladies, belonging to the Church of England, who are left to maintain themselves on the slender portion allotted to them, when their father’s or husband’s home no longer exists. Here they will find the protection and comforts of a large establishment, and be able still to enjoy the country avocations to which probably many of them have been accustomed; their gardens, their schools, their visits to the poor! Here then is plenty of useful work to be done, and so much variety of it, that each may follow her own taste in the",FALSE,FALSE,FALSE,FALSE,,,,
648551,0.427464306,6,1841-04-17,star,"—Not a doubt of it, yer varships, not a doubt of it—I've got de papers what shall prove it to all de world. Commissioner—Now I think there are a good many doubts on the subject; but I dare say if a person wanted the entire cross you could furnish it to them at a cheap rate. What happened after their adventure with Cromwell's helmet and Napoleon's boots! Jew—Yer worships, de little von (the defendant) wash a looking at a picture, when he poked his finger through it, and spoilt it. De subject vash Peter do Great making a pair of shoes. The Commissioner said it was strange the defendant's finger should have gone so easily through a piece of canvas. Solomon explained that it was not an oil painting, but merely a print coloured over and varnished. Its value he estimated at 7s. 6d. Commissioner (to the defendant) —Now, what have you to say about Peter the Great? Peter the Little—Please yer vorship, I'd tuck a drop too much the other night, and was goin' home along with my mate Bobby, wot works on the same board with me, when this here old Jew lays hold 'on me and pulled me slap into his shop. Commissioner— He says you tried to walk off with Oliver Cromwell's helmet; how came you to do that? Peter the Little— Gammon, yer vorship; I tried it on, and jist walked outside to see how I looked in it, that's all. Commissioner—Well, how about Peter the Great? Peter the Little—There was a great hole in it before I touched it at all, and that artful old dodger wants to victimise me for what I didn't do. Solomon—Shepard, my Cot, yer varships,",FALSE,FALSE,FALSE,FALSE,,,,
1238322,0.423808366,6,1821-06-02,repo,"Before I lay down my pen, I must enter my earnest protest against the opinion, that, since we cannot reasonably expect perfection in any human institution, we should, therefore, assent to the proposed measure with all its imperfections. I look for no perfection. Every system of education must be liable to defect. There are even some establishments, altogether founded on false principle, so hallowed by age, and so knit into the very frame and constitution of the public mind, that I would not permit the sacrilegious hand of hasty reform to attempt any amendment; but never can I assent to the propriety of founding a new system upon false principle, and never will I put on the wedding-garment when education is to be sacrificed by an unholy alliance with priestcraft. We are told that Mr. Brougham's Bill, by assisting the good cause at present, will enable it eventually to outgrow every defect, and that the ultimate prevalence of knowledge and liberty is certain. I know that the good cause will eventually triumph, but that expectation, so far from affording a reason in favour of the Bill, forms an unanswerable objection to any such mischievous enactment. The continued efforts of individuals, if not now shackled, will in time infallibly produce an universal conviction, that one of the most useful objects of public expenditure would be the promotion of public education on the most liberal principle of universal comprehension. Then let us not retard the happy period by half measures, founded on a sacrifice of principle. The permitted evil may spread corruption through the whole system. Every page of history warns us to beware of small beginnings, and not to do evil that good may come. Age sanctifies the most preposterous establishments. It may cost a struggle VOL. XYL.",FALSE,FALSE,FALSE,FALSE,,,,
510745,0.410800815,6,1847-05-01,star,"and tried to get out herself, but was prevented. The prisoner drove forward and stopped at a public-house in the Strand and had some liquor with his companion, after which he continued the journey until they came near Pimlico-square, at which place the prisoner changed places with Mills, who got out of the vehicle, and the prisoner no sooner sat down by her side than he began to take improper liberties, which she resisted, at the same time calling aloud for assistance, but the cab was driven along with such fury that her cries were drowned in the noise of the wheels, and it continued until they reached Snow's-fields, the prisoner, all the time, making the utmost exertions to overpower her. By great exertion on her part she at length forced upon the door, and although the cab was still going at a rapid pace, she jumped out, at the risk of her life, and was much hurt, and had her gown, bonnet, and other clothes, torn to pieces. She exhibited her clothes, which were in the condition described.  Policeman 117 M stated, that while he was on duty in Snow's-fields the previous night he saw a cab coming along at a rapid rate, followed by several persons attracted by the complainant's cries. When it had proceeded some distance the complainant was seen to jump out, and he went in pursuit of the vehicle, and succeeded in stopping the horse and securing the prisoner, who was inside, while Mills was on the box driving. The policeman added, that when he went up to the complainant she was insensible from the fall, lying on the ground, and as she appeared to be much hurt, he conveyed her home, where she soon recovered sufficiently to be able to describe the outrage, as she had done in court. The prisoner said the complainant got into his cab without pressing,",FALSE,FALSE,FALSE,FALSE,,,,
869612,0.375547022,5,1849-12-29,star,"Resolutely morning, about twelve o'clock, the schooner Oneida, with a crew of twenty men and twenty passengers, struck on some rocks about two miles off the N. W. of this island, and, after an unsuccessful attempt being made to wear ship, was driven on to the rocks on the southern extremity of La Perrell Bay, where she remained fixed. By the concussion the rudder was unshipped, the ship's back broken, and the mainmast sprung; in consequence of which the latter was cut away and drifted out to sea with its sails and rigging. The sea was now breaking violently over the ship, which it was apprehended would go to pieces; in consequence, several of the boats were got out, but, as they were lowered, they were dashed to pieces with the exception of the longboat, which, however, from the boisterous state of the sea, could not be entered. By this time day was breaking, and the ship being seen from the shore, several boats put out to her assistance, but, owing to the terrific breakers, by which she was surrounded, had great difficulty in approaching her. Finally, however, they got under her bows, and the crew commenced lowering some of the passengers by slings from the bowsprit; but while this operation was in progress, Mr. Henry Tupper, Lloyd's agent, arrived, and seeing the peril to which the passengers were exposed by being slung into the boats, and knowing that in the course of an hour or two, by the falling of the tide, they could be landed in safety, advised the master to keep all hands on board. This advice being followed, the whole of the passengers and crew, with their personal effects, were subsequently brought, without any accident, to shore, where they were kindly received in various neighbouring houses;",FALSE,FALSE,FALSE,FALSE,,,,
716591,0.388613701,5,1841-01-02,star,"Yes; this day the first number of your own Oastler's ""Fleet Papers"" makes its appearance, and you, I trust, my friends, will vindicate yourselves from the opprobrium of being called one great plurality of worldlines and ingratitude, by going, in hundreds, and in thousands, and in tens of thousands, to the booksellers' shops in your respective neighbourhoods, and possess yourselves of the treasure of your ""Old King's"" printed patriotism, and soul-animating thoughts —a treasure which you could keep in remembrance of him—a treasure which will become you to leave as a legacy to your children—a treasure which he (your King) now places within the reach of all of you at so cheap a rate—as bounty.",FALSE,FALSE,FALSE,FALSE,,,,
917345,0.372736633,5,1860-03-03,leader,"A regulation similar to that concerning wine, was introduced not many years ago to levy the duties on sugar. The qualities of this commodity are more perceptible and more easily ascertained than the quantity of spirit contained in wine; yet sugars of the same qualities are entered at different ports at different duties, and sugars of different qualities are charged the same duties at different times and places. There is not only by the sugar duty system great difficulties imposed on trade, but it also gives rise to fiscal injustice and fraud. When the progress of science and art and the nature of wine are duly considered, it may be concluded that a considerable importation of spirits disguised as wine will ensue. The clever and ingenious men who carry out a false system with the greatest care and in the most logical order, are sure to make its imperfections and its evils most conspicuous. The reduction of the wine duties had become absolutely necessary; the adaptation of them to the spirit duties was equally necessary; and this, effected with so much iniquity by Mr. Gladstone, seems very likely to lead, at no distant day, by an equally urgent necessity, to the abolition of the spirit duties.  The questions have already risen, What is wine, and what is spirits? With the progress of art the difficulties of answering these questions will increase day by day. Very soon the law officers of the Crown will find themselves in the same perplexity with regard to wine and spirits as they were in with regard to the question what is a newspaper, and what is paper? They will be unable to define them, except by some scientific or artistic distinction which would remove to experts from men of business the duty of determining the nature of the commodities in which they deal. This would hardly be borne. It is the repetition of the blunder already committed in taxing newspapers and paper, and will lead to the",FALSE,FALSE,FALSE,FALSE,,,,
465516,0.362653404,5,1849-10-06,star,"CAUTION TO SELLERS of STAMPS—By the new Stamp Act, which will come into force on Wednesday next, the stamp allowances are reduced from 7½ per cent. to 1½ per cent., in consequence of which reduction it has been suggested that sellers of receipt stamps should make a charge for the paper on which they are impressed, as for bill stamps. There is, however, an act of Parliament, unrepealed, which will subject them to a penalty of 10s. for every such offence. The fourth section of the 9th of George IV., c. 27 is in the following words:—  ""And whereas it is highly improper that any vendor of stamps for receipts should, upon the sale thereof, make any charge for the paper upon which such stamps are impressed, seeing that such paper is by this act directed to be supplied gratis by the Commissioners of Stamps; be it further enacted, that if any person or persons, upon the sale of any stamp or stamps for a receipt or receipts, shall make any charge for the paper wherein the same shall be impressed, or shall, under any colour or pretext whatever, demand or receive a greater price or sum than the amount of the stamp duly such stamp or stamps, every person so offending shall for every such offence forfeit and pay the sum of £10, to be sued for and recovered, levied, and applied in such and the same manner as any penalties under any other net or axis relating to stamp duties, may be sued for, recovered, and applied.""",FALSE,FALSE,FALSE,FALSE,,,,
966349,0.390744448,5,1854-12-16,leader,"""Fire catch your heart!"" ha, Hedmoff!"" exclaimed his Royal Highness. "" —Oh the boldest of Gifts, whose Prince of Pasleponia,"" Hedmoff went on, with indescribable emotion, ""My Prince, give up your sword without, addo. Look! we are thirty thousand men, to one!""  ""Give up my sword!"" cried the Prince; and, stepping back, he turned to the Balmoral, the royal youth, without preparation, delivered a speech, so magnificent that no report can do justice to it. It was all in blank verse — which, from this time, he invariably spoke, as more becoming his majestic station. It lasted till, three days and three nights, during which not a single person who heard him was tired, or remarked the difference between daylight and dark. The soldiers only, observing tremendously, when occasionally, once in nine hours, the Prince paused strange an orange, which Jones took out of the bag. He explained, in terms which we say we shall not attempt to convey, the whole history of the previous transaction; and the determination not only not to give up his sword, but to assume his rightful crown: and, at the end of this extraordinary, this truly Shakespearean effort, Captain, Hedmoff flung up his helmet, and cried, ""Hurray! Hurray! Long live King Giglio!""  Such were the consequences of having employed his time well, at culgogo!  A MATTER NOT PRECUMINENT.  Ah! it I had the pen of a Sir Archibald Alison, my dear friends, would I not now entertain you with the account of a most tremendous battle? Should not, I no less be struck with dreadful wounds, be delivered? arrows darken the air? cannonballs crash through the battalions? cavalry charge infantry? infantry",FALSE,FALSE,FALSE,FALSE,,,,
104380,0.39299646,5,1849-12-22,star,"Miss CLARA SEYTON, whose name is well known to the lovers of vocal music, gave twice last week, and once this week—on Tuesday last—a Literary and Musical Entertainment, at the Western Literary and Scientific Institution, Leicester Square. The programme of the evening embraced an immense variety of topics in connexion with the lives and works of the descriptive poets and minstrels of Hungary, Denmark, Germany, and England. The performance more than realised our expectations. The extent of Miss Sexton's information concerning the great range of subjects on which she descanted, struck us as truly astonishing. As a speaker, her voice and manner are both admirable. Her elegant observations on the recent struggle in Hungary elicited enthusiastic applause. That portion of her address had, however, one fault— its brevity. As a singer she is at once both sweet and powerful, and leaves nothing to be desired. This much by way of introduction to one of the Hungarian songs—a translation, of course—encored by Miss Sexton's audience on Tuesday evening last:—",FALSE,FALSE,FALSE,FALSE,,,,
1187534,0.370704472,5,1889-11-15,circ,"The Committee which was appointed to make arrangements for a memorial to the late Mr. J. F. Bottomley Firth has decided that it shall take the form of a Book Fund, to be expended in periodically distributing to the Free Libraries books dealing with municipal and kindred topics.  The American Copyright League have arranged to introduce an International Copyright Bill in the coming session of Congress substantially in the form which passed the Senate last Congress, when it failed because the House had no time for action. The advocates of the Bill report excellent prospects of its passage this winter. As drawn, it limits the American copyright of foreign publications to works printed from type set in the United States, thus preventing the importation of plates.  Mr. Septimus Rivington, for many years a partner in the well-known house of the same name in Waterloo Place, and Mr. Percival, son of Dr. Percival, Head Master of Rugby, have commenced business as publishers—chiefly, we believe, of educational works—at 34 King Street, Covent Garden, W.C., and intend to trade under the title of Percival & Co.  The munificent sum of one hundred thousand pounds has been left to St. Andrews University by the late Mr. David Berry, of Coolangatta, one of the oldest of the Australian colonies.",FALSE,FALSE,FALSE,FALSE,,,,
1004515,0.367162257,5,1857-06-13,leader,"*** *** *** 87 *** *** ***  *** *** *** 89 *** *** ***  *** *** *** BANCROFT called the attention of the House to the amendment proposed to the clause for the recognition of adultery. By this clause, the Court should have power to increase the amount of the clause as it originated with approbation.  *** *** *** BANCROFT proposed a new clause, to which the amendment, punishing adultery, or with fine or imprisonment, the committee  *** *** *** 48 *** *** ***  *** *** *** 53 *** *** ***  *** *** *** 10 *** *** ***  *** *** *** The motion of the Archbishops was inserted prohibiting marriage again. This clause in which the number was inserted prohibiting marriage again. This clause in which the number was inserted prohibiting marriage again. This clause in which the number was inserted prohibiting marriage again. This clause in which the number was inserted prohibiting marriage again. This clause in which the number was inserted prohibiting marriage again. This clause in which the number was inserted prohibiting marriage again. This clause in which the number was inserted prohibiting marriage again. This clause in which the number was inserted prohibiting marriage again. This clause in which the number was inserted prohibiting marriage again. This clause in which the number was inserted prohibiting marriage again. This clause in which the number was inserted prohibiting marriage again. This clause in which the number was inserted prohibiting marriage again. This clause in which the number was inserted prohibiting marriage again. This clause in which the number was inserted prohibiting marriage again. This clause in which the number was inserted prohibiting marriage again. This clause",FALSE,FALSE,FALSE,FALSE,,,,
1204913,0.385350913,5,1880-01-17,circ,"It is only necessary to state that the representative of the firm at the Central Office has had the largest experience of any man living in the higher classes of Artistic Colour Printing, in the production of such works as the folio Robert's Holy Land, Egypt, &c.; and all the great works by Louis Haghe ; 'The Grammar of Ornament,' and all other works by Owen Jones ; 'The Industrial Arts at the Great Exhibition of 1851; and all other works by Sir M. Digby Wyatt ; 'The Masterpieces of Industrial Art at the Great Exhibition of 1862,' and other works by J. B. Waring,—to prove that intelligence and cultivated taste will supervise every commission entrusted to EMBIK & BINGER.",FALSE,FALSE,FALSE,FALSE,,,,
797394,0.365504831,5,1846-12-19,star,"conceit. Rejecting, therefore, the jumble of ghosts, bleeding hearts, and romantic vows, which have been now brought to my recollection, I shall proceed with my narrative.  The morning after I had heard the O'Donnells' history—mind, I abstain from troubling the reader with my night's reflections and dreams—I started, with Phelimeen, for the residence of my friend, Father O'Farrell, at ten o'clock, having taken a cordial farewell of ""The O'Donnells"" and Kathleen. We had not proceeded more than some half a mile upon our journey when we overtook a middle-aged moun-tainer, trudging, his way to the market of Skibbereen with a pig, who, being an acquaintance of my fellow traveller, after saluting him, asked him where he was going; and, having learnt his mission, and that I was a friend of Father O'Farrell's, he at once threw off all reserve, and, wishing to know something of the opinion of his class of our rulers, I asked him,—  ""Well, my friend, which of the Ministers do you like best for Ireland?""",FALSE,FALSE,FALSE,FALSE,,,,
379504,0.357806325,4,1842-10-15,star,"Hamilton Gazette, are now regularly employed in the interests of the people. The Hamilton Advertiser, the Hamilton Spectator, and the Hamilton Gazette, are now regularly employed in the interests of the people. The Hamilton Advertiser, the Hamilton Spectator, and the Hamilton Gazette, are now regularly employed in the interests of the people. The Hamilton Advertiser, the Hamilton Spectator, and the Hamilton Gazette, are now regularly employed in the interests of the people. The Hamilton Advertiser, the Hamilton Spectator, and the Hamilton Gazette, are now regularly employed in the interests of the people. The Hamilton Advertiser, the Hamilton Spectator, and the Hamilton Gazette, are now regularly employed in the interests of the people. The Hamilton Advertiser, the Hamilton Spectator, and the Hamilton Gazette, are now regularly employed in the interests of the people. The Hamilton Advertiser, the Hamilton Spectator, and the Hamilton Gazette, are now regularly employed in the interests of the people. The Hamilton Advertiser, the Hamilton Spectator, and the Hamilton Gazette, are now regularly employed in the interests of the people. The Hamilton Advertiser, the Hamilton Spectator, and the Hamilton Gazette, are now regularly employed in the interests of the people. The Hamilton Advertiser, the Hamilton Spectator, and the Hamilton Gazette, are now regularly employed in the interests of the people. The Hamilton Advertiser, the Hamilton Spectator, and the Hamilton Gazette, are now regularly employed in the interests of the people. The Hamilton Advertiser, the Hamilton Spectator, and the Hamilton Gazette, are now regularly employed in the interests of the people. The Hamilton Advertiser, the Hamilton Spectator, and the Hamilton Gazette, are now regularly employed in the interests of the people. The Hamilton Advertiser, the Hamilton Spectator, and the Hamilton Gazette, are now regularly employed in the interests of the people. The Hamilton Advertiser,",FALSE,FALSE,FALSE,FALSE,,,,
234969,0.324681848,4,1851-08-23,star,"who take an interest in the manners and customs of other countries.  The following is an abridged description of what he has seen and heard during his stay among the natives. It is a work of great interest and value, and will be read with pleasure by all who take an interest in the manners and customs of other countries.  The following is an abridged description of what he has seen and heard during his stay among the natives. It is a work of great interest and value, and will be read with pleasure by all who take an interest in the manners and customs of other countries.  The following is an abridged description of what he has seen and heard during his stay among the natives. It is a work of great interest and value, and will be read with pleasure by all who take an interest in the manners and customs of other countries.  The following is an abridged description of what he has seen and heard during his stay among the natives. It is a work of great interest and value, and will be read with pleasure by all who take an interest in the manners and customs of other countries.  The following is an abridged description of what he has seen and heard during his stay among the natives. It is a work of great interest and value, and will be read with pleasure by all who take an interest in the manners and customs of other countries.  The following is an abridged description of what he has seen and heard during his stay among the natives. It is a work of great interest and value, and will be read with pleasure by all who take an interest in the manners and customs of other countries.  The following is an abridged description of what he has seen and heard during his stay among the natives. It is a work of great interest and value, and will be read with pleasure by all who take an interest in the manners and customs of other countries.",FALSE,FALSE,FALSE,FALSE,,,,
104333,0.346243173,4,1849-12-22,star,"CALIFORNIA A FREE STATE.—The steamer Empire City arrived at New York, on the 11th inst., She brings intelligence of the holding of a Convention to form a Constitution for California. The Convention commenced business on the 4th of September, by choosing Robert Semple, of the District of Sonora, President. The members took the oath to support the Constitution of the United States. Some were opposed to organising a State government; but a majority of the Convention were of a different opinion, and the objectors gave way. The vote stood eight to twenty-eight. The first section of the Constitution affirms, in the words of the preamble to the Declaration of Independence, that all men are by nature free; &c. The seventeenth section refers to slavery, and is thus explicitly worded:—“Neither slavery, nor Involuntary Servitude, unless as a Punishment of Crime, shall ever be tolerated in this State.”—So far satisfactory. But how speedily do the Californians forget their assertion about the equality of all men! They no sooner set about settling the suffrage question, than they begin forthwith to contradict themselves. Indians, Africans, and descendants of Africans, are specially excepted, as not to be allowed the right to vote, or, of course, in any way to interfere with the measures of government. Thus is the coloured man, go where he will, under the flag of the United States, insulted and degraded. We are thankful, however, for the clause prohibiting slavery. This is the result of the large emigration from the Free States. It is probably different from what was anticipated by our slaveholding government. The South, no doubt, hoped to extend her patriarchal reign over the territory. In this, Calhoun and company are disappointed, Slavery will not be permitted in California.—North Star.  (We observe in the Washington correspondence of the New",FALSE,FALSE,FALSE,FALSE,,,,
835457,0.352441996,4,1845-11-01,star,"Messrs. Lucas and Parkinson, Argyll-street, Regent-street, Physician.  Robert Willis, M.D., Dover-street, Piccadilly, Surgeon.  B. Atkinson, Esq., King William-street, City, Actuary and Secretary.  J. J. Sylvester, Esq., M.A., F.R.S.",FALSE,FALSE,FALSE,FALSE,,,,
930746,0.322932214,4,1851-06-14,leader,"PROGRESS OF ASSURANCE.  The following is a list of the progress of assurance in the various districts of the Wesleyan Methodist Church during the year 1858:—  | District | Members in 1857 | Members in 1858 | Increase | |------------------|------------------|-----------------|----------| | Leeds | 1,200 | 1,300 | 100 | | Bradford | 800 | 900 | 100 | | Halifax | 700 | 800 | 100 | | Wakefield | 600 | 700 | 100 | | Huddersfield | 500 | 600 | 100 | | Dewsbury | 400 | 500 | 100 | | Wakefield | 300 | 400 | 100 | | Halifax | 200 | 300 | 100 | | Bradford | 100 | 200 | 100 | | Leeds | 50 | 100 | 50 | | Huddersfield | 50 | 100 | 50 | | Dewsbury | 50 | 100 | 50 | | Wakefield | 50 | 100 | 50 | | Halifax | 50 | 100 | 50 | | Bradford | 50 | 100 | 50 | | Leeds | 50 | 100 | 50 | | Huddersfield | 50 | 100 | 50 | | Dewsbury | 50 | 100 | 50 | | Wakefield | 50 | 100 | 50 | | Halifax | 50 | 100 | 50 | | Bradford | 50 | 100 | 50 | | Leeds | 50 | 100 | 50 | | Huddersfield | 50 | 100 | 50 | | Dewsbury | 50 | 100 | 50 | | Wakefield | 50 | 100 | 50 | | Halifax | 50 | 100 | 50 | | Bradford | 50 | 100 | 50 | | Leeds | 50 | 100 | 50 | | Huddersfield | 50 | 100 | 50 | | Dewsbury |",FALSE,FALSE,FALSE,FALSE,,,,
591053,0.335901141,4,1850-11-30,star,"ALLEGED MURDER UPON THE HIGH SEAS.—William Gray, captain of the bark Defender, of Newcastle, was brought to Exeter last week, having been apprehended at Stockton-upon-Tees, at which port his ship had just arrived from a voyage, on a warrant charging him with the wilful murder of a boy named William Vinson, aged fourteen, in the month of November, 1848. The case was investigated at the castle of Exeter, before the Hon. W. W. Addington, Mr. W. Miles, and the Rev. Arthur Atherley, magistrates for the county of Devon, and has excited much indignation. The Defender, it appears, sailed in September, 1848, on a voyage to Quebec and back again, going out in ballast and bringing home timber, and it was during the voyage home that the boy died from the ill-treatment, as alleged, of the captain. From the depositions it appears that on one occasion the deceased was ordered to clean down the cabin, and for neglecting to do so was “rope’s-ended.” On another occasion, when the ship lay in the Gulf of St. Lawrence, he was ordered to go aloft and loosen the foot of the mizzen, but because he did not ascend the rigging with sufficient lightness of step he was called back and directed by the captain to strip naked, and then go aloft in that state—the weather being piercingly cold, all the crew warmly clad, with their pen-jackets, and mittens even on their hands. On his coming down deceased was ordered by the prisoner to go round the vessel six times in the same unprotected condition. Whether he contracted a violent cold or not does not appear, but his health from that time was observed to decline. On another occasion, while suffering from bowel complaint, he was",FALSE,FALSE,FALSE,FALSE,,,,
987154,0.331484616,4,1854-08-05,leader,"""Tables similar to this have been the theme of much silly declamation about the grasping, insatiable ambition of Russia. No doubt her rulers have had the same desire to extend her territories as those of France, England, and other powers; but certainly they are not, in this respect, in any degree peculiar. In point of fact, too, by far the greater part of the territorial acquisitions of Russia have consisted of mere deserts, or of countries occupied by roving barbarians, and are worth little or nothing. Her really valuable acquisitions have been confined to those on the side of Poland and the Black Sea. Her conquests in this direction have added materially to her power; and it is but fair to add, that they have also added very materially to the well-being and civilisation of the inhabitants:  Mr. McCulloch's statistical account of Turkey is equally pains-taking, and his deductions, perhaps, equally subject to correction. If he is disposed to regard Russia too favourably, he is a thorough pessimist as regards the Ottoman Empire. He insists on the incurable abuses of the Mahommedan system, and while praising the policy of the reigning Sultan, expresses his doubt ""whether the dissolution"" of the empire can be prevented;3 and con-",FALSE,FALSE,FALSE,FALSE,,,,
1149920,0.350929856,4,1850-10-19,leader,"For fifteen years that I have been talking of such a scheme of life as worthy of trial, listeners have shaken their heads, and said the ladies would quarrel; that they would not have courage so to pronounce upon themselves as single women or widows; and that a life of privacy will always be preferred by ladies. Denying none of these objections, I still wish—and more and more earnestly—to see the experiment tried. The ladies might quarrel: and if they did, the discontented could go back to their solitude. But it seems to me that the irritations of solitary poverty must be worse for the temper than the collisions of a household. Whatever care was used in the first selection (and great care should be used): there would no doubt be faulty tempers and ungenial ways among persons so brought together. The question is, whether there would be forbearance, justice, and benevolence to deal with the evil here as in other human associations. As for the second objection, women who could sacrifice so much to it must take care of themselves as they best can. They are not subjects for the experiment. As for the third objection, it is probable that every woman of the twenty would prefer some mode of life which she cannot obtain to that which association offers, as a young shopman might like to be a college student, or an invalid to be running about in rude health. The question is, whether, their desire being impracticable, the new mode of life is worth trying as an improvement upon the present one. It seems to me that few could prefer the sort of privacy I have described to the associative life, which would still afford to those who wished it more privacy than ninety members of society in a hundred can command. But what I think about this is of no consequence. I want to know what others think, and especially",FALSE,FALSE,FALSE,FALSE,,,,
934841,0.33619675,4,1854-01-28,leader,"LITERATURE.  Judges are not the legislators, but the judges and police of literature. They do not make laws—they interpret and try to enforce them.—Edinburgh Review.  We had occasion recently to speak of the Rewards of Literature, and this week a curious illustration comes to hand. Let a man win a victory or so, and his descendants will sit in the House of Lords to give the nation the treasured benefit of their unwinsome counsel. But let him win never so many victories over ignorance—let him teach and delight millions—he founds no family, he leaves no fortune. From obscurity he springs, into it his family vanishes. It was but the other day that a descendant of the great Corneille was discovered in France. The Emperor, knowing his countryman, immediately pensioned her. Will our Government pension the descendant of Dr. Fox, recently discovered? Our Government can, from its niggard stores allotted to Literature, Science, and Art, pension widows who have houses in Belgravia, and live ""in the first circles,"" but if it finds one penny for a great-grandson of Dr. Fox, the amazement of the nation will be immense.",FALSE,FALSE,FALSE,FALSE,,,,
352870,0.359638453,4,1848-11-25,star,"hedges of the prickly pear growing along their base. The inhabitants fired shyly from the loopholes pierced in these walls and in the walls of the houses. Upon the terraces of the latter also might be seen picturesque groups of gaunt warriors, their flowing burnouses thrown back as they handled with activity their long guns.  In one of these last villages some half dozen of them boldly remained after the great body of their comrades had fled, in a large square building commanding the entrance of the village on the side we approached, and kept up a determined fire at point-blank. It was all to no avail, however, the narrow streets were soon crowded with French troops, ravishing, massacring, and plundering on all sides. Neither sex nor age was regarded, the sword fell upon all alike. From one house blood-stained soldiers, laden with spoil, passed forth as I entered it. Upon the floor of one of the chambers lay a little girl of twelve or fourteen years of age. There she lay writhing in agony, and in the agonies of death, and an accursed ruffian thrust his bayonet into her. God will requite him! In another house a wrinkled old woman sat crouched upon the matting, rapidly muttering, in the agony of fear, prayers to Allah with a trembling tongue. A pretty child of six or seven years old, laden with silver and coral ornaments, clung to her side, her eyes streaming with tears as she clasped her aged mother's arms. The soldiery, mad with blood and rage, were nigh at hand. I seized the fair child. A moment was left to force her into a dark recess at the far end of the building—some ragged mattresses thrown before it served to conceal her, and, whilst I was making signs to her mother to hold silence, soldiers rushed in. Some ransack",FALSE,FALSE,FALSE,FALSE,,,,
3516,0.302831531,3,1859-08-01,ewj,"day, and with less return than she would receive for devoting five or six hours daily to either of the occupations we have named, and which, under the protection and with the assistance of her parents, would have been a delightful employment; but are now utterly unattainable. Painting, modelling, wood-engraving, writing of all kinds, book-keeping, watchmaking, designing and repairing all kinds of jewellery, correcting for the press, telegraph clerks, nurses, shopwomen, needlewomen—these works are all now open to us, but we wait teachers.  To every woman we would urge the duty of strengthening her daughters for the battle of life; to many of them it will be a battle for life. What does the wisest of men say on the subject of women's work. ""She seeketh wool and flax, and worketh diligently with her hands. She is like the merchant's ships; and bringeth her food from afar. She considereth a field, and buyeth it; with the fruit of her hands she planteth a vineyard. She maketh fine linen, and selleth it, and delivereth girdles to the merchant. Strength and honor are her clothing; and she shall rejoice in time to come."" And this pattern for women was also a wife, mother, and mistress of a family: it was not supposed by Solomon that she must neglect these duties. ""Her household was clothed in scarlet. She riseth while it is yet night, and giveth meat to her household, and a portion to her maidens. She stretcheth out her hand to the poor; her clothing is silk and purple. Her children rise up and call her blessed; her husband also, and he praiseth her.""  Who would now print and publish the opinions of a woman on the duties of husbands, brothers,",FALSE,FALSE,FALSE,FALSE,,,,
198440,0.29255864,3,1847-08-14,star,"I am sorry to say that the Bethel field is to be converted into a place of recreation for the people, and the Bethel field is to be converted into a place of recreation for the people. I am sorry to say that the Bethel field is to be converted into a place of recreation for the people, and the Bethel field is to be converted into a place of recreation for the people. I am sorry to say that the Bethel field is to be converted into a place of recreation for the people, and the Bethel field is to be converted into a place of recreation for the people. I am sorry to say that the Bethel field is to be converted into a place of recreation for the people, and the Bethel field is to be converted into a place of recreation for the people. I am sorry to say that the Bethel field is to be converted into a place of recreation for the people, and the Bethel field is to be converted into a place of recreation for the people. I am sorry to say that the Bethel field is to be converted into a place of recreation for the people, and the Bethel field is to be converted into a place of recreation for the people. I am sorry to say that the Bethel field is to be converted into a place of recreation for the people, and the Bethel field is to be converted into a place of recreation for the people. I am sorry to say that the Bethel field is to be converted into a place of recreation for the people, and the Bethel field is to be converted into a place of recreation for the people. I am sorry to say that the Bethel field is to be converted into a place of recreation for the people, and the Bethel field is to be converted into a place of recreation for the people. I am sorry to say that the Bethel field is to be converted into a place of recreation for the people, and the Bethel field is to be converted into a place",FALSE,FALSE,FALSE,FALSE,,,,
283774,0.290376425,3,1846-11-14,star,"To Mr. Croft.  Saffron Walden, July 11th, 1844.  I have used KEATING'S COUGH LOZENGES these last twenty years, and have always derived benefit from them. About twenty-two years ago I was exceedingly ill with a COUGH, and could get no relief from any medicine I tried; a gentleman recommended me to try these LOZENGES, which I did, and found immediate relief; and I think two Boxes effected a COMPLETE CURE. I had already had the advice of an eminent physician, and two surgeons, but nothing they ordered for me did me any good.  I remain, dear Sir, your's truly, J. MILLER.  To Mr. Keating.  P.S.—I shall always feel the greatest confidence and pleasure in recommending them.  Sir,—I shall feel extremely obliged to you if you would send me a Tin of your most excellent Lozenges, for having tried them, I find they are the best remedy for Cough that can possibly be had; this I can testify from experience, for I have been troubled with a most violent Cough for many years, and have tried many things, but without any benefit, until I met with your Lozenges, and they afforded me instant relief.  I remain, Sir, yours truly, HENRY WOODERSON, 1, North Feltham Place, near Hounslow. Feb. 12, 1845, To Mr. Keating, St. Paul's.",FALSE,FALSE,FALSE,FALSE,,,,
771846,0.298466325,3,1843-09-02,star,"Mad Doc.—On Monday morning as a dog-fancier named Jones, was proceeding along Millbank with a valuable dog, the animal on seeing the river instantly showed violent symptoms of madness, biting at every thing it could come near; the owner instantly after this seized hold of the dog, but the animal bit him in the arm, and he threw it into some deep mud by the side of the river, when a boat-hook was proured from Mr. Fry, the coal-merchant, and the dog was forced under the the mud and suffocated. Several persons had a narrow escape from being bit by the dog; and one person in running away, fell down and severely injured his knee. The arm of Jones was very much bruised, but fortunately he had a thick fustian coat on, which prevented his arm from being lacerated, and perhaps fatal consequences following.",FALSE,FALSE,FALSE,FALSE,,,,
390184,0.297796428,3,1850-12-14,star,"Jane Parnell, with intent to murder her,—Mr. Arnold said he would accept substantial bail for their future appearance.—The bail, however, was not forthcoming at the close of the court, and the prisoners were therefore carried away in the van.  THAMES.—A Wilful Boy.—John Murphy, aged fourteen, the son of a coalwhipper, at Queen-street, Wapping, was charged with attempting to commit suicide. For the last three weeks he had absented himself from school, and absconded",FALSE,FALSE,FALSE,FALSE,,,,
388230,0.292190701,3,1851-01-11,star,the names of several persons who have recovered.   THE DEATHS.   The deaths column contains the names of several persons who have died.   THE INQUESTS.   The inquests column contains the names of several persons who have been inquested.   THE ACTIONS.   The actions column contains the names of several persons who have brought actions.   THE DEFENCES.   The defences column contains the names of several persons who have defended actions.   THE JUDGMENTS.   The judgments column contains the names of several persons who have been judged.   THE APPEALS.   The appeals column contains the names of several persons who have appealed.   THE ARRESTS.   The arrests column contains the names of several persons who have been arrested.   THE ESCAPES.   The escapes column contains the names of several persons who have escaped.   THE RECOVERIES.   The recoveries column contains the names of several persons who have recovered.   THE DEATHS.   The deaths column contains the names of several persons who have died.   THE INQUESTS.   The inquests column contains the names of several persons who have been inquested.   THE ACTIONS.   The actions column contains the names of several persons who have brought actions.   THE DEFENCES.   The defences column contains the names of several persons who have defended actions.   THE JUDGMENTS.   The judgments column contains the names of several persons who have been judged.   THE APPEALS.   The appeals column contains the names of several persons who have appealed.   THE ARRESTS.   The arrests column contains the names of several persons who have been arrested.   THE ESCAPES.   The escapes column contains the names of several persons who have escaped.   THE RECOVERIES.   The recoveries column contains the names of several persons who have recovered.   THE DEATHS.   The deaths column contains the names of several persons who have died.   THE INQUESTS.   The inquests column contains the names of several persons who have been inquested.   THE ACTIONS.   The actions column contains the names of several persons who have brought actions.   THE DEFENCES.   The defences,FALSE,FALSE,FALSE,FALSE,,,,
1116983,0.314749539,3,1854-03-25,leader,"The Arts.  The following is a list of the principal works of art which have been recently exhibited in the principal galleries of the metropolis:—  ROYAL ACADEMY.  The Exhibition of the Royal Academy of Arts was opened on Monday, May 10th, by His Majesty the King, attended by the Queen and the Royal Family. The Exhibition is one of the most important and interesting that has been held for many years, and contains a large number of works of the highest merit. Among the most notable are the following:—  "" The Death of Nelson "" by Sir Edward Landseer.  "" The Last Journey of the Duke of Wellington "" by Sir Francis Grant.  "" The Meeting of the Watering-place Board "" by Mr. Frith.  "" The Return from the Market "" by Mr. Millais.  "" The Lady of the Lake "" by Mr. Leighton.  "" The Lady of the Lake "" by Mr. Leighton.  "" The Lady of the Lake "" by Mr. Leighton.  "" The Lady of the Lake "" by Mr. Leighton.  "" The Lady of the Lake "" by Mr. Leighton.  "" The Lady of the Lake "" by Mr. Leighton.  "" The Lady of the Lake "" by Mr. Leighton.  "" The Lady of the Lake "" by Mr. Leighton.  "" The Lady of the Lake "" by Mr. Leighton.  "" The Lady of the Lake "" by Mr. Leighton.  "" The Lady of the Lake "" by Mr. Leighton.  "" The Lady of the Lake "" by Mr. Leighton.  "" The Lady of the Lake "" by Mr. Leighton.  "" The Lady of the Lake "" by Mr. Leighton.  "" The Lady of the Lake "" by Mr. Leighton.  "" The Lady of the Lake "" by Mr. Leighton.  "" The Lady of the Lake "" by Mr. Leighton.  "" The Lady of the Lake "" by Mr. Leighton.  "" The Lady of the Lake "" by Mr.",FALSE,FALSE,FALSE,FALSE,,,,
985261,0.273790926,3,1859-12-03,leader,"The launch of the Gloire at Toulon should be marked as one event of the day. This experimental frigate, destined to determine whether the French navy is to wear armour or not, was not, as some people have supposed, steel-plated before leaving the yard. The shell or cuirass with which La Gloire is to resist the “united bullets of the united navies of the world,” will not be applied until the wood work of the vessel has grown properly seasoned by remaining some time in the basins of Toulon. The great iron giant cleavers, to be adapted to the prows of vessels, designed by the Emperor, from the suggestions in Captain Brunet’s “Nouvel Armement Général,” are now ready. They have been forged at Indre, they are four in number, and present a most formidable appearance—the most terrific looking instruments of death and rengagement ever yet beheld. The most effective experiments have been made to prove the strength of the metal, during which but one of the levers was in any way affected, and that was only by slightly bending towards its summit. Much faith is placed by Frenchmen in these new additions to the chances of victory. No vessel constructed to any mode hitherto known, according to the judgment of scientific men, being capable of resisting the tremendous shock of the Emperor.",FALSE,FALSE,FALSE,FALSE,,,,
61696,0.296673745,3,1843-12-16,star,"also taken into custody on Friday night. The taps were clearly identified as those which had been stolen, and the prisoners were both committed for trial.  BREAKY.—On Monday last, a woman named Mary Hilton, was charged, before the sitting magistrates at the Leeds Court House, with having intermarried with John Hutchinson, her former husband, George Hilton, being still alive. The evidence went to shew that the prisoner's first husband, George Hilton, to whom she was married at Leeds Parish Church, on the 3rd of February, 1829, is a private soldier in the 36th Infantry, in which regiment he was at the time of his marriage. During that year the regiment went to Ireland, and was afterwards ordered abroad, and proceeded to the West Indies, Mr. Hilton being left behind, as she says, "" destitute of house or habitation."" She then returned to Leeds, and became acquainted with Hutchinson, who is a cloth-dresser; and to whom she was married at Rothwell Church, in her maiden name, on the 29th of December, 1831. She has since borne five children, and lived with Hutchinson until about eight months ago, when she ran away with a young man, who had been an assistant with her husband. She was apprehended at Leeds on Saturday night, on a warrant obtained against her by Hutchinson. Hilton, it was proved, is now in Dublin, at which place he was seen on the 26th of last month; it did not appear, however, that he had made any inquiry after his wife. The woman declared that Hutchinson knew she had a husband living when he married her; she also said that she had not heard anything from her husband until about twelve months ago, when his sister told her that they had heard from him, but that he had not mentioned her. She had no idea what she had been brought there for. The magistrates",FALSE,FALSE,FALSE,FALSE,,,,
221512,0.314421535,3,1850-06-29,star,"- M. MATHIEU: What you do without the people, the people will undo without you. If you have monarchial hopes they are not founded on the President of the republic; your ideas, your affections are elsewhere. Why give these three millions to the President of the Republic? Do you not think this will",FALSE,FALSE,FALSE,FALSE,,,,
121534,0.260011107,2,1850-02-23,star,"A VISIT TO POTTERSVILLE, WISCONSIN TERRITORY, UNITED STATES.",FALSE,FALSE,FALSE,FALSE,,,,
424972,0.266994953,2,1845-03-22,star,"PORT NATIONAL T.  LONDON, SATURDAY",FALSE,FALSE,FALSE,FALSE,,,,
1179093,0.254196674,2,1884-10-01,circ,"The New Book by the Author of the Stories in 'Children Busy,' &c.  UNDER MOTHER'S WING. Most carefully printed in Colours from Designs by J. K. Illustrated cover, cloth boards, 4s.  BISHOP WALSHAM HOW'S NEW BOOK.  THE BOY HERO. A Story Founded on Fact. Twelve illustrations by H. J. A. Miles. Crown oblong, paper boards, illustrated cover, 1s. 6d.  OFF TO CALIFORNIA. Adapted from the Flemish by JAMES F. COBB, Author of ' The Watchers on the Longships,' 'Martin the Skipper,' &c. With full page illustrations by A. Forestier. Crown 8vo. cloth, bevelled boards, 3s. 6d.  The New Book by the Author of 'Honor Bright,' &c.  N. OR M. By the Author of 'Honor Bright,' 'Peas Blossom,' 'One of a Covey,' &c. Illustrated by H. J. A. Miles. Crown 8vo. cloth, bevelled boards, 3s. 6d.  THE SISTER DORA OF AMERICA.  SISTER LOUISE: The Story of her Life-Work. By the Rev. M. VAN HENSSELAER, D.D. With Portrait, 2s. 6d.",FALSE,FALSE,FALSE,FALSE,,,,
760050,0.271781474,2,1841-02-06,star,"which discussed matters relative to the Old Testament only; it was a question of offence which was punishable at common law. Although not exactly bearing on the case, he would remind the Court of the observation made by the defendant at the trial, that the doctrine of Christianity being part of the law of the land originated in a mis-transcription of a case in the Year Book in the 2d and 4th Henry VI. and that error had been copied into all the succeeding cases. He would now refer the Court to the judgment of Chief Justice Hale, in the case of the four witches who had been hanged in the reign of James the First; that Learned Judge asserting that there was no crime of their existence. The Court was aware that during the reign of James the First, when the law originated, there was no end of the legal murders that took place under the charges of witchcraft and blasphemy. The law certainly could not be made further back, and had its origin in religious or political animosities, when Judges were found to carry into effect the wishes of persons in power or authority. In the case of the King v. Woolstone, who was tried for a libel, impugning the miracles of Jesus Christ, the objection was taken that it was not an offence indictable at common law, but the objection was overruled by the Court, on the ground that the Christian religion was part of the law of the land. The Learned Counsel then referred to the cases of Jacob, Peter Annet, Wilks, and the King and Wilkes; in the latter case the Court held that the libel was indictable at common law, because the libel denied the authority of the Holy Scriptures, and that the Christian religion was part and parcel of the law of the land. In all these cases the divinity of Christ, and the authority of the Scriptures generally, were questioned; but he submitted that",FALSE,FALSE,FALSE,FALSE,,,,
816754,0.240685195,2,1846-02-07,star,"Count von Hatzfeldt, Ambassador Extraordinary and Plenipotentiary.   From His Majesty the King of Sardinia, to His Majesty the Emperor of Austria, the Excellency Count de Pozzo di Borgo, Ambassador Extraordinary and Plenipotentiary.   From His Majesty the King of Prussia, to His Majesty the Emperor of Austria, the Excellency Count von Hatzfeldt, Ambassador Extraordinary and Plenipotentiary.   From His Majesty the King of Sardinia, to His Majesty the Emperor of Austria, the Excellency Count de Pozzo di Borgo, Ambassador Extraordinary and Plenipotentiary.   From His Majesty the King of Prussia, to His Majesty the Emperor of Austria, the Excellency Count von Hatzfeldt, Ambassador Extraordinary and Plenipotentiary.   From His Majesty the King of Sardinia, to His Majesty the Emperor of Austria, the Excellency Count de Pozzo di Borgo, Ambassador Extraordinary and Plenipotentiary.   From His Majesty the King of Prussia, to His Majesty the Emperor of Austria, the Excellency Count von Hatzfeldt, Ambassador Extraordinary and Plenipotentiary.   From His Majesty the King of Sardinia, to His Majesty the Emperor of Austria, the Excellency Count de Pozzo di Borgo, Ambassador Extraordinary and Plenipotentiary.   From His Majesty the King of Prussia, to His Majesty the Emperor of Austria, the Excellency Count von Hatzfeldt, Ambassador Extraordinary and Plenipotentiary.   From His Majesty the King of Sardinia, to His Majesty the Emperor of Austria, the Excellency Count de Pozzo di Borgo, Ambassador Extraordinary and Plenipotentiary.   From His Majesty the King of Prussia, to His Majesty the Emperor of Austria, the Excellency Count von Hatzfeldt, Ambassador Extraordinary and Plenipotentiary.   From His Majesty",FALSE,FALSE,FALSE,FALSE,,,,
888870,0.258335471,2,1844-09-21,star,"to be the result of a long and patient inquiry, and appears to be important in principle, as well as applicable to the present case. It is, however, not relevant to the question of the present case, and appears to be the result of a long and patient inquiry, and appears to be important in principle, as well as applicable to the present case. It is, however, not relevant to the question of the present case, and appears to be the result of a long and patient inquiry, and appears to be important in principle, as well as applicable to the present case. It is, however, not relevant to the question of the present case, and appears to be the result of a long and patient inquiry, and appears to be important in principle, as well as applicable to the present case. It is, however, not relevant to the question of the present case, and appears to be the result of a long and patient inquiry, and appears to be important in principle, as well as applicable to the present case. It is, however, not relevant to the question of the present case, and appears to be the result of a long and patient inquiry, and appears to be important in principle, as well as applicable to the present case. It is, however, not relevant to the question of the present case, and appears to be the result of a long and patient inquiry, and appears to be important in principle, as well as applicable to the present case. It is, however, not relevant to the question of the present case, and appears to be the result of a long and patient inquiry, and appears to be important in principle, as well as applicable to the present case. It is, however, not relevant to the question of the present case, and appears to be the result of a long and patient inquiry, and appears to be important in principle, as well as applicable to",FALSE,FALSE,FALSE,FALSE,,,,
1164941,0.267229468,2,1882-07-15,circ,"' To those who require a handbook to Egypt, as it is at the present day, Mr. Stanley Lane-Poole's little work will be very welcome.'—SATURDAY REVIEW.",FALSE,FALSE,FALSE,FALSE,,,,
649561,0.219874814,2,1845-03-29,star,"Tussac Grass.—The Marquis of Downshire communicated the following result of Mr. Blacker's attempt to introduce the cultivation of the Tussac grass into Ireland:—I think it will be interesting to your lordship, and perhaps to others interested in such matters, to know that I have succeeded in getting about eighteen or twenty plants of the Tussac grass from a very small quantity of the seed given me by the Royal Agricultural Improvement Society of Ireland. One might perhaps be deceived in regard to the plant, as its appearance is not known; but, having given a few seeds to different gardeners, and the same plant having made its appearance in each case, I think it may confidently be considered to have been produced from the seed. I am not botanist enough to describe it accurately, but it seems to me to divide in the stem something like the grass commonly called Spritt; but when the leaves part, they seem inclined to grow long, narrow, and pointed; in some degree resembling the leaves of a pink, but in miniature, for none of the plants are above an inch high. Having only ventured a few seeds at the late season I sowed them, I am in hopes to have great success with the remainder.",FALSE,FALSE,FALSE,FALSE,,,,
1176098,0.26632452,2,1882-09-01,circ,"ven in cases of short or obscure titles appearing for the first time opinion on the literary merit of the books; the sole object being to formation concerning the nature of the work as may appear to be required.  Dale (R. W.)—Nine Lectures on Preaching. 4th edit. post 8vo. pp. 302, 6s....Hodder [3380  Dicksion (W. E.)—Practical Organ Building. 2nd edit. revised, with Additions. 12mo. pp. 192, 8s. 6d. and 2s. 6d. (Weale's Rudimentary Series) ......Lockwood [3381  Produced in the belief that no work on the construction of organs, at once short, practical, and accessible to all classes of readers, existed. The writer gives the results of his own experience, and lays down no rules which he has not reduced to practice in his own workshop.  Dorking and Neighbourhood: a Handy Guide to Rambles in the District. 2nd edit. post 8vo. pp. 80, sewed, 9d. (Half-Holiday Handbooks) ......Unwin [3382  Ebers (G.)—Egypt: Descriptive, Historical, and Picturesque. Translated by Clara Bell. Vol. 2. Imp. 4to. 52s. 6d....Cassell [3383",FALSE,FALSE,FALSE,FALSE,,,,
1091838,0.22183536,2,1853-08-27,leader,"The charters of Nova Scotia and Canada give to Lord Stirling, his heirs and assigns, the complete right of fishing within six leagues of the shore, on precisely the coasts which we have relinquished; an extent of coast over three thousand miles in length. The charter of Nova Scotia, after giving the boundaries of the country granted, including New Brunswick, proceeds in these words: ""------ ""Including and comprehending within the said coasts and their circumference, from sea to sea, all the continents, with rivers, brooks, bays, shores, islands, or seas lying near or within six leagues of any part of the same, on the west, north, or east side of the coasts; and from the south-east, where lies Cape Breton, and the south part of the same, where is Cape Sable, all the seas and islands southward within forty leagues of the coasts thereof."" &c. And the charter proceeds to grant to Sir William Alexander, his heirs or assigns, amongst other things, all ""marsh, lakes, waters, fisheries, as well in salt water as in fresh, of royal fishes, as of othours,"" &c. (""maresruss lacubus aquir piscationibus am in aqua salsa quam recenti tum regali piscum quam aliorum""). The charter also refers to undertakings which the grantee may make with ""divers of our subjects and others, who probably shall enter into contracts with him and his heirs, assigns, or deputies, for hunts, fisheries."" &c.",FALSE,FALSE,FALSE,FALSE,,,,
69952,0.147763193,1,1843-09-30,star,"AUDUBON, THE NATURALIST.—Mr. Audubon was born in New Orleans, is now sixty years of age, and resides in New York city, about nine miles up town. The writer had the pleasure of a personal interview with him at St. Louis, in April last, and learned these facts from his own lips. Mr. Audubon is a man about the middle stature; his hair is white with age, and somewhat thin; he combs it back from an ample forehead, his face being sharp at the chin; has grey whiskers, an aquiline nose, and a hazle eye, small, keen, and indicative of great tranquillity, and sweetness of temper, cheerfulness and genius—he is a man of robust constitution, though out of a stout frame. He told me he had not taken a particle of medicine for twenty years; he is capable of any fatigue; can walk thirty-five miles a day with ease, for months; can sleep any where in the open air, endure all climates; his principal food being soaked sea biscuit and molasses; he cannot well masticate meat on account of having lost his teeth, from which he suffers, and is obliged to boil his meat to rags. He wore a dark frock coat, velvet vest, and blue hunting shirt; is very pleasant and agreeable in conversation, and makes one perfectly at ease in his presence. He says a man can live a hundred years with temperate habits; regularity, and attention to diet. He was about starting up the Missouri—said he was entirely done with ornithology; his object now being to classify the American quadrupeds. He was severe on Buffon, whose book he regarded of no authority—said Buffon was a man of wealth, resided in Paris, and wrote his descriptions from dried skins, and drew largely",FALSE,FALSE,FALSE,FALSE,,,,
348245,0.209960565,1,1838-10-27,star,"observed by the discovery of similar phenomena in the University, and which has been noticed by the discovery of similar phenomena in other places. It is a fact which has been observed by the discovery of similar phenomena in the University, and which has been noticed by the discovery of similar phenomena in other places. It is a fact which has been observed by the discovery of similar phenomena in the University, and which has been noticed by the discovery of similar phenomena in other places. It is a fact which has been observed by the discovery of similar phenomena in the University, and which has been noticed by the discovery of similar phenomena in other places. It is a fact which has been observed by the discovery of similar phenomena in the University, and which has been noticed by the discovery of similar phenomena in other places. It is a fact which has been observed by the discovery of similar phenomena in the University, and which has been noticed by the discovery of similar phenomena in other places. It is a fact which has been observed by the discovery of similar phenomena in the University, and which has been noticed by the discovery of similar phenomena in other places. It is a fact which has been observed by the discovery of similar phenomena in the University, and which has been noticed by the discovery of similar phenomena in other places. It is a fact which has been observed by the discovery of similar phenomena in the University, and which has been noticed by the discovery of similar phenomena in other places. It is a fact which has been observed by the discovery of similar phenomena in the University, and which has been noticed by the discovery of similar phenomena in other places. It is a fact which has been observed by the discovery of similar phenomena in the University, and which has been noticed by the discovery of similar phenomena in other places. It is a fact which has been observed by the discovery of similar phenomena in the University, and which has been noticed by the discovery of similar",FALSE,FALSE,FALSE,FALSE,,,,
33862,0.07728453,1,1843-04-29,star,"Such comments as ""the weather will be fine,"" ""it will rain,"" ""the wind will blow,"" &c., are not unfrequently heard, and are often made with the power of fulfilling the prediction. Of these, the first is generally the most correct, and the last the least so. This is easily accounted for, by the fact that the first is made with reference to the general course of nature, and the last with reference to the particular circumstances of the case. The first is made with reference to the general course of nature, and the last with reference to the particular circumstances of the case. The first is made with reference to the general course of nature, and the last with reference to the particular circumstances of the case. The first is made with reference to the general course of nature, and the last with reference to the particular circumstances of the case. The first is made with reference to the general course of nature, and the last with reference to the particular circumstances of the case. The first is made with reference to the general course of nature, and the last with reference to the particular circumstances of the case. The first is made with reference to the general course of nature, and the last with reference to the particular circumstances of the case. The first is made with reference to the general course of nature, and the last with reference to the particular circumstances of the case. The first is made with reference to the general course of nature, and the last with reference to the particular circumstances of the case. The first is made with reference to the general course of nature, and the last with reference to the particular circumstances of the case. The first is made with reference to the general course of nature, and the last with reference to the particular circumstances of the case. The first is made with reference to the general course of nature, and the last with reference to the",FALSE,FALSE,FALSE,FALSE,,,,
1159932,0.172191739,1,1886-05-01,circ,"From the same.—Frequently enough it is right to say that the art of story-telling for children is disappearing; but if books written and illustrated so well as ‘The Joyous Story of Toto’ continue to be published, there can be no fear that young people will not have sufficient amusement. The author in the present case is Laura H. Richards; the artist, E. H. Garrett. Both have done their work so well, and so happily, that the result is an unusually engrossing story which no child who has got over the first stages of reading will be willing to lay down. Parents, and all friends of little folk will find it a capital book for reading aloud.",FALSE,FALSE,FALSE,FALSE,,,,
1155794,0.166852012,1,1888-08-15,circ,"STANDARD CLASSICAL, AND SCIENTIFIC WORKS.  Sophocles.—The Plays and Fragments. With Critical Notes, Commentary, and Translation in English Prose. By R. C. JEFFS, Litt.D., LL.D., Professor of Greek in the University of Glasgow. Part I. Oedipus Tyrannus. School Edition, with Introduction and Commentary, 8vo. Part II. Oedipus Coloneus. Deny 8vo. 12s. 6d. Part III. Antigone. Deny 8vo. 12s. 6d.  The Agamemnon of Aeschylus. With a Translation in English Rhythm, and Notes, Critical and Explanatory. By the Rev. W. HALL, KANEHY, D.D., Regius Professor of Greek, Cambridge. Crown 8vo. 6s.  Pindar.—Olympian and Pythian Odes. With Notes, Explanatory and Critical, Introductions and Introductory Essays. Edited by C. A. M. FRANKL, Litt.D. Crown 8vo. 6s.  Pindar.—The Isthmian and Nemean Odes. By the same Editor. Crown 8vo. 6s.  Euripides.—Bacchae. With Introduction, Critical Notes, and Archaeological Illustrations. By E. P. WEBSTER, Litt.D. Enlarged Edition. Crown 8vo. 12s. 6d.  Aristotle.—Metaphysics. In Greek and English, with Introduction and Notes. By E. WALLACE, M.A., Late Fellow and Tutor of Worcester College, Oxford. Deny 8vo. 18s.  Aristotle.—The Rhetoric. With a Commentary. By the late E. M. CORE, Revised and Edited by J. E. SANDYS, Litt.D. 8 vols. deny 8vo. 31s",FALSE,FALSE,FALSE,FALSE,,,,
299945,0.19160983,1,1843-12-02,star,"little babe of mine, That was a joy to me; But now I'm left a widow lone, And my babe is dead, you see.  XXXIII.  I had a little babe of mine, That was a joy to me; But now I'm left a widow lone, And my babe is dead, you see.  XXXIV.  I had a little babe of mine, That was a joy to me; But now I'm left a widow lone, And my babe is dead, you see.  XXXV.  I had a little babe of mine, That was a joy to me; But now I'm left a widow lone, And my babe is dead, you see.  XXXVI.  I had a little babe of mine, That was a joy to me; But now I'm left a widow lone, And my babe is dead, you see.  XXXVII.  I had a little babe of mine, That was a joy to me; But now I'm left a widow lone, And my babe is dead, you see.  XXXVIII.  I had a little babe of mine, That was a joy to me; But now I'm left a widow lone, And my babe is dead, you see.  XXXIX.  I had a little babe of mine, That was a joy to me; But now I'm left a widow lone, And my babe is dead, you see.  XL.  I had a little babe of mine, That was a joy to me; But now I'm left a widow lone, And my babe is dead, you see.  XLI.  I had a little babe of mine, That was a joy to me; But now I'm left a widow lone, And my babe is dead, you see.  XLII.  I had a little babe of mine, That",FALSE,FALSE,FALSE,FALSE,,,,
1153472,0.196803346,1,1882-06-01,circ,"|| Christie's Old Organ: or, Home, Sweet Home. By the same Author. Imperial 8vo. Unabridged. With Illustrations. Price One Penny.",FALSE,FALSE,FALSE,FALSE,,,,
63695,0.102804169,1,1849-06-02,star,"tooth-ache, and to be particularly useful in the case of abscessed teeth. The method is said to be the result of many years of experiment, and to be the only method that has been found to be successful. The price of the patent is 10s. 6d.  A NEW AND IMPROVED METHOD of preserving the freshness of fruits and vegetables, has been invented by JOHN WILLIAMS, Esq. of London, and the patent has been obtained. The method is said to be perfectly simple, and to require no special apparatus. It is said to be applicable to all kinds of fruits and vegetables, and to be particularly useful in the preservation of strawberries, raspberries, and other soft fruits. The method is said to be the result of many years of experiment, and to be the only method that has been found to be successful. The price of the patent is 10s. 6d.  A NEW AND IMPROVED METHOD of curing tooth-ache, has been invented by JOHN WILLIAMS, Esq. of London, and the patent has been obtained. The method is said to be perfectly simple, and to require no special apparatus. It is said to be applicable to all kinds of tooth-ache, and to be particularly useful in the case of abscessed teeth. The method is said to be the result of many years of experiment, and to be the only method that has been found to be successful. The price of the patent is 10s. 6d.  A NEW AND IMPROVED METHOD of preserving the freshness of fruits and vegetables, has been invented by JOHN WILLIAMS, Esq. of London, and the patent has been obtained. The method is said to be perfectly simple, and to require no special apparatus. It is said to be applicable to all kinds of fruits and vegetables, and to be particularly useful in the preservation of strawberries, raspberries, and other soft fruits. The",FALSE,FALSE,FALSE,FALSE,,,,
1269957,0.207719386,1,1808-03-02,repo,"""Those who wish still to maintain the reality of the miraculous conception ought to remember, that it is not to be done by outcry and clamour, by their declaring against, and censuring their opponents; that it is incumbent on them to reconcile it with the Jewish prophecies, with the unquestionable facts and plain declarations of the New Testament at large; to shew that it rests on credible authority, and that the chapters where it is stated are consistent with genuine history. They ought also to prove its utility, and to account for the silence of Jesus and his apostles on the subject. May every inquiry be conducted with candour, and may truth bear away the victory !"" P. 34.",FALSE,FALSE,FALSE,FALSE,,,,
1235562,0.140644968,1,1824-05-02,repo,"Still it must be acknowledged, that however plausible the foregoing reasonings may appear, they rest upon assumed facts; and that it is reasonable to believe that those who were enabled by their intimacy with the counsels of God, to foretell so many events which have actually come to pass, were much more likely to know what will be the destiny of mankind, than such shortsighted and shallow-minded mortals as",FALSE,FALSE,FALSE,FALSE,,,,